ligand,Ligand,Ligand,Ligand,Ligand,Ligand,Ligand,Ligand,Ligand,Ligand,Ligand,Ligand,Ligand,Ligand,Ligand,Ligand,Ligand,Ligand,Ligand,Ligand,Ligand,Ligand,Ligand,Ligand,Ligand,Ligand,Ligand,Ligand,Ligand,Ligand,Ligand,Ligand,Ligand,Ligand,Ligand,Ligand,Ligand,Ligand,Ligand,Ligand,Ligand,Ligand,Ligand,Ligand,Ligand
protein,ALA423.P,ALA423.P,ALA77.P,ALA81.P,ASP421.P,ASP421.P,ASP421.P,ASP79.P,ASP79.P,ASP79.P,ASP79.P,GLY153.P,GLY323.P,GLY425.P,GLY426.P,LEU322.P,LEU322.P,MET427.P,MET427.P,PHE320.P,PHE320.P,PHE320.P,PHE320.P,PHE326.P,PHE326.P,PHE326.P,PHE76.P,PHE76.P,PHE76.P,PHE76.P,PHE76.P,SER149.P,SER321.P,SER321.P,SER422.P,TYR156.P,TYR156.P,TYR156.P,TYR156.P,VAL152.P,VAL152.P,VAL328.P,VAL328.P,VAL430.P
interaction,Hydrophobic,VdWContact,VdWContact,Hydrophobic,Cationic,Hydrophobic,VdWContact,Cationic,HBDonor,Hydrophobic,VdWContact,VdWContact,VdWContact,VdWContact,VdWContact,HBDonor,VdWContact,Hydrophobic,VdWContact,CationPi,HBDonor,Hydrophobic,VdWContact,Hydrophobic,PiStacking,VdWContact,CationPi,HBDonor,Hydrophobic,PiStacking,VdWContact,VdWContact,HBDonor,VdWContact,VdWContact,HBAcceptor,Hydrophobic,PiStacking,VdWContact,Hydrophobic,VdWContact,Hydrophobic,VdWContact,Hydrophobic
Frame,,,,,,,,,,,,,,,,,,,,,,,,,,,,,,,,,,,,,,,,,,,,
0,,0,0,,0.0,0.0,0.0,1,0,1,1,0,1,1,0,0.0,1,,,,0,1,1,1,,1,0.0,0.0,1,,1,0,0.0,1,0,0.0,1,,1,1,0,0,0,
1,,0,0,,0.0,0.0,0.0,1,1,0,1,0,0,1,1,0.0,0,,,,0,1,1,1,,1,0.0,0.0,1,,1,1,0.0,1,1,0.0,1,,1,1,0,0,1,
2,,0,0,,0.0,0.0,0.0,1,1,1,1,0,1,0,1,0.0,0,,,,1,1,1,1,,0,0.0,0.0,1,,1,0,0.0,1,0,0.0,1,,1,1,1,0,0,
3,,0,0,,0.0,0.0,0.0,1,1,0,1,0,0,0,1,0.0,0,,,,1,1,1,1,,0,0.0,0.0,1,,1,1,0.0,1,1,0.0,1,,1,1,1,0,0,
4,,0,0,,0.0,0.0,0.0,1,1,1,1,0,1,0,0,0.0,1,,,,1,1,1,1,,0,0.0,0.0,1,,1,0,0.0,1,1,0.0,1,,0,1,0,0,0,
5,,0,0,,0.0,0.0,0.0,1,1,1,1,0,1,0,0,0.0,1,,,,1,1,1,1,,0,0.0,0.0,1,,1,1,0.0,1,0,0.0,1,,0,1,1,1,0,
6,,0,0,,0.0,0.0,0.0,1,1,1,1,1,0,0,0,0.0,1,,,,1,1,1,1,,0,0.0,0.0,1,,1,1,0.0,1,0,0.0,1,,0,1,0,0,0,
7,,0,0,,0.0,0.0,0.0,1,1,1,1,0,0,0,0,0.0,1,,,,1,1,1,1,,0,0.0,0.0,1,,1,0,0.0,1,1,0.0,1,,1,1,1,0,0,
8,,0,0,,0.0,0.0,0.0,1,1,1,1,0,1,0,1,0.0,0,,,,1,1,1,1,,0,0.0,0.0,0,,0,1,0.0,1,1,0.0,1,,0,1,1,0,0,
9,,0,0,,0.0,0.0,0.0,1,1,1,1,0,0,0,0,0.0,0,,,,1,1,1,1,,0,0.0,0.0,1,,1,1,0.0,1,1,0.0,1,,0,1,1,0,0,
10,,0,0,,0.0,0.0,0.0,1,1,1,1,1,1,0,1,0.0,0,,,,1,1,1,1,,0,0.0,0.0,1,,1,1,0.0,1,1,0.0,1,,1,1,1,0,0,
11,,0,0,,0.0,0.0,0.0,1,1,1,1,0,0,0,0,0.0,0,,,,0,1,1,1,,0,0.0,1.0,1,,1,0,0.0,1,0,0.0,1,,1,1,1,0,0,
12,,0,0,,0.0,0.0,0.0,1,1,1,1,0,0,0,1,0.0,1,,,,1,1,1,1,,0,0.0,0.0,1,,1,0,0.0,0,0,0.0,1,,0,1,1,1,0,
13,,0,0,,0.0,0.0,0.0,1,1,1,1,0,1,0,0,0.0,1,,,,1,1,1,1,,0,0.0,0.0,1,,1,0,0.0,1,1,0.0,1,,0,1,1,0,0,
14,,0,0,,0.0,0.0,0.0,1,1,1,1,0,0,0,1,0.0,0,,,,1,1,1,1,,0,0.0,0.0,1,,1,1,0.0,1,1,0.0,1,,0,1,1,0,0,
15,,0,0,,0.0,0.0,0.0,1,1,0,1,0,0,0,0,0.0,1,,,,1,1,1,1,,0,0.0,0.0,1,,1,1,0.0,0,1,0.0,1,,0,1,1,0,0,
16,,0,0,,0.0,0.0,0.0,1,1,1,1,0,0,0,1,0.0,1,,,,1,1,1,1,,0,0.0,0.0,1,,1,1,0.0,0,1,0.0,1,,1,1,1,0,0,
17,,0,0,,0.0,0.0,0.0,1,1,1,1,0,0,0,1,0.0,1,,,,1,1,1,1,,0,0.0,0.0,1,,1,1,0.0,1,1,0.0,1,,0,1,1,0,0,
18,,0,0,,0.0,0.0,0.0,1,1,1,1,0,1,0,0,0.0,1,,,,1,1,1,1,,0,0.0,0.0,1,,1,1,0.0,1,0,0.0,1,,1,1,1,0,0,
19,,0,0,,0.0,0.0,0.0,1,1,1,1,0,0,0,0,0.0,0,,,,1,1,1,1,,0,0.0,0.0,1,,1,0,0.0,1,1,0.0,1,,0,1,1,0,0,
20,,0,0,,0.0,0.0,0.0,1,1,1,1,0,0,0,0,0.0,0,,,,1,1,1,1,,1,0.0,0.0,1,,1,1,0.0,1,0,0.0,1,,0,1,0,0,0,
21,,0,0,,0.0,0.0,0.0,1,1,1,1,0,0,0,1,0.0,1,,,,1,1,1,1,,0,0.0,0.0,1,,1,1,0.0,1,1,0.0,1,,1,1,1,0,0,
22,,0,0,,0.0,0.0,0.0,1,1,1,1,0,0,0,1,0.0,1,,,,1,1,1,1,,1,0.0,0.0,0,,1,1,0.0,1,0,0.0,1,,1,1,1,0,0,
23,,0,0,,0.0,0.0,0.0,1,1,1,1,0,0,0,1,0.0,0,,,,1,1,1,1,,0,0.0,0.0,1,,1,1,0.0,0,1,0.0,1,,1,1,1,0,0,
24,,0,0,,0.0,0.0,0.0,1,1,1,1,0,1,0,1,0.0,0,,,,1,1,1,1,,1,0.0,0.0,1,,1,1,0.0,1,1,0.0,1,,0,1,1,0,0,
25,,0,0,,0.0,0.0,0.0,1,1,1,1,0,0,0,1,0.0,1,,,,1,1,1,1,,1,0.0,0.0,1,,1,1,0.0,1,0,0.0,1,,1,1,1,0,0,
26,,0,0,,0.0,0.0,0.0,1,1,1,1,0,0,0,1,0.0,1,,,,1,1,1,1,,1,0.0,0.0,1,,1,1,0.0,1,1,0.0,1,,0,1,1,0,0,
27,,1,0,,0.0,0.0,0.0,1,1,1,1,0,0,0,0,0.0,0,,,,1,1,1,1,,1,0.0,0.0,0,,1,1,0.0,0,1,0.0,1,,0,1,1,0,0,
28,,0,0,,0.0,0.0,0.0,1,1,0,1,1,1,0,1,0.0,0,,,,1,1,1,1,,1,0.0,0.0,1,,1,1,0.0,1,1,0.0,1,,1,1,0,0,0,
29,,0,0,,0.0,0.0,0.0,1,1,1,1,0,1,0,0,0.0,0,,,,1,1,1,1,,1,0.0,0.0,0,,0,1,0.0,0,1,0.0,1,,1,1,1,0,0,
30,,1,0,,0.0,0.0,0.0,1,1,1,1,0,0,0,1,0.0,0,,,,1,1,1,1,,1,0.0,0.0,1,,1,0,0.0,1,1,0.0,1,,0,1,0,0,0,
31,,0,0,,0.0,0.0,0.0,1,1,1,1,0,0,0,1,0.0,0,,,,1,1,1,1,,0,0.0,0.0,1,,1,1,0.0,1,0,0.0,1,,0,1,0,0,0,
32,,0,0,,0.0,0.0,0.0,1,1,0,1,0,0,0,1,0.0,1,,,,1,1,1,1,,0,0.0,0.0,1,,1,1,0.0,1,1,0.0,1,,1,1,1,0,0,
33,,0,0,,0.0,0.0,0.0,1,1,0,1,1,1,0,1,0.0,1,,,,1,1,1,1,,0,0.0,0.0,1,,1,1,0.0,0,1,0.0,1,,0,1,1,0,0,
34,,0,0,,0.0,0.0,0.0,1,1,0,1,0,1,0,1,0.0,1,,,,1,1,1,1,,1,0.0,0.0,1,,1,1,0.0,1,1,0.0,1,,1,1,0,0,0,
35,,0,0,,0.0,0.0,0.0,1,1,1,1,0,0,0,0,0.0,1,,,,1,1,1,1,,1,0.0,0.0,1,,1,1,0.0,1,0,0.0,1,,1,1,1,1,0,
36,,0,0,,0.0,0.0,0.0,1,1,1,1,0,1,0,1,0.0,0,,,,1,1,1,1,,1,0.0,0.0,1,,1,0,0.0,1,0,0.0,1,,1,1,1,1,1,
37,,0,0,,0.0,0.0,0.0,1,1,1,1,0,1,0,1,0.0,1,,,,1,1,1,1,,1,0.0,0.0,1,,1,1,0.0,1,0,0.0,1,,1,1,1,1,0,
38,,0,0,,0.0,0.0,0.0,1,1,1,1,0,0,0,1,0.0,0,,,,1,1,1,1,,1,0.0,0.0,1,,1,1,0.0,1,1,0.0,1,,1,1,1,1,0,
39,,0,0,,0.0,0.0,0.0,1,1,1,1,0,1,0,0,0.0,1,,,,1,1,1,1,,1,0.0,0.0,1,,1,1,0.0,1,0,0.0,1,,1,1,1,1,0,
40,,0,0,,0.0,0.0,0.0,1,1,1,1,0,0,0,1,0.0,0,,,,0,1,1,1,,0,0.0,1.0,1,,1,1,0.0,1,0,0.0,1,,1,1,1,1,0,
41,,0,0,,0.0,0.0,0.0,1,1,1,1,0,0,0,0,0.0,1,,,,0,1,0,1,,0,0.0,1.0,1,,1,1,0.0,1,0,0.0,1,,1,1,0,1,1,
42,,0,0,,0.0,0.0,0.0,1,1,1,1,0,0,0,0,0.0,0,,,,0,1,1,1,,1,0.0,1.0,1,,1,1,0.0,1,0,0.0,1,,1,1,1,0,0,
43,,0,0,,0.0,0.0,0.0,1,1,1,1,0,0,0,1,0.0,1,,,,0,1,1,1,,0,1.0,1.0,1,,1,1,0.0,1,0,0.0,1,,1,1,0,1,0,
44,,0,0,,0.0,0.0,0.0,1,1,1,1,0,1,0,1,0.0,1,,,,0,1,1,1,,1,0.0,0.0,0,,1,1,1.0,1,1,0.0,1,,1,1,1,1,0,
45,,0,0,,0.0,0.0,0.0,1,1,1,0,0,0,0,1,0.0,1,,,,0,1,1,1,,1,0.0,0.0,0,,0,1,0.0,1,1,1.0,1,,1,1,1,1,1,
46,,0,0,,0.0,0.0,0.0,1,1,1,1,0,1,0,0,0.0,1,,,,1,1,1,1,,1,0.0,0.0,0,,1,1,0.0,1,0,0.0,1,,1,1,0,1,0,
47,,0,0,,0.0,0.0,0.0,1,1,1,1,0,1,0,0,0.0,0,,,,1,1,1,1,,0,0.0,0.0,0,,1,1,0.0,1,0,0.0,1,,1,1,1,1,0,
48,,0,1,,0.0,0.0,0.0,1,1,1,1,0,1,0,1,0.0,1,,,,1,1,1,1,,0,0.0,0.0,0,,1,1,0.0,1,0,0.0,1,,1,1,0,1,0,
49,,0,0,,0.0,0.0,0.0,1,1,1,1,0,1,0,1,0.0,0,,,,1,1,1,1,,0,0.0,0.0,0,,1,1,0.0,1,0,0.0,1,,1,1,1,1,0,
50,,0,0,,0.0,0.0,0.0,1,1,1,1,0,1,0,0,0.0,1,,,,0,1,1,1,,0,0.0,0.0,0,,1,1,0.0,1,0,0.0,1,,1,1,1,1,0,
51,,0,0,,0.0,0.0,0.0,1,1,1,1,0,0,0,0,0.0,0,,,,1,1,1,1,,1,0.0,0.0,1,,0,1,0.0,1,1,0.0,1,,1,1,1,1,0,
52,,0,0,,0.0,0.0,0.0,1,1,1,1,0,1,0,1,0.0,0,,,,0,1,1,1,,1,0.0,0.0,1,,1,1,0.0,1,0,0.0,1,,1,1,1,1,0,
53,,0,0,,0.0,0.0,0.0,1,1,1,1,0,0,0,1,0.0,0,,,,1,1,1,1,,0,0.0,0.0,1,,1,1,0.0,1,0,0.0,1,,1,1,1,0,0,
54,,0,0,,0.0,0.0,0.0,1,1,1,1,0,0,0,0,0.0,0,,,,1,1,1,1,,0,0.0,0.0,1,,1,1,0.0,1,0,0.0,1,,1,1,1,0,0,
55,,0,0,,0.0,0.0,0.0,1,0,1,1,0,0,0,0,0.0,1,,,,1,1,1,1,,1,0.0,0.0,1,,1,1,0.0,1,0,0.0,1,,1,1,0,1,0,
56,,0,0,,0.0,0.0,0.0,1,1,1,1,0,0,0,1,0.0,1,,,,1,1,1,1,,1,0.0,0.0,1,,1,1,0.0,1,0,0.0,1,,1,1,1,1,0,
57,,0,0,,0.0,0.0,0.0,1,0,1,1,0,0,0,0,0.0,1,,,,1,1,1,1,,1,0.0,0.0,1,,1,1,0.0,0,0,0.0,1,,0,1,1,0,0,
58,,0,0,,0.0,0.0,0.0,1,1,1,1,0,1,0,1,0.0,0,,,,1,1,1,1,,1,0.0,0.0,1,,1,1,0.0,1,1,0.0,1,,1,1,1,1,0,
59,,0,0,,0.0,0.0,0.0,1,1,1,1,0,0,0,0,0.0,1,,,,1,1,1,1,,1,0.0,0.0,1,,0,1,0.0,1,1,0.0,1,,1,1,0,0,0,
60,,0,0,,0.0,0.0,0.0,1,1,1,1,0,0,0,1,0.0,0,,,,1,1,1,1,,1,0.0,0.0,1,,1,1,0.0,1,0,0.0,1,,1,1,1,0,0,
61,,0,1,,0.0,0.0,0.0,1,1,1,1,0,0,0,0,0.0,0,,,,0,1,1,1,,0,0.0,0.0,1,,1,1,0.0,1,0,0.0,1,,1,1,1,1,0,
62,,0,0,,0.0,0.0,0.0,1,1,1,1,0,0,0,1,0.0,1,,,,1,1,1,1,,0,0.0,0.0,1,,1,1,0.0,1,1,0.0,1,,1,1,1,1,0,
63,,0,1,,0.0,0.0,0.0,1,1,1,1,0,0,0,1,0.0,0,,,,1,1,1,1,,0,0.0,0.0,1,,1,1,0.0,1,0,0.0,1,,1,1,1,1,0,
64,,0,0,,0.0,0.0,0.0,1,1,1,1,0,0,0,1,0.0,1,,,,0,1,1,1,,1,0.0,1.0,1,,1,1,0.0,1,0,0.0,1,,1,1,1,0,0,
65,,0,0,,0.0,0.0,0.0,1,1,1,1,0,1,0,0,0.0,1,,,,1,1,1,1,,1,0.0,0.0,1,,1,1,0.0,1,1,0.0,1,,1,1,1,0,0,
66,,0,0,,0.0,0.0,0.0,1,1,1,1,0,1,0,1,0.0,0,,,,1,1,1,1,,0,0.0,0.0,1,,1,1,0.0,1,1,0.0,1,,1,1,1,0,0,
67,,0,0,,0.0,0.0,0.0,1,1,1,1,0,1,0,1,0.0,1,,,,1,1,1,1,,1,0.0,0.0,1,,1,0,0.0,1,0,0.0,1,,1,1,1,0,0,
68,,0,0,,0.0,0.0,0.0,1,1,1,1,0,0,0,0,0.0,1,,,,1,1,1,1,,0,0.0,0.0,1,,1,1,0.0,0,0,0.0,1,,1,1,1,0,0,
69,,0,0,,0.0,0.0,0.0,1,1,1,1,0,0,0,0,0.0,0,,,,1,1,1,1,,1,0.0,0.0,1,,1,1,0.0,1,0,0.0,1,,1,1,1,0,0,
70,,0,0,,0.0,0.0,0.0,1,1,1,1,0,0,0,1,0.0,1,,,,1,1,1,1,,0,0.0,0.0,1,,1,1,0.0,1,0,0.0,1,,1,1,1,1,0,
71,,0,1,,0.0,0.0,0.0,1,1,1,1,0,1,0,1,0.0,1,,,,1,1,1,1,,1,0.0,0.0,1,,1,1,0.0,0,0,0.0,1,,1,1,1,0,0,
72,,0,0,,0.0,0.0,0.0,1,1,1,1,0,0,0,1,0.0,0,,,,1,1,1,1,,1,0.0,0.0,1,,1,1,0.0,1,1,0.0,1,,1,1,1,0,0,
73,,0,1,,0.0,0.0,0.0,1,1,1,1,0,1,0,1,0.0,0,,,,1,1,1,1,,1,0.0,0.0,1,,1,1,0.0,1,0,0.0,1,,1,1,1,0,0,
74,,0,0,,0.0,0.0,0.0,1,1,1,1,0,0,0,1,0.0,0,,,,1,1,1,1,,1,0.0,0.0,1,,1,1,0.0,1,0,0.0,1,,1,1,1,0,0,
75,,0,0,,0.0,0.0,0.0,1,1,1,1,0,1,0,0,0.0,0,,,,1,1,1,1,,0,1.0,0.0,1,,1,1,0.0,1,0,0.0,1,,1,1,1,0,0,
76,,0,1,,0.0,0.0,0.0,1,1,1,1,0,0,0,1,0.0,0,,,,1,1,1,1,,0,0.0,0.0,1,,1,0,0.0,1,0,0.0,1,,1,1,1,0,0,
77,,0,0,,0.0,0.0,0.0,1,1,1,1,0,1,0,1,0.0,0,,,,1,1,1,1,,1,0.0,0.0,1,,1,1,0.0,1,0,0.0,1,,1,1,1,0,0,
78,,0,0,,0.0,0.0,0.0,1,1,1,1,0,0,0,1,0.0,0,,,,1,1,1,1,,1,0.0,0.0,1,,1,1,0.0,1,1,0.0,1,,1,1,1,0,0,
79,,0,0,,0.0,0.0,0.0,1,1,1,1,0,0,0,0,0.0,0,,,,1,1,1,1,,0,0.0,0.0,1,,0,1,0.0,0,0,0.0,1,,1,1,1,0,0,
80,,0,0,,0.0,0.0,0.0,1,1,1,1,0,0,0,0,0.0,0,,,,1,1,1,1,,0,0.0,0.0,1,,1,1,0.0,1,1,0.0,1,,1,1,1,0,0,
81,,0,0,,0.0,0.0,0.0,1,1,1,1,0,1,0,0,0.0,0,,,,1,1,1,1,,1,0.0,0.0,1,,1,1,0.0,1,1,0.0,1,,1,1,1,0,0,
82,,0,0,,0.0,0.0,0.0,1,1,1,1,0,0,0,1,0.0,0,,,,1,1,1,1,,0,0.0,0.0,1,,1,1,0.0,1,0,0.0,1,,1,1,1,0,0,
83,,0,0,,0.0,0.0,0.0,1,1,1,1,0,1,0,1,0.0,1,,,,1,1,1,1,,1,0.0,0.0,1,,1,1,0.0,1,0,0.0,1,,1,1,1,1,0,
84,,0,1,,0.0,0.0,0.0,1,1,1,1,0,1,0,0,0.0,0,,,,1,1,1,1,,0,0.0,0.0,1,,1,1,0.0,1,0,0.0,1,,1,1,1,0,0,
85,,0,0,,0.0,0.0,0.0,1,1,1,1,0,1,0,1,0.0,1,,,,1,1,1,1,,1,0.0,0.0,1,,1,1,0.0,1,0,0.0,1,,1,1,1,1,0,
86,,0,0,,0.0,0.0,0.0,1,1,1,1,0,1,0,1,0.0,0,,,,1,1,1,1,,1,0.0,0.0,1,,1,1,0.0,1,0,0.0,1,,1,1,1,1,0,
87,,0,0,,0.0,0.0,0.0,1,1,1,1,0,1,0,1,0.0,0,,,,1,1,1,1,,1,0.0,0.0,1,,1,1,0.0,1,0,0.0,1,,1,1,0,1,0,
88,,0,0,,0.0,0.0,0.0,1,1,1,1,0,0,0,1,0.0,0,,,,1,1,1,1,,1,0.0,0.0,1,,0,0,0.0,1,0,0.0,1,,1,1,1,1,0,
89,,0,0,,0.0,0.0,0.0,1,1,1,1,0,0,0,1,0.0,0,,,,1,1,1,1,,1,0.0,0.0,1,,1,1,0.0,1,1,0.0,1,,1,1,1,0,0,
90,,0,1,,0.0,0.0,0.0,1,1,1,1,0,1,0,1,0.0,0,,,,1,1,1,1,,0,0.0,0.0,1,,1,0,0.0,1,0,0.0,1,,1,1,1,0,0,
91,,0,1,,0.0,0.0,0.0,1,1,1,1,0,0,0,1,0.0,0,,,,1,1,1,1,,1,0.0,0.0,1,,1,1,0.0,1,0,0.0,1,,1,1,1,1,0,
92,,0,0,,0.0,0.0,0.0,1,1,1,1,1,0,0,1,0.0,1,,,,1,1,1,1,,1,0.0,0.0,1,,1,1,0.0,1,1,0.0,1,,1,1,1,0,0,
93,,0,0,,0.0,0.0,0.0,1,1,1,1,0,1,0,1,0.0,1,,,,0,1,1,1,,1,0.0,0.0,1,,1,1,0.0,0,1,0.0,1,,1,1,0,1,0,
94,,0,0,,0.0,0.0,0.0,1,1,1,1,0,1,0,1,0.0,0,,,,1,1,1,1,,1,0.0,0.0,1,,1,1,0.0,1,0,0.0,1,,1,1,1,0,0,
95,,0,0,,0.0,0.0,0.0,1,1,1,1,0,0,0,1,0.0,0,,,,1,1,1,1,,0,0.0,0.0,1,,1,1,0.0,1,1,0.0,1,,1,1,1,0,0,
96,,0,0,,0.0,0.0,0.0,1,1,1,1,0,0,0,1,0.0,0,,,,1,1,1,1,,1,0.0,0.0,1,,1,1,0.0,1,0,0.0,1,,1,1,0,0,0,
97,,0,0,,0.0,0.0,0.0,1,1,1,1,0,1,0,1,0.0,0,,,,1,1,1,1,,1,0.0,0.0,1,,1,1,0.0,1,0,0.0,1,,1,1,1,0,0,
98,,0,0,,0.0,0.0,0.0,1,1,1,1,0,1,0,1,0.0,0,,,,1,1,1,1,,1,0.0,0.0,1,,1,1,0.0,0,1,0.0,1,,1,1,1,1,0,
99,,0,0,,0.0,0.0,0.0,1,1,1,1,0,1,0,1,0.0,0,,,,1,1,1,1,,1,0.0,0.0,1,,1,1,0.0,1,1,0.0,1,,1,1,1,0,0,
100,,0,0,,0.0,0.0,0.0,1,1,1,1,0,1,0,1,0.0,1,,,,1,1,1,1,,1,0.0,0.0,1,,1,0,0.0,0,0,0.0,1,,1,1,0,0,0,
101,,0,0,,0.0,0.0,0.0,1,1,1,1,0,1,0,1,0.0,0,,,,1,1,1,1,,1,0.0,0.0,1,,1,1,0.0,1,0,0.0,1,,1,1,1,1,0,
102,,0,0,,0.0,0.0,0.0,1,1,1,1,0,0,0,1,0.0,1,,,,1,1,1,1,,0,0.0,0.0,1,,1,1,0.0,0,1,0.0,1,,1,1,1,0,0,
103,,0,0,,0.0,0.0,0.0,1,1,1,1,0,0,0,1,0.0,1,,,,1,1,1,1,,1,0.0,0.0,1,,1,1,0.0,1,0,0.0,1,,1,1,1,1,0,
104,,0,0,,0.0,0.0,0.0,1,1,1,1,0,0,0,1,0.0,1,,,,1,1,1,1,,1,0.0,0.0,1,,1,1,0.0,1,0,0.0,1,,1,1,0,0,0,
105,,0,0,,0.0,0.0,0.0,1,1,1,1,0,1,0,1,0.0,0,,,,1,1,1,1,,0,0.0,0.0,1,,1,1,0.0,1,1,0.0,1,,1,1,1,1,0,
106,,0,0,,0.0,0.0,0.0,1,1,1,1,0,0,0,0,0.0,0,,,,1,1,1,1,,1,0.0,0.0,0,,1,1,0.0,1,1,0.0,1,,1,1,1,0,0,
107,,0,0,,0.0,0.0,0.0,1,1,1,1,0,0,0,1,0.0,1,,,,1,1,1,1,,1,0.0,0.0,1,,1,1,0.0,1,0,0.0,1,,1,1,1,0,0,
108,,0,1,,0.0,0.0,0.0,1,1,1,1,0,0,0,1,0.0,1,,,,0,1,1,1,,1,0.0,0.0,1,,1,1,1.0,1,0,0.0,1,,1,1,1,0,0,
109,,0,0,,0.0,0.0,0.0,1,1,1,1,0,1,0,1,0.0,0,,,,0,1,1,1,,1,0.0,0.0,1,,1,1,0.0,1,1,0.0,1,,1,1,1,0,0,
110,,0,0,,0.0,0.0,0.0,1,1,1,1,0,0,0,1,0.0,1,,,,1,1,1,1,,0,0.0,0.0,1,,1,1,0.0,1,0,0.0,1,,1,1,1,0,0,
111,,0,0,,0.0,0.0,0.0,1,1,1,1,0,0,0,1,0.0,1,,,,1,1,1,1,,1,0.0,0.0,1,,1,1,0.0,1,0,0.0,1,,1,1,1,0,0,
112,,0,1,,0.0,0.0,0.0,1,1,1,1,0,0,0,0,0.0,0,,,,0,1,1,1,,0,1.0,1.0,1,,1,1,0.0,0,0,0.0,1,,1,1,1,0,0,
113,,0,0,,0.0,0.0,0.0,1,1,1,1,0,1,0,1,0.0,0,,,,1,1,1,1,,1,0.0,0.0,1,,1,1,0.0,1,1,0.0,1,,1,1,1,0,0,
114,,0,0,,0.0,0.0,0.0,1,1,1,1,0,1,0,1,0.0,1,,,,1,1,1,1,,1,0.0,0.0,1,,1,1,0.0,1,0,0.0,1,,1,1,1,0,0,
115,,0,0,,0.0,0.0,0.0,1,1,1,1,0,0,0,1,0.0,0,,,,1,1,1,1,,0,0.0,0.0,1,,1,0,0.0,1,1,0.0,1,,1,1,0,0,0,
116,,0,0,,0.0,0.0,0.0,1,1,1,1,0,0,0,1,0.0,0,,,,1,1,1,1,,1,0.0,0.0,1,,1,1,0.0,1,0,0.0,1,,1,1,1,0,0,
117,,0,0,,0.0,0.0,0.0,1,1,1,1,0,1,0,1,0.0,0,,,,1,1,1,1,,1,0.0,0.0,1,,1,1,0.0,0,0,0.0,1,,1,1,1,1,0,
118,,0,0,,0.0,0.0,0.0,1,0,1,1,0,0,0,1,0.0,0,,,,0,0,0,1,,0,1.0,0.0,1,,1,1,0.0,1,1,0.0,1,,1,1,1,0,0,
119,,0,1,,0.0,0.0,0.0,1,1,1,1,0,0,0,0,0.0,0,,,,0,1,0,1,,0,1.0,1.0,1,,1,1,0.0,1,0,0.0,1,,1,1,1,0,0,
120,,0,1,,0.0,0.0,0.0,1,1,1,1,0,1,0,0,0.0,1,,,,1,1,1,1,,1,0.0,0.0,1,,1,1,0.0,1,0,0.0,1,,1,1,1,1,0,
121,,0,1,,0.0,0.0,0.0,1,1,1,1,0,1,0,1,0.0,1,,,,0,1,0,1,,1,0.0,0.0,1,,1,1,0.0,1,0,0.0,1,,1,1,1,0,0,
122,,0,0,,0.0,0.0,0.0,1,1,1,1,1,1,0,1,0.0,0,,,,1,1,1,1,,1,0.0,0.0,1,,1,1,0.0,1,1,0.0,1,,1,1,1,0,0,
123,,0,0,,0.0,0.0,0.0,1,1,1,1,0,1,0,1,0.0,0,,,,1,1,1,1,,0,0.0,0.0,1,,1,1,0.0,1,0,0.0,1,,1,1,1,0,0,
124,,0,0,,0.0,0.0,0.0,1,1,1,1,0,0,0,0,0.0,0,,,,1,1,1,1,,0,0.0,0.0,1,,1,1,0.0,1,1,0.0,1,,1,1,1,0,0,
125,,0,0,,0.0,0.0,0.0,1,1,1,1,0,1,0,1,0.0,0,,,,1,1,1,1,,0,0.0,0.0,1,,1,1,0.0,1,0,0.0,1,,1,1,1,0,0,
126,,0,1,,0.0,0.0,0.0,1,1,1,1,0,0,0,0,0.0,1,,,,1,1,1,1,,1,0.0,0.0,1,,1,1,0.0,1,0,0.0,1,,1,0,0,1,0,
127,,0,0,,0.0,0.0,0.0,1,1,1,1,0,1,0,0,0.0,0,,,,1,1,1,1,,1,0.0,0.0,1,,0,1,0.0,0,1,0.0,1,,1,1,0,0,0,
128,,0,0,,0.0,0.0,0.0,1,1,1,1,0,0,0,1,0.0,0,,,,1,1,1,1,,1,0.0,0.0,1,,1,1,0.0,0,1,0.0,1,,1,1,1,0,0,
129,,0,0,,0.0,0.0,0.0,1,1,1,1,1,1,0,1,0.0,1,,,,0,1,1,1,,1,0.0,0.0,1,,1,1,0.0,0,0,0.0,1,,1,1,1,0,0,
130,,0,0,,0.0,0.0,0.0,1,1,1,1,0,0,0,1,0.0,0,,,,1,1,1,1,,0,0.0,0.0,1,,1,1,0.0,1,0,0.0,1,,1,1,1,0,0,
131,,0,0,,0.0,0.0,0.0,1,1,1,1,0,0,0,1,0.0,0,,,,1,1,1,1,,0,0.0,0.0,1,,1,1,0.0,1,0,0.0,1,,0,1,1,0,0,
132,,0,0,,0.0,0.0,0.0,1,1,1,1,0,0,0,1,0.0,0,,,,1,1,1,1,,1,0.0,0.0,1,,1,1,0.0,1,0,0.0,1,,1,1,1,0,0,
133,,0,0,,0.0,0.0,0.0,1,1,1,1,0,0,0,1,0.0,1,,,,1,1,1,1,,1,0.0,0.0,1,,1,1,0.0,1,0,0.0,1,,1,1,0,1,0,
134,,0,0,,0.0,0.0,0.0,1,1,1,1,0,1,0,1,0.0,1,,,,1,1,1,1,,1,0.0,0.0,1,,1,1,0.0,1,1,0.0,1,,1,1,1,0,0,
135,,0,0,,0.0,0.0,0.0,1,1,1,1,0,0,0,1,0.0,1,,,,1,1,1,1,,1,0.0,0.0,1,,1,1,0.0,1,0,0.0,1,,1,1,1,1,0,
136,,0,0,,0.0,0.0,0.0,1,1,1,1,0,0,0,0,0.0,1,,,,1,1,1,1,,0,0.0,0.0,1,,1,1,0.0,1,0,0.0,1,,1,1,1,0,0,
137,,0,1,,0.0,0.0,0.0,1,1,1,1,0,1,0,1,0.0,0,,,,1,1,1,1,,1,0.0,0.0,1,,1,1,0.0,1,0,0.0,1,,1,1,1,0,0,
138,,0,0,,0.0,0.0,0.0,1,1,1,1,0,0,0,1,0.0,1,,,,1,1,1,1,,1,0.0,0.0,1,,1,1,0.0,1,1,0.0,1,,1,1,1,0,0,
139,,0,0,,0.0,0.0,0.0,1,1,1,1,0,0,0,1,0.0,0,,,,1,1,1,1,,1,0.0,0.0,1,,1,1,0.0,1,1,0.0,1,,1,1,1,0,0,
140,,0,0,,0.0,0.0,0.0,1,1,1,1,0,0,0,1,0.0,1,,,,1,1,1,1,,0,0.0,0.0,1,,1,1,0.0,1,0,0.0,1,,1,1,1,0,0,
141,,0,1,,0.0,0.0,0.0,1,1,1,1,0,1,0,1,0.0,1,,,,1,1,1,1,,1,0.0,0.0,1,,1,1,0.0,1,0,0.0,1,,1,1,1,1,0,
142,,0,0,,0.0,0.0,0.0,1,1,1,1,0,1,0,1,0.0,1,,,,1,1,1,1,,1,0.0,0.0,1,,1,1,0.0,0,1,0.0,1,,1,1,1,0,0,
143,,0,0,,0.0,0.0,0.0,1,1,1,1,0,0,0,1,0.0,1,,,,1,1,1,1,,0,0.0,0.0,1,,1,1,0.0,1,0,0.0,1,,0,1,1,1,0,
144,,0,0,,0.0,0.0,0.0,1,1,1,1,0,1,0,0,0.0,0,,,,1,1,1,1,,1,0.0,0.0,1,,1,1,0.0,1,0,0.0,1,,1,1,1,0,0,
145,,0,1,,0.0,0.0,0.0,1,1,1,1,0,1,0,1,0.0,0,,,,1,1,1,1,,1,0.0,0.0,1,,1,1,0.0,1,0,0.0,1,,1,1,1,0,0,
146,,0,0,,0.0,0.0,0.0,1,1,1,1,0,0,0,1,0.0,1,,,,0,1,1,1,,1,0.0,0.0,1,,1,1,0.0,0,1,0.0,0,,0,1,1,0,0,
147,,0,0,,0.0,0.0,0.0,1,1,1,1,0,0,0,1,0.0,0,,,,1,1,1,1,,1,0.0,0.0,1,,0,1,0.0,1,0,0.0,1,,1,1,0,0,0,
148,,0,0,,0.0,0.0,0.0,1,1,1,1,0,0,0,1,0.0,1,,,,1,1,1,1,,0,0.0,0.0,1,,1,1,0.0,1,0,0.0,1,,1,1,1,0,0,
149,,0,0,,0.0,0.0,0.0,1,1,1,1,0,0,0,1,0.0,1,,,,1,1,1,1,,1,0.0,0.0,1,,0,1,0.0,1,0,0.0,1,,1,1,1,0,0,
150,,0,0,,0.0,0.0,0.0,1,1,1,1,0,1,0,1,0.0,1,,,,1,1,1,1,,0,0.0,0.0,1,,1,1,0.0,1,0,0.0,1,,1,1,1,0,0,
151,,0,0,,0.0,0.0,0.0,1,1,1,1,1,0,0,1,0.0,0,,,,1,1,1,1,,0,0.0,0.0,1,,1,1,0.0,0,1,0.0,1,,1,1,0,0,0,
152,,0,0,,0.0,0.0,0.0,1,1,1,1,0,0,0,1,0.0,0,,,,1,1,1,1,,0,0.0,0.0,1,,1,1,0.0,1,0,0.0,1,,1,1,0,0,0,
153,,0,0,,0.0,0.0,0.0,1,1,1,1,0,1,0,1,0.0,1,,,,1,1,1,1,,0,0.0,0.0,1,,1,1,0.0,0,0,0.0,1,,1,1,1,0,0,
154,,0,0,,0.0,0.0,0.0,1,1,1,1,0,1,0,1,0.0,0,,,,1,1,1,1,,0,0.0,0.0,1,,1,1,0.0,1,0,0.0,1,,1,1,0,1,0,
155,,0,0,,0.0,0.0,0.0,1,1,1,1,0,0,0,1,0.0,1,,,,1,1,1,1,,0,0.0,0.0,1,,1,1,0.0,1,0,0.0,1,,1,1,1,1,0,
156,,0,1,,0.0,0.0,0.0,1,1,1,1,0,1,0,1,0.0,1,,,,1,1,1,1,,1,0.0,0.0,1,,1,1,0.0,1,0,0.0,1,,1,1,1,1,0,
157,,0,0,,0.0,0.0,0.0,1,1,1,1,0,0,0,1,0.0,1,,,,1,1,1,1,,1,0.0,0.0,1,,1,0,0.0,1,1,0.0,1,,1,1,1,0,0,
158,,0,0,,0.0,0.0,0.0,1,1,1,1,0,0,0,1,0.0,1,,,,1,1,1,1,,1,0.0,0.0,1,,0,1,0.0,1,1,0.0,1,,1,1,1,0,0,
159,,0,0,,0.0,0.0,0.0,1,1,1,1,0,0,0,1,0.0,0,,,,1,1,1,1,,0,0.0,0.0,1,,1,1,0.0,1,0,0.0,1,,1,1,0,0,0,
160,,0,0,,0.0,0.0,0.0,1,1,1,1,1,0,0,1,0.0,0,,,,1,1,1,1,,1,0.0,0.0,1,,1,1,0.0,0,0,0.0,1,,1,1,1,0,0,
161,,0,0,,0.0,0.0,0.0,1,1,1,1,0,0,0,1,0.0,1,,,,1,1,1,1,,1,0.0,0.0,1,,1,1,0.0,0,0,0.0,1,,1,1,1,0,0,
162,,0,0,,0.0,0.0,0.0,1,1,1,1,0,1,0,1,0.0,0,,,,1,1,1,1,,1,0.0,0.0,1,,1,1,0.0,0,1,0.0,1,,1,1,0,1,0,
163,,0,0,,0.0,0.0,0.0,1,1,1,1,0,0,0,1,0.0,0,,,,1,1,1,1,,1,0.0,0.0,1,,0,1,0.0,1,0,0.0,1,,1,1,1,0,0,
164,,0,0,,0.0,0.0,0.0,1,1,1,1,0,1,0,0,0.0,1,,,,1,1,1,1,,0,0.0,0.0,1,,1,1,0.0,1,0,0.0,1,,1,1,1,1,0,
165,,0,0,,0.0,0.0,0.0,1,1,1,1,0,0,0,1,0.0,0,,,,0,1,1,1,,0,0.0,0.0,1,,1,1,0.0,1,0,0.0,1,,1,1,0,1,1,
166,,0,0,,0.0,0.0,0.0,1,1,1,1,0,1,0,1,0.0,1,,,,1,1,1,1,,1,0.0,0.0,1,,1,1,0.0,1,0,0.0,1,,1,1,1,0,0,
167,,0,0,,0.0,0.0,0.0,1,1,1,1,0,0,0,0,0.0,1,,,,1,1,1,1,,1,0.0,0.0,1,,1,1,0.0,1,0,0.0,1,,1,1,1,0,0,
168,,0,0,,0.0,0.0,0.0,1,1,1,1,0,1,0,1,0.0,0,,,,1,1,1,1,,0,0.0,0.0,1,,1,1,0.0,1,0,0.0,1,,1,1,1,1,0,
169,,0,0,,0.0,0.0,0.0,1,1,1,1,0,0,0,1,0.0,1,,,,0,0,1,1,,1,0.0,0.0,1,,0,1,0.0,1,1,0.0,1,,1,1,1,0,0,
170,,0,0,,0.0,0.0,0.0,1,1,1,1,0,1,0,1,0.0,0,,,,0,1,1,1,,1,0.0,0.0,1,,1,0,0.0,1,1,0.0,1,,1,1,1,0,0,
171,,0,0,,0.0,0.0,0.0,1,1,1,1,0,0,0,1,0.0,0,,,,1,1,1,1,,1,0.0,0.0,1,,1,1,0.0,1,0,0.0,1,,1,1,1,1,0,
172,,0,0,,0.0,0.0,0.0,1,1,1,1,0,1,0,1,0.0,1,,,,1,1,1,1,,1,0.0,0.0,1,,1,1,0.0,1,1,0.0,1,,1,1,1,0,0,
173,,0,0,,0.0,0.0,0.0,1,1,1,1,0,0,0,0,0.0,0,,,,1,1,1,1,,1,0.0,0.0,1,,1,1,0.0,0,1,0.0,1,,1,1,1,0,0,
174,,0,1,,0.0,0.0,0.0,1,1,1,1,0,1,0,1,0.0,1,,,,1,1,1,1,,1,0.0,0.0,1,,1,0,0.0,1,0,0.0,1,,1,1,1,0,0,
175,,0,0,,0.0,0.0,0.0,1,1,1,1,0,1,0,1,0.0,0,,,,1,1,1,1,,1,0.0,0.0,1,,0,1,0.0,1,0,0.0,1,,1,1,1,0,0,
176,,0,0,,0.0,0.0,0.0,1,1,1,1,0,0,0,0,0.0,1,,,,1,1,1,1,,1,0.0,0.0,1,,1,1,0.0,1,0,0.0,1,,1,1,1,0,0,
177,,0,0,,0.0,0.0,0.0,1,1,1,1,0,0,0,0,0.0,1,,,,1,1,1,1,,1,0.0,0.0,1,,1,0,0.0,1,0,0.0,1,,1,1,1,0,0,
178,,0,0,,0.0,0.0,0.0,1,1,1,1,0,1,0,1,0.0,1,,,,1,1,1,1,,1,0.0,0.0,0,,1,1,0.0,1,0,0.0,1,,1,1,1,0,0,
179,,0,0,,0.0,0.0,0.0,1,1,1,1,0,1,0,1,0.0,1,,,,1,0,1,1,,1,0.0,0.0,1,,1,1,0.0,1,0,0.0,1,,1,1,1,0,0,
180,,0,0,,0.0,0.0,0.0,1,1,1,1,0,0,0,0,0.0,1,,,,1,1,1,1,,0,0.0,0.0,1,,1,0,0.0,1,0,0.0,1,,1,1,1,0,0,
181,,0,0,,0.0,0.0,0.0,1,1,1,1,0,0,0,1,0.0,1,,,,1,1,1,1,,0,0.0,0.0,1,,1,1,0.0,1,1,0.0,1,,1,1,0,0,0,
182,,0,0,,0.0,0.0,0.0,1,1,1,1,0,1,0,1,0.0,1,,,,1,1,1,1,,1,0.0,0.0,1,,1,1,0.0,1,0,0.0,1,,1,1,1,0,0,
183,,0,1,,0.0,0.0,0.0,1,1,1,1,0,1,0,1,0.0,1,,,,1,1,1,1,,0,0.0,0.0,1,,1,1,0.0,1,0,0.0,1,,1,1,1,0,0,
184,,0,0,,0.0,0.0,0.0,1,1,1,1,0,1,0,0,0.0,0,,,,1,1,1,1,,1,0.0,0.0,1,,1,1,0.0,1,1,0.0,1,,1,1,1,0,0,
185,,0,0,,0.0,0.0,0.0,1,1,1,1,0,1,0,1,0.0,0,,,,1,1,1,1,,1,0.0,0.0,1,,1,1,0.0,1,1,0.0,1,,1,1,1,1,0,
186,,0,0,,0.0,0.0,0.0,1,1,1,1,0,0,0,1,0.0,0,,,,1,1,1,1,,0,0.0,0.0,1,,1,1,0.0,0,0,0.0,1,,1,1,0,1,0,
187,,0,0,,0.0,0.0,0.0,1,1,1,1,0,1,0,1,0.0,0,,,,1,1,1,1,,1,0.0,0.0,1,,1,1,0.0,1,0,0.0,1,,1,1,1,0,0,
188,,0,0,,0.0,0.0,0.0,1,1,1,1,0,0,0,1,0.0,0,,,,1,1,1,1,,0,0.0,0.0,0,,1,1,0.0,1,1,0.0,1,,1,1,1,0,0,
189,,0,0,,0.0,0.0,0.0,1,1,1,1,0,1,0,0,0.0,1,,,,1,1,1,1,,0,0.0,0.0,1,,1,1,0.0,1,0,0.0,1,,1,1,1,0,0,
190,,0,0,,0.0,0.0,0.0,1,1,1,1,0,0,0,1,0.0,1,,,,1,1,1,1,,1,0.0,0.0,1,,1,1,0.0,1,0,0.0,1,,1,1,0,1,0,
191,,0,0,,0.0,0.0,0.0,1,1,1,1,0,0,0,1,0.0,0,,,,1,1,1,1,,0,0.0,0.0,0,,1,1,0.0,1,1,0.0,1,,1,1,1,0,0,
192,,0,0,,0.0,0.0,0.0,1,1,1,1,0,1,0,0,0.0,1,,,,1,1,1,1,,0,0.0,0.0,1,,1,1,0.0,0,0,0.0,1,,1,1,1,0,0,
193,,0,1,,0.0,0.0,0.0,1,1,1,1,0,0,0,1,0.0,0,,,,1,1,1,1,,0,0.0,0.0,1,,1,1,0.0,1,0,0.0,1,,1,1,1,0,0,
194,,0,0,,0.0,0.0,0.0,1,1,1,1,0,0,0,1,0.0,0,,,,1,1,1,1,,0,0.0,0.0,1,,1,1,0.0,1,0,0.0,1,,1,1,1,0,0,
195,,0,0,,0.0,0.0,0.0,1,1,1,1,0,1,0,0,0.0,1,,,,1,1,1,1,,0,0.0,0.0,1,,1,1,0.0,1,0,0.0,1,,1,1,0,1,0,
196,,0,0,,0.0,0.0,0.0,1,1,1,1,0,0,0,1,0.0,0,,,,0,1,1,1,,1,0.0,0.0,1,,1,1,0.0,1,1,0.0,1,,1,1,0,1,0,
197,,0,1,,0.0,0.0,0.0,1,1,1,1,0,1,0,0,0.0,1,,,,0,1,0,1,,1,0.0,1.0,1,,1,0,0.0,1,1,0.0,1,,1,1,0,0,0,
198,,0,0,,0.0,0.0,0.0,1,1,1,1,0,0,0,1,0.0,0,,,,0,1,1,1,,1,0.0,0.0,1,,1,1,0.0,1,1,0.0,1,,1,1,0,1,0,
199,,0,1,,0.0,0.0,0.0,1,1,1,1,0,0,0,1,0.0,1,,,,1,1,1,1,,1,0.0,0.0,1,,1,1,0.0,1,1,0.0,1,,1,1,1,1,0,
200,,0,0,,0.0,0.0,0.0,1,1,1,1,0,0,0,1,0.0,1,,,,0,1,0,1,,1,0.0,0.0,1,,1,0,0.0,1,1,0.0,1,,1,1,1,1,0,
201,,0,0,,0.0,0.0,0.0,0,0,1,0,0,0,0,1,1.0,1,,,,0,1,0,1,,1,0.0,0.0,0,,1,1,0.0,1,0,0.0,1,,0,1,1,1,0,
202,,0,0,,0.0,0.0,0.0,1,1,1,1,0,1,0,0,0.0,0,,,,0,1,1,1,,0,0.0,0.0,0,,1,1,0.0,0,0,0.0,1,,1,1,1,1,0,
203,,0,0,,0.0,0.0,0.0,1,1,1,1,0,0,0,1,0.0,1,,,,0,1,0,1,,1,0.0,0.0,0,,1,1,0.0,0,0,0.0,1,,1,1,0,1,0,
204,,0,0,,0.0,0.0,0.0,0,0,1,1,0,0,0,1,0.0,0,,,,0,1,0,1,,0,0.0,0.0,0,,1,1,0.0,0,0,0.0,1,,1,1,1,1,1,
205,,0,0,,0.0,0.0,0.0,1,1,1,1,0,0,0,1,0.0,0,,,,0,1,0,1,,0,0.0,1.0,0,,1,1,0.0,1,0,0.0,1,,1,1,0,1,1,
206,,0,0,,0.0,0.0,0.0,1,1,1,1,0,1,0,1,0.0,0,,,,0,1,1,1,,0,0.0,0.0,0,,1,0,0.0,1,0,0.0,1,,1,1,0,1,1,
207,,0,0,,0.0,0.0,0.0,1,1,1,1,0,0,0,1,0.0,0,,,,0,1,1,1,,0,0.0,0.0,0,,1,1,0.0,0,1,0.0,1,,1,1,1,1,0,
208,,0,0,,0.0,0.0,0.0,1,1,1,1,0,0,0,1,0.0,1,,,,1,1,1,1,,0,0.0,0.0,0,,1,1,0.0,0,0,0.0,1,,1,1,0,1,0,
209,,0,0,,0.0,0.0,0.0,1,1,1,1,0,0,0,1,0.0,1,,,,0,1,0,1,,0,0.0,0.0,0,,1,1,0.0,1,1,0.0,1,,1,1,1,1,0,
210,,0,0,,0.0,0.0,0.0,1,1,1,1,0,1,0,1,0.0,1,,,,0,1,0,1,,0,0.0,0.0,0,,1,1,0.0,0,0,0.0,1,,1,0,0,1,1,
211,,0,0,,0.0,0.0,0.0,1,1,1,1,0,1,0,1,0.0,1,,,,0,1,0,1,,0,0.0,0.0,0,,0,1,0.0,0,0,0.0,1,,1,1,0,1,1,
212,,0,0,,0.0,0.0,0.0,1,1,1,1,0,1,0,1,0.0,1,,,,0,0,0,1,,1,0.0,0.0,0,,1,0,0.0,0,1,0.0,1,,1,1,1,1,1,
213,,0,0,,0.0,0.0,0.0,1,1,1,1,0,0,0,1,0.0,1,,,,0,1,0,1,,0,0.0,0.0,0,,1,1,0.0,1,0,1.0,1,,1,1,1,1,1,
214,,0,0,,0.0,0.0,0.0,1,1,1,1,0,0,0,1,0.0,1,,,,0,1,0,1,,0,0.0,0.0,0,,1,1,0.0,1,0,0.0,1,,1,1,1,1,0,
215,,0,0,,0.0,0.0,0.0,1,0,1,1,0,1,0,0,0.0,0,,,,0,1,0,1,,1,0.0,0.0,0,,1,1,0.0,0,0,0.0,1,,1,1,1,1,0,
216,,0,0,,0.0,0.0,0.0,1,1,1,1,0,1,0,1,0.0,1,,,,0,1,1,1,,1,0.0,0.0,0,,1,1,0.0,1,1,0.0,1,,1,1,1,1,1,
217,,0,0,,0.0,0.0,0.0,1,1,1,1,0,1,0,1,0.0,0,,,,0,1,1,1,,1,0.0,0.0,0,,1,1,1.0,1,0,0.0,1,,1,1,1,1,0,
218,,0,0,,0.0,0.0,0.0,1,1,1,1,0,0,0,1,0.0,1,,,,0,1,1,1,,1,0.0,0.0,0,,1,1,0.0,0,0,0.0,1,,1,1,1,1,1,
219,,0,0,,0.0,0.0,0.0,1,1,1,1,0,1,0,0,0.0,1,,,,0,1,1,1,,0,0.0,0.0,0,,1,1,0.0,1,1,0.0,1,,1,1,1,1,0,
220,,0,0,,0.0,0.0,0.0,1,0,1,1,0,1,0,1,0.0,0,,,,0,1,0,1,,1,1.0,0.0,1,,1,0,0.0,0,0,0.0,1,,1,0,0,1,1,
221,,0,0,,0.0,0.0,0.0,1,1,1,1,0,1,0,1,0.0,1,,,,1,1,1,1,,0,0.0,0.0,0,,1,0,0.0,1,0,0.0,1,,1,1,0,1,0,
222,,0,0,,0.0,0.0,0.0,1,1,1,1,0,1,0,1,0.0,0,,,,0,1,1,1,,1,0.0,0.0,0,,1,1,0.0,0,1,0.0,1,,1,1,0,1,1,
223,,0,0,,0.0,0.0,0.0,1,1,1,1,0,0,0,1,0.0,0,,,,0,1,1,1,,1,0.0,0.0,0,,1,1,0.0,1,0,0.0,1,,1,1,1,1,0,
224,,0,0,,0.0,0.0,0.0,1,1,1,1,0,0,0,1,0.0,1,,,,1,1,1,1,,1,0.0,0.0,0,,1,1,0.0,0,0,0.0,1,,1,1,1,1,0,
225,,0,0,,0.0,0.0,0.0,1,1,1,1,0,1,0,0,0.0,1,,,,0,1,1,1,,1,0.0,0.0,0,,1,1,0.0,1,0,0.0,1,,1,1,0,1,1,
226,,0,0,,0.0,0.0,0.0,1,1,1,1,0,0,0,1,0.0,0,,,,1,1,0,1,,1,0.0,0.0,0,,1,1,0.0,1,0,0.0,1,,1,1,1,1,0,
227,,0,0,,0.0,0.0,0.0,1,1,1,0,0,0,0,0,0.0,1,,,,0,1,1,1,,1,0.0,0.0,0,,1,1,0.0,1,0,0.0,1,,1,1,0,1,0,
228,,0,0,,0.0,0.0,0.0,1,1,1,1,0,1,0,1,0.0,1,,,,0,1,1,1,,1,0.0,0.0,0,,0,1,0.0,1,0,0.0,1,,1,1,1,1,1,
229,,0,0,,0.0,0.0,0.0,1,1,1,1,0,1,0,1,0.0,0,,,,0,1,1,1,,1,0.0,0.0,0,,1,0,0.0,1,1,0.0,1,,1,1,1,1,0,
230,,0,0,,0.0,0.0,0.0,1,1,1,1,0,0,0,0,0.0,0,,,,0,1,1,1,,0,0.0,0.0,0,,1,1,0.0,1,0,0.0,1,,1,1,1,1,1,
231,,0,0,,0.0,0.0,0.0,1,1,1,1,0,0,0,1,0.0,1,,,,0,1,1,1,,0,0.0,0.0,0,,0,1,1.0,1,0,0.0,1,,1,1,1,1,0,
232,,0,0,,0.0,0.0,0.0,1,1,1,1,0,1,0,1,0.0,1,,,,0,1,1,1,,1,0.0,0.0,0,,0,1,0.0,1,0,1.0,1,,1,0,0,1,0,
233,,0,0,,0.0,0.0,0.0,1,1,1,1,0,1,0,0,0.0,1,,,,0,1,1,1,,0,0.0,0.0,0,,0,0,0.0,0,1,1.0,1,,1,0,1,1,0,
234,,0,0,,0.0,0.0,0.0,1,1,1,1,0,1,0,1,0.0,0,,,,0,1,1,1,,0,0.0,0.0,0,,1,1,0.0,1,0,0.0,1,,1,1,1,1,0,
235,,0,0,,0.0,0.0,0.0,1,1,1,1,0,0,0,1,0.0,0,,,,1,1,1,1,,0,0.0,0.0,0,,1,1,0.0,0,0,0.0,1,,1,1,1,1,0,
236,,0,0,,0.0,0.0,0.0,1,1,1,1,0,1,0,1,0.0,0,,,,1,1,1,1,,0,0.0,0.0,0,,1,1,0.0,0,0,0.0,1,,1,1,1,1,1,
237,,0,0,,0.0,0.0,0.0,1,1,1,1,0,1,0,1,0.0,1,,,,1,1,1,1,,0,0.0,0.0,0,,1,1,0.0,0,1,0.0,1,,1,1,0,1,1,
238,,0,0,,0.0,0.0,0.0,1,1,1,1,0,0,0,0,0.0,1,,,,1,1,1,1,,1,0.0,0.0,0,,1,0,0.0,1,0,0.0,1,,1,1,1,1,0,
239,,0,0,,0.0,0.0,0.0,1,1,1,1,0,0,0,1,0.0,1,,,,1,1,1,1,,1,0.0,0.0,0,,1,0,0.0,0,1,0.0,1,,1,0,0,1,1,
240,,0,0,,0.0,0.0,0.0,1,1,1,1,0,0,0,1,0.0,0,,,,0,1,1,1,,1,0.0,0.0,0,,0,1,0.0,0,0,0.0,1,,1,1,1,1,1,
241,,0,0,,0.0,0.0,0.0,1,1,1,1,0,0,0,1,0.0,0,,,,1,1,1,1,,1,0.0,0.0,0,,1,1,0.0,1,0,0.0,1,,1,1,1,1,1,
242,,0,0,,0.0,0.0,0.0,1,1,1,1,0,1,0,0,0.0,0,,,,1,1,1,1,,1,0.0,0.0,0,,0,1,0.0,1,0,0.0,1,,1,1,1,1,0,
243,,0,0,,0.0,0.0,0.0,1,1,1,1,0,0,0,0,0.0,1,,,,1,1,1,1,,1,0.0,0.0,0,,1,1,0.0,0,0,0.0,1,,1,1,1,1,1,
244,,0,0,,0.0,0.0,0.0,1,1,1,1,0,1,0,0,0.0,0,,,,1,1,1,1,,1,0.0,0.0,0,,1,1,0.0,1,0,0.0,1,,1,1,1,1,1,
245,,0,0,,0.0,0.0,0.0,1,1,1,1,0,1,0,0,0.0,0,,,,1,1,1,1,,0,0.0,0.0,0,,0,1,0.0,1,0,0.0,1,,1,1,1,1,0,
246,,0,0,,0.0,0.0,0.0,1,1,1,1,0,0,0,0,0.0,0,,,,1,1,1,1,,1,0.0,0.0,0,,1,0,0.0,1,0,0.0,1,,1,1,1,1,1,
247,,0,0,,0.0,0.0,0.0,1,1,1,1,0,0,0,1,0.0,0,,,,1,1,1,1,,1,0.0,0.0,0,,1,1,0.0,0,0,0.0,1,,1,1,1,1,0,
248,,0,0,,0.0,0.0,0.0,1,1,1,1,0,0,0,1,0.0,1,,,,0,1,0,1,,1,0.0,0.0,0,,1,1,0.0,1,0,0.0,1,,1,1,1,1,1,
249,,0,0,,0.0,0.0,0.0,1,1,1,1,0,1,0,1,0.0,1,,,,1,1,1,1,,0,0.0,0.0,1,,1,1,0.0,1,0,0.0,1,,1,1,1,1,1,
250,,0,0,,0.0,0.0,0.0,1,1,1,1,0,1,0,1,0.0,0,,,,0,1,0,1,,1,0.0,0.0,0,,0,1,0.0,1,1,0.0,1,,1,1,1,1,1,
251,,0,0,,0.0,0.0,0.0,1,1,1,1,0,0,0,1,0.0,0,,,,0,1,0,1,,1,0.0,0.0,1,,1,1,0.0,1,0,0.0,1,,1,1,1,1,1,
252,,0,0,,0.0,0.0,0.0,1,1,1,1,0,1,0,0,0.0,0,,,,0,1,1,1,,0,0.0,0.0,0,,1,1,0.0,1,1,0.0,1,,1,1,0,1,1,
253,,0,0,,0.0,0.0,0.0,1,0,0,0,0,1,0,0,0.0,1,,,,0,1,1,1,,0,0.0,0.0,0,,1,0,0.0,1,1,0.0,1,,1,1,1,1,1,
254,,0,0,,0.0,0.0,0.0,1,0,1,1,0,0,0,0,0.0,1,,,,0,1,1,1,,1,0.0,0.0,0,,0,0,0.0,1,0,0.0,1,,1,1,0,1,1,
255,,0,0,,0.0,0.0,0.0,1,1,1,1,0,0,0,0,0.0,1,,,,1,1,1,1,,0,0.0,0.0,0,,0,1,0.0,1,0,0.0,1,,1,1,1,1,0,
256,,0,0,,0.0,0.0,0.0,1,1,1,1,0,0,0,0,0.0,1,,,,0,1,0,1,,1,0.0,1.0,0,,1,0,0.0,1,1,0.0,1,,1,1,1,1,1,
257,,0,0,,0.0,0.0,0.0,1,1,1,1,0,1,0,1,0.0,0,,,,1,1,1,1,,1,0.0,0.0,0,,1,0,0.0,1,0,0.0,1,,1,1,0,1,0,
258,,0,0,,0.0,0.0,0.0,1,1,1,1,0,1,0,0,0.0,0,,,,1,1,1,1,,1,0.0,0.0,0,,1,1,0.0,1,0,0.0,1,,1,1,1,1,0,
259,,0,0,,0.0,0.0,0.0,1,1,1,1,0,0,0,0,0.0,0,,,,1,1,1,1,,1,0.0,0.0,0,,1,1,0.0,1,0,0.0,1,,1,1,1,1,1,
260,,0,0,,0.0,0.0,0.0,1,1,1,1,0,1,0,0,0.0,1,,,,1,1,1,1,,0,0.0,0.0,0,,0,1,0.0,1,0,0.0,1,,1,1,1,1,1,
261,,0,0,,0.0,0.0,0.0,1,1,1,1,0,1,0,1,0.0,0,,,,1,1,1,1,,0,0.0,0.0,0,,1,1,0.0,0,0,0.0,1,,1,1,1,1,1,
262,,0,0,,0.0,0.0,0.0,1,1,1,1,0,1,0,0,0.0,1,,,,0,1,1,1,,0,0.0,0.0,0,,1,1,1.0,1,0,0.0,1,,1,1,0,1,1,
263,,0,0,,0.0,0.0,0.0,1,1,1,1,0,0,0,1,0.0,1,,,,1,1,1,1,,1,0.0,0.0,0,,0,0,0.0,1,0,0.0,1,,1,1,1,1,1,
264,,0,0,,0.0,0.0,0.0,1,1,1,1,0,0,0,0,0.0,1,,,,0,1,0,1,,0,0.0,0.0,0,,1,0,0.0,0,0,0.0,1,,1,1,1,1,1,
265,,0,0,,0.0,0.0,0.0,1,1,1,1,0,1,0,0,0.0,1,,,,0,1,1,1,,0,0.0,0.0,0,,1,0,0.0,1,0,0.0,1,,1,1,1,1,1,
266,,0,0,,0.0,0.0,0.0,1,1,1,1,0,0,0,0,0.0,1,,,,0,1,1,1,,0,0.0,0.0,0,,0,1,0.0,0,0,0.0,1,,1,0,0,1,1,
267,,0,0,,0.0,0.0,0.0,1,1,1,1,0,0,0,0,0.0,0,,,,0,1,0,1,,1,0.0,1.0,1,,1,0,0.0,0,0,0.0,1,,1,1,1,1,0,
268,,0,0,,0.0,0.0,0.0,1,1,1,1,0,0,0,1,0.0,0,,,,0,1,0,1,,1,0.0,1.0,1,,1,0,0.0,0,1,0.0,1,,1,1,0,1,0,
269,,0,0,,0.0,0.0,0.0,1,1,1,1,0,0,0,0,0.0,0,,,,0,1,1,1,,0,0.0,0.0,0,,1,1,0.0,1,0,0.0,1,,1,1,0,1,1,
270,,0,0,,0.0,0.0,0.0,1,0,1,1,0,0,0,1,0.0,1,,,,0,1,0,1,,1,0.0,0.0,0,,1,1,0.0,1,1,0.0,1,,1,1,1,1,0,
271,,0,0,,0.0,0.0,0.0,1,1,1,1,0,1,0,1,0.0,0,,,,0,1,1,1,,1,0.0,1.0,1,,1,1,0.0,1,0,0.0,1,,1,1,1,1,1,
272,,0,0,,0.0,0.0,0.0,1,1,1,1,0,1,0,0,0.0,0,,,,0,1,1,1,,0,0.0,0.0,0,,1,0,0.0,1,0,0.0,1,,1,1,1,1,1,
273,,0,0,,0.0,0.0,0.0,1,1,1,1,0,0,0,1,0.0,0,,,,0,1,0,1,,1,0.0,0.0,0,,1,1,0.0,1,0,0.0,1,,1,1,1,1,0,
274,,0,0,,0.0,0.0,0.0,1,1,1,1,0,0,0,0,0.0,0,,,,0,1,1,1,,1,0.0,0.0,0,,0,1,0.0,1,0,0.0,1,,1,1,1,1,1,
275,,0,0,,0.0,0.0,0.0,1,1,1,1,0,1,0,1,0.0,0,,,,0,1,1,1,,0,0.0,0.0,0,,1,0,1.0,1,0,0.0,1,,1,1,1,1,1,
276,,0,0,,0.0,0.0,0.0,1,1,1,1,0,0,0,1,0.0,1,,,,0,1,0,1,,0,0.0,0.0,0,,0,0,0.0,1,0,0.0,1,,1,1,1,1,1,
277,,0,0,,0.0,0.0,0.0,1,1,1,1,0,1,0,0,0.0,1,,,,0,1,0,1,,1,0.0,0.0,1,,1,1,0.0,0,1,0.0,1,,1,1,0,1,1,
278,,0,0,,0.0,0.0,0.0,1,1,1,1,0,1,0,0,0.0,1,,,,0,1,0,1,,1,0.0,0.0,0,,1,1,0.0,0,1,0.0,1,,1,1,0,1,0,
279,,0,0,,0.0,0.0,0.0,1,1,1,1,0,1,0,0,0.0,1,,,,0,1,0,1,,1,0.0,0.0,0,,1,1,0.0,1,0,0.0,1,,0,1,1,1,1,
280,,0,0,,0.0,0.0,0.0,1,1,1,1,0,0,0,0,0.0,1,,,,0,1,0,1,,1,0.0,0.0,0,,1,1,0.0,0,0,0.0,1,,1,1,0,1,0,
281,,0,0,,0.0,0.0,0.0,1,1,1,1,0,0,0,0,0.0,0,,,,0,1,1,1,,0,0.0,0.0,0,,0,1,0.0,1,0,0.0,1,,1,1,1,1,1,
282,,0,0,,0.0,0.0,0.0,1,1,1,1,0,0,0,1,0.0,1,,,,0,1,0,1,,0,0.0,0.0,0,,1,1,0.0,1,0,0.0,1,,1,1,1,1,1,
283,,0,0,,0.0,0.0,0.0,1,0,1,1,0,0,0,1,0.0,0,,,,0,1,0,1,,1,0.0,0.0,0,,1,0,0.0,1,0,0.0,1,,1,1,1,1,0,
284,,0,0,,0.0,0.0,0.0,1,1,1,1,0,0,0,1,0.0,0,,,,0,1,0,1,,0,1.0,1.0,1,,1,1,0.0,1,1,0.0,1,,1,1,0,1,1,
285,,0,0,,0.0,0.0,0.0,1,1,1,1,0,0,0,1,0.0,0,,,,1,1,1,1,,0,0.0,0.0,0,,1,1,0.0,1,0,0.0,1,,1,1,1,1,0,
286,,0,0,,0.0,0.0,0.0,1,1,1,1,0,0,0,0,0.0,1,,,,0,1,1,1,,0,0.0,0.0,0,,1,1,1.0,1,1,0.0,1,,1,1,1,1,0,
287,,0,0,,0.0,0.0,0.0,1,1,1,1,0,0,0,1,0.0,0,,,,1,1,1,1,,0,0.0,0.0,0,,1,1,0.0,1,0,0.0,1,,1,1,1,1,0,
288,,0,0,,0.0,0.0,0.0,1,1,1,1,0,0,0,0,0.0,1,,,,1,1,1,1,,1,0.0,0.0,0,,1,1,0.0,1,0,0.0,1,,1,1,1,1,0,
289,,0,0,,0.0,0.0,0.0,1,1,1,1,0,0,0,1,1.0,1,,,,0,1,1,1,,1,0.0,0.0,0,,1,1,0.0,1,0,0.0,1,,1,1,1,1,0,
290,,0,0,,0.0,0.0,0.0,1,1,1,1,0,1,0,0,0.0,1,,,,0,1,1,1,,1,0.0,0.0,0,,1,0,0.0,1,0,0.0,1,,1,1,1,1,1,
291,,0,0,,0.0,0.0,0.0,1,1,1,1,0,0,0,1,0.0,0,,,,1,1,1,1,,0,0.0,0.0,0,,1,0,0.0,1,0,0.0,1,,1,1,1,1,1,
292,,0,0,,0.0,0.0,0.0,1,1,1,1,0,1,0,0,0.0,0,,,,0,1,1,1,,1,0.0,0.0,0,,1,1,1.0,1,0,0.0,1,,1,1,1,1,0,
293,,0,0,,0.0,0.0,0.0,1,1,1,1,0,0,0,0,0.0,1,,,,1,1,1,1,,1,0.0,0.0,0,,1,1,0.0,0,0,0.0,1,,1,1,1,1,0,
294,,0,0,,0.0,0.0,0.0,1,1,1,1,0,1,0,0,1.0,1,,,,0,1,1,1,,0,0.0,0.0,0,,1,1,0.0,1,0,0.0,1,,1,1,1,1,1,
295,,0,0,,0.0,0.0,0.0,1,1,1,1,0,1,0,1,0.0,1,,,,1,1,1,1,,1,0.0,0.0,0,,1,1,0.0,0,0,0.0,1,,1,1,1,1,0,
296,,0,0,,0.0,0.0,0.0,1,1,1,1,0,0,0,1,0.0,1,,,,1,1,1,1,,1,0.0,0.0,0,,1,1,0.0,1,0,0.0,1,,1,1,1,1,1,
297,,0,0,,0.0,0.0,0.0,1,0,1,1,0,1,0,1,0.0,0,,,,0,1,1,1,,1,1.0,0.0,0,,1,1,0.0,1,0,0.0,1,,1,1,1,1,1,
298,,0,0,,0.0,0.0,0.0,1,0,1,1,0,0,0,1,0.0,0,,,,0,1,1,1,,0,0.0,0.0,0,,1,1,0.0,1,1,0.0,1,,1,1,0,1,0,
299,,0,0,,0.0,0.0,0.0,1,1,1,1,0,0,0,1,0.0,1,,,,0,1,1,1,,1,0.0,0.0,0,,0,1,0.0,1,0,0.0,1,,1,1,1,1,0,
300,,0,0,,0.0,0.0,0.0,1,1,1,1,0,1,0,1,0.0,0,,,,1,1,1,1,,1,0.0,0.0,0,,0,1,0.0,1,0,0.0,1,,1,1,1,1,0,
301,,0,0,,0.0,0.0,0.0,1,1,1,1,0,1,0,1,0.0,0,,,,1,1,1,1,,1,0.0,0.0,0,,1,0,0.0,1,0,0.0,1,,1,1,1,1,1,
302,,0,0,,0.0,0.0,0.0,1,1,1,1,0,0,0,0,0.0,1,,,,1,1,1,1,,1,0.0,0.0,0,,1,1,0.0,1,0,0.0,1,,1,1,1,1,1,
303,,0,0,,0.0,0.0,0.0,1,1,1,1,0,0,0,0,0.0,1,,,,1,1,1,1,,0,0.0,0.0,0,,1,1,0.0,1,0,0.0,1,,1,1,1,1,1,
304,,0,0,,0.0,0.0,0.0,1,1,1,1,0,1,0,1,0.0,0,,,,0,1,1,1,,1,0.0,0.0,0,,1,0,0.0,1,0,0.0,1,,1,1,0,1,1,
305,,0,0,,0.0,0.0,0.0,1,1,1,1,0,0,0,0,0.0,1,,,,1,1,1,1,,1,0.0,0.0,1,,0,0,0.0,1,0,0.0,1,,1,1,1,1,0,
306,,0,0,,0.0,0.0,0.0,1,1,1,1,0,0,0,1,0.0,0,,,,1,1,1,1,,1,0.0,0.0,0,,0,1,0.0,0,0,0.0,1,,1,1,1,1,0,
307,,0,0,,0.0,0.0,0.0,1,1,1,1,0,0,0,0,0.0,0,,,,0,1,1,1,,0,0.0,0.0,0,,1,1,0.0,1,1,0.0,1,,1,1,1,1,0,
308,,0,0,,0.0,0.0,0.0,1,1,1,1,0,1,0,0,0.0,1,,,,1,1,1,1,,0,0.0,0.0,0,,1,0,0.0,1,0,0.0,1,,1,1,0,1,1,
309,,0,0,,0.0,0.0,0.0,1,1,1,1,0,0,0,1,0.0,1,,,,0,1,0,1,,1,0.0,0.0,0,,1,1,0.0,1,0,1.0,1,,1,1,1,1,1,
310,,0,0,,0.0,0.0,0.0,1,1,1,1,0,1,0,1,0.0,1,,,,0,1,1,1,,1,0.0,0.0,0,,1,1,1.0,1,0,0.0,1,,1,1,1,1,1,
311,,0,0,,0.0,0.0,0.0,1,1,1,1,0,1,0,0,0.0,1,,,,1,1,1,1,,1,0.0,0.0,0,,1,1,0.0,1,0,0.0,1,,1,1,0,1,1,
312,,0,0,,0.0,0.0,0.0,1,0,1,1,0,0,0,0,0.0,1,,,,0,1,1,1,,0,0.0,0.0,0,,1,1,0.0,0,0,0.0,1,,1,1,0,1,1,
313,,0,0,,0.0,0.0,0.0,1,1,1,1,0,1,0,0,0.0,0,,,,1,1,1,1,,1,0.0,0.0,0,,1,1,0.0,1,0,0.0,1,,1,1,1,1,0,
314,,0,0,,0.0,0.0,0.0,1,1,1,1,0,0,0,1,0.0,1,,,,1,1,1,1,,1,0.0,0.0,0,,0,1,0.0,1,1,0.0,1,,1,1,0,1,1,
315,,0,0,,0.0,0.0,0.0,1,1,1,1,0,0,0,1,0.0,0,,,,1,1,1,1,,1,0.0,0.0,0,,1,1,0.0,1,1,0.0,1,,1,1,1,1,1,
316,,0,0,,0.0,0.0,0.0,1,1,1,1,0,0,0,1,0.0,1,,,,0,1,1,1,,0,0.0,0.0,0,,1,1,0.0,1,0,0.0,1,,1,1,1,1,1,
317,,0,0,,0.0,0.0,0.0,1,1,1,1,0,1,0,0,0.0,0,,,,1,1,1,1,,0,0.0,0.0,0,,1,1,0.0,1,0,0.0,1,,1,1,1,1,0,
318,,0,0,,0.0,0.0,0.0,1,0,1,1,0,0,0,1,0.0,0,,,,0,1,0,1,,0,0.0,0.0,0,,0,0,0.0,0,0,0.0,1,,1,1,1,1,1,
319,,0,0,,0.0,0.0,0.0,1,1,1,1,0,1,0,0,0.0,1,,,,0,1,1,1,,1,0.0,0.0,0,,1,1,0.0,1,0,0.0,1,,1,1,0,1,0,
320,,0,0,,0.0,0.0,0.0,1,1,1,1,0,0,0,1,0.0,0,,,,0,1,0,1,,1,0.0,0.0,0,,1,1,1.0,1,1,0.0,1,,1,1,1,1,0,
321,,0,0,,0.0,0.0,0.0,1,1,1,1,0,1,0,0,0.0,0,,,,0,1,1,1,,1,0.0,0.0,0,,1,1,0.0,1,0,0.0,1,,1,1,1,1,0,
322,,0,0,,0.0,0.0,0.0,1,1,1,1,0,1,0,1,0.0,1,,,,1,1,1,1,,0,0.0,0.0,0,,0,1,0.0,1,0,0.0,1,,1,1,0,1,1,
323,,0,0,,0.0,0.0,0.0,1,1,1,1,0,0,0,1,0.0,0,,,,0,1,1,1,,1,0.0,0.0,0,,1,1,0.0,1,0,0.0,1,,1,1,1,1,1,
324,,0,0,,0.0,0.0,0.0,1,1,1,1,0,0,0,1,0.0,1,,,,0,1,0,1,,1,0.0,0.0,0,,1,1,0.0,0,1,0.0,1,,1,1,0,1,0,
325,,0,0,,0.0,0.0,0.0,1,1,1,1,0,0,0,0,0.0,1,,,,0,1,1,1,,0,0.0,0.0,0,,1,0,0.0,1,0,1.0,1,,1,1,1,1,0,
326,,0,0,,0.0,0.0,0.0,1,1,1,1,0,0,0,0,0.0,1,,,,0,1,1,1,,0,0.0,0.0,0,,1,1,0.0,1,1,1.0,1,,1,1,0,1,1,
327,,0,0,,0.0,0.0,0.0,1,1,1,1,0,0,0,1,0.0,1,,,,0,1,1,1,,1,0.0,0.0,0,,1,1,0.0,1,1,0.0,1,,1,1,1,1,0,
328,,0,0,,0.0,0.0,0.0,1,1,1,1,0,0,0,1,0.0,0,,,,0,1,1,1,,0,0.0,0.0,0,,0,1,0.0,1,0,0.0,1,,1,1,1,1,0,
329,,0,0,,0.0,0.0,0.0,1,1,1,1,0,1,0,0,0.0,1,,,,1,1,1,1,,1,0.0,0.0,0,,1,0,0.0,0,0,0.0,1,,1,1,1,1,0,
330,,0,0,,0.0,0.0,0.0,1,1,1,1,0,1,0,1,0.0,1,,,,0,1,1,1,,1,0.0,0.0,0,,1,1,0.0,1,1,0.0,1,,1,1,0,1,0,
331,,0,0,,0.0,0.0,0.0,1,1,1,1,0,0,0,1,0.0,1,,,,1,1,1,1,,0,0.0,0.0,0,,0,1,0.0,0,0,0.0,1,,1,1,1,1,1,
332,,0,0,,0.0,0.0,0.0,1,1,1,1,0,1,0,0,0.0,1,,,,0,1,1,1,,0,0.0,0.0,0,,1,1,1.0,1,0,0.0,1,,1,1,1,1,1,
333,,0,0,,0.0,0.0,0.0,1,1,1,1,0,0,0,1,0.0,1,,,,0,1,0,1,,1,0.0,0.0,0,,1,0,0.0,1,0,0.0,1,,1,1,1,1,1,
334,,0,0,,0.0,0.0,0.0,1,1,1,1,0,0,0,1,0.0,0,,,,0,1,0,1,,0,0.0,0.0,0,,0,1,0.0,0,0,0.0,1,,1,1,1,1,0,
335,,0,0,,0.0,0.0,0.0,1,1,1,1,0,0,0,1,0.0,1,,,,0,0,0,1,,1,0.0,0.0,0,,1,1,0.0,1,0,0.0,1,,1,1,0,1,1,
336,,0,0,,0.0,0.0,0.0,1,1,1,1,0,0,0,0,0.0,0,,,,0,1,0,1,,1,0.0,0.0,0,,1,1,0.0,1,1,0.0,1,,1,1,0,1,0,
337,,0,0,,0.0,0.0,0.0,1,1,1,1,0,0,0,1,1.0,1,,,,0,1,0,1,,1,0.0,0.0,0,,1,0,0.0,0,0,0.0,1,,1,1,1,1,0,
338,,0,0,,0.0,0.0,0.0,1,0,1,1,0,0,0,1,0.0,0,,,,0,1,0,1,,1,0.0,0.0,0,,1,1,0.0,0,1,1.0,1,,1,1,1,1,1,
339,,0,0,,0.0,0.0,0.0,1,1,1,1,0,1,0,1,0.0,1,,,,0,1,1,1,,1,0.0,0.0,0,,1,1,0.0,1,1,0.0,1,,1,1,1,1,1,
340,,0,0,,0.0,0.0,0.0,1,1,1,1,0,0,0,1,0.0,0,,,,0,1,0,1,,1,0.0,0.0,0,,1,1,0.0,0,0,0.0,1,,1,1,1,1,1,
341,,0,0,,0.0,0.0,0.0,1,1,1,1,0,0,0,1,0.0,1,,,,1,1,1,1,,1,0.0,0.0,0,,0,1,0.0,0,0,0.0,1,,1,1,1,1,1,
342,,0,0,,0.0,0.0,0.0,1,1,1,1,0,0,0,0,0.0,0,,,,0,1,1,1,,1,0.0,0.0,0,,1,1,0.0,0,1,0.0,1,,1,1,1,1,1,
343,,0,0,,0.0,0.0,0.0,1,1,1,1,0,0,0,1,0.0,1,,,,1,1,1,1,,1,0.0,0.0,0,,1,1,0.0,1,0,0.0,1,,1,1,1,1,0,
344,,0,0,,0.0,0.0,0.0,1,1,1,1,0,0,0,1,0.0,1,,,,1,1,1,1,,0,0.0,0.0,0,,1,1,0.0,1,0,0.0,1,,1,1,1,1,0,
345,,0,0,,0.0,0.0,0.0,1,1,1,1,0,1,0,1,0.0,1,,,,1,1,1,1,,0,0.0,0.0,0,,1,1,0.0,1,0,0.0,1,,1,1,1,1,1,
346,,0,0,,0.0,0.0,0.0,1,1,1,1,0,1,0,0,0.0,0,,,,1,1,1,1,,1,0.0,0.0,0,,1,0,0.0,1,0,0.0,1,,1,1,1,1,0,
347,,0,1,,0.0,0.0,0.0,1,1,0,1,0,0,0,1,0.0,1,,,,0,1,1,1,,1,0.0,1.0,1,,1,1,0.0,1,0,0.0,1,,1,1,1,1,1,
348,,0,0,,0.0,0.0,0.0,1,1,1,1,0,0,0,1,0.0,0,,,,1,1,1,1,,1,0.0,0.0,0,,0,1,0.0,1,0,0.0,1,,1,1,0,1,1,
349,,0,0,,0.0,0.0,0.0,1,1,1,1,0,1,0,0,0.0,1,,,,0,1,1,1,,0,0.0,0.0,0,,1,0,1.0,1,0,0.0,1,,1,1,1,1,0,
350,,0,0,,0.0,0.0,0.0,1,1,1,1,0,0,0,0,0.0,1,,,,0,1,1,1,,0,0.0,0.0,0,,1,1,0.0,1,0,0.0,1,,1,1,0,1,1,
351,,0,0,,0.0,0.0,0.0,1,1,1,1,0,1,0,0,0.0,0,,,,0,1,1,1,,1,0.0,0.0,0,,1,1,0.0,1,0,0.0,1,,1,1,1,1,0,
352,,0,0,,0.0,0.0,0.0,1,1,1,1,0,1,0,1,0.0,1,,,,0,1,1,1,,1,0.0,0.0,0,,1,0,1.0,1,0,0.0,1,,1,1,1,1,1,
353,,0,0,,0.0,0.0,0.0,1,1,1,1,0,1,0,0,0.0,0,,,,0,1,1,1,,1,0.0,0.0,0,,1,0,0.0,1,0,0.0,1,,1,1,1,1,0,
354,,0,0,,0.0,0.0,0.0,1,1,1,1,0,1,0,0,0.0,0,,,,0,1,1,1,,1,0.0,0.0,0,,1,1,1.0,1,0,0.0,1,,1,1,1,1,1,
355,,0,0,,0.0,0.0,0.0,1,1,1,1,0,1,0,0,0.0,1,,,,0,1,0,1,,0,0.0,0.0,0,,1,0,0.0,1,0,0.0,1,,1,1,1,1,0,
356,,0,0,,0.0,0.0,0.0,1,1,1,1,0,0,0,1,0.0,0,,,,0,1,1,1,,0,0.0,0.0,0,,1,1,0.0,0,1,0.0,1,,1,1,0,1,0,
357,,0,0,,0.0,0.0,0.0,1,1,1,1,0,0,0,0,0.0,0,,,,0,1,1,1,,1,0.0,0.0,0,,0,0,0.0,0,0,0.0,1,,1,1,1,1,1,
358,,0,0,,0.0,0.0,0.0,1,1,1,1,0,0,0,0,0.0,0,,,,0,1,1,1,,0,0.0,0.0,0,,1,0,1.0,1,0,0.0,1,,1,1,1,1,1,
359,,0,0,,0.0,0.0,0.0,1,1,1,1,0,0,0,1,0.0,0,,,,1,1,1,1,,0,0.0,0.0,0,,1,1,0.0,1,1,0.0,1,,1,1,1,1,1,
360,,0,0,,0.0,0.0,0.0,1,1,1,1,0,1,0,1,0.0,1,,,,1,1,1,1,,1,0.0,0.0,0,,0,1,0.0,1,0,0.0,1,,1,1,1,1,1,
361,,0,0,,0.0,0.0,0.0,1,1,1,1,0,0,0,0,0.0,0,,,,0,1,1,1,,0,0.0,0.0,0,,1,0,0.0,1,0,0.0,1,,1,1,1,1,1,
362,,0,0,,0.0,0.0,0.0,1,1,1,1,0,1,0,0,0.0,1,,,,0,1,1,1,,0,0.0,0.0,1,,1,1,0.0,1,0,0.0,1,,1,1,1,1,0,
363,,0,0,,0.0,0.0,0.0,1,1,1,1,0,0,0,1,0.0,0,,,,0,1,1,1,,1,0.0,0.0,0,,1,1,1.0,1,1,0.0,1,,0,1,1,1,0,
364,,0,0,,0.0,0.0,0.0,1,1,1,1,0,1,0,0,0.0,0,,,,0,1,0,1,,0,0.0,0.0,0,,1,1,0.0,1,0,0.0,1,,1,1,1,1,1,
365,,0,0,,0.0,0.0,0.0,1,1,1,1,0,0,0,1,0.0,1,,,,0,1,1,1,,1,0.0,0.0,0,,1,1,0.0,1,0,0.0,1,,1,1,1,1,1,
366,,0,0,,0.0,0.0,0.0,1,1,1,1,0,1,0,0,0.0,1,,,,1,1,1,1,,1,0.0,0.0,0,,1,1,0.0,1,0,0.0,1,,1,1,1,1,1,
367,,0,0,,0.0,0.0,0.0,1,1,1,1,0,1,0,0,0.0,0,,,,0,1,1,1,,0,0.0,0.0,0,,1,0,0.0,1,0,0.0,1,,1,1,1,1,0,
368,,0,0,,0.0,0.0,0.0,1,1,1,1,0,1,0,1,0.0,0,,,,1,0,1,1,,1,0.0,0.0,0,,1,1,0.0,1,0,0.0,1,,1,1,1,1,0,
369,,0,0,,0.0,0.0,0.0,1,1,1,1,0,1,0,1,0.0,0,,,,1,1,1,1,,1,0.0,0.0,0,,1,0,0.0,1,1,0.0,1,,1,1,1,1,0,
370,,0,0,,0.0,0.0,0.0,1,1,1,1,0,1,0,1,0.0,0,,,,0,1,0,1,,0,0.0,0.0,0,,1,1,0.0,0,0,0.0,1,,1,1,1,1,1,
371,,0,0,,0.0,0.0,0.0,1,1,1,1,0,0,0,1,0.0,1,,,,1,1,1,1,,0,0.0,0.0,0,,1,1,0.0,1,1,0.0,1,,1,1,1,1,0,
372,,0,0,,0.0,0.0,0.0,1,1,1,1,0,1,0,0,0.0,0,,,,0,1,1,1,,0,0.0,0.0,0,,0,1,0.0,1,0,0.0,1,,1,1,1,1,0,
373,,0,0,,0.0,0.0,0.0,1,1,1,1,0,1,0,1,0.0,1,,,,0,0,1,1,,1,0.0,0.0,0,,1,1,0.0,1,0,0.0,1,,1,1,1,1,0,
374,,0,0,,0.0,0.0,0.0,1,1,1,1,0,1,0,1,0.0,1,,,,0,1,1,1,,0,0.0,0.0,0,,1,1,1.0,1,0,0.0,1,,1,1,0,1,1,
375,,0,0,,0.0,0.0,0.0,1,1,1,1,0,1,0,0,0.0,0,,,,1,1,1,1,,0,0.0,0.0,0,,1,0,0.0,0,0,0.0,1,,1,1,1,1,0,
376,,0,0,,0.0,0.0,0.0,1,1,1,1,0,0,0,0,0.0,1,,,,0,1,1,1,,1,0.0,0.0,0,,0,1,1.0,1,1,0.0,1,,1,1,1,1,1,
377,,0,0,,0.0,0.0,0.0,1,1,1,1,0,1,0,0,0.0,0,,,,1,1,1,1,,1,0.0,0.0,0,,1,0,0.0,1,0,0.0,1,,1,1,0,1,1,
378,,0,0,,0.0,0.0,0.0,1,1,1,1,0,0,0,1,0.0,1,,,,0,1,1,1,,1,0.0,0.0,0,,1,1,0.0,0,0,0.0,1,,1,1,1,1,1,
379,,0,0,,0.0,0.0,0.0,1,1,1,1,0,0,0,1,0.0,0,,,,0,1,1,1,,1,0.0,0.0,0,,1,1,0.0,0,1,0.0,1,,1,1,1,1,0,
380,,0,0,,0.0,0.0,0.0,1,1,1,1,0,0,0,1,0.0,0,,,,0,0,1,1,,0,0.0,0.0,0,,1,1,0.0,1,0,0.0,1,,1,1,1,1,1,
381,,0,0,,0.0,0.0,0.0,1,1,1,1,0,1,0,1,0.0,1,,,,0,0,1,1,,1,0.0,0.0,0,,1,1,0.0,1,1,0.0,1,,1,1,1,1,1,
382,,0,0,,0.0,0.0,0.0,1,1,1,1,0,0,0,1,0.0,1,,,,1,1,1,1,,0,0.0,0.0,0,,1,1,0.0,1,1,0.0,1,,1,1,1,1,1,
383,,0,0,,0.0,0.0,0.0,1,1,1,1,0,0,0,0,0.0,1,,,,1,1,1,1,,0,0.0,0.0,0,,1,1,1.0,1,0,0.0,1,,1,1,1,1,0,
384,,0,0,,0.0,0.0,0.0,1,1,1,1,0,0,0,1,0.0,1,,,,0,0,1,1,,1,0.0,0.0,0,,1,1,0.0,1,1,0.0,1,,1,1,0,1,1,
385,,0,0,,0.0,0.0,0.0,1,1,1,1,0,0,0,0,0.0,1,,,,0,0,1,1,,1,0.0,0.0,0,,1,1,0.0,1,0,0.0,1,,1,1,1,1,1,
386,,0,0,,0.0,0.0,0.0,1,1,1,1,0,0,0,0,0.0,1,,,,0,1,1,1,,0,0.0,0.0,0,,1,0,1.0,1,0,0.0,1,,1,1,1,1,0,
387,,0,0,,0.0,0.0,0.0,1,1,1,1,0,0,0,1,0.0,0,,,,1,1,1,1,,1,0.0,0.0,0,,1,1,0.0,1,0,0.0,1,,1,1,1,1,0,
388,,0,0,,0.0,0.0,0.0,1,1,1,1,0,0,0,0,0.0,1,,,,0,1,1,1,,0,0.0,0.0,0,,1,1,0.0,1,0,0.0,1,,1,1,1,1,0,
389,,0,0,,0.0,0.0,0.0,1,1,1,1,0,0,0,1,0.0,0,,,,1,0,1,1,,1,0.0,0.0,0,,1,0,0.0,1,0,0.0,1,,1,1,1,1,1,
390,,0,0,,0.0,0.0,0.0,1,1,1,1,0,0,0,1,0.0,1,,,,0,1,1,1,,0,0.0,0.0,0,,1,1,1.0,1,0,0.0,1,,1,1,1,1,0,
391,,0,0,,0.0,0.0,0.0,1,1,1,1,0,0,0,0,0.0,0,,,,1,1,1,1,,1,0.0,0.0,0,,1,1,0.0,1,0,0.0,1,,1,1,1,1,1,
392,,0,0,,0.0,0.0,0.0,1,1,1,1,0,0,0,1,0.0,0,,,,0,1,1,1,,0,0.0,0.0,0,,1,1,0.0,1,0,0.0,1,,1,1,1,1,0,
393,,0,0,,0.0,0.0,0.0,1,1,1,1,0,1,0,1,0.0,0,,,,0,0,1,1,,1,0.0,0.0,0,,1,1,1.0,1,0,0.0,1,,1,1,1,1,1,
394,,0,0,,0.0,0.0,0.0,1,1,1,1,0,0,0,0,1.0,1,,,,0,1,1,1,,1,0.0,0.0,0,,1,0,0.0,1,0,0.0,1,,1,1,1,1,1,
395,,0,0,,0.0,0.0,0.0,1,1,1,1,0,0,0,0,0.0,1,,,,0,1,1,1,,1,0.0,0.0,0,,1,1,0.0,1,0,0.0,1,,1,1,1,1,1,
396,,0,0,,0.0,0.0,0.0,1,1,1,1,0,0,0,1,0.0,0,,,,1,1,1,1,,1,0.0,0.0,0,,1,1,0.0,1,0,0.0,1,,1,1,1,1,0,
397,,0,0,,0.0,0.0,0.0,1,1,1,1,0,0,0,0,0.0,0,,,,0,1,0,1,,1,0.0,0.0,0,,0,1,1.0,1,0,0.0,1,,1,1,1,1,0,
398,,0,0,,0.0,0.0,0.0,1,1,1,1,0,0,0,0,0.0,0,,,,1,1,1,1,,1,0.0,0.0,0,,0,0,1.0,1,1,0.0,1,,1,1,0,1,0,
399,,0,0,,0.0,0.0,0.0,1,1,1,1,0,0,0,1,0.0,0,,,,1,1,1,1,,0,0.0,0.0,0,,1,0,0.0,1,0,0.0,1,,1,1,1,1,1,
400,,0,0,,0.0,0.0,0.0,1,1,1,1,0,1,0,0,0.0,1,,,,1,1,1,1,,1,0.0,0.0,0,,1,0,0.0,1,0,0.0,1,,1,1,1,1,0,
401,,0,0,,0.0,0.0,0.0,1,1,1,1,0,0,0,1,0.0,1,,,,1,1,1,1,,0,0.0,0.0,0,,0,1,0.0,1,0,0.0,1,,1,1,1,1,1,
402,,0,0,,0.0,0.0,0.0,1,1,1,1,0,1,0,1,0.0,0,,,,0,1,1,1,,0,0.0,0.0,0,,1,1,0.0,1,0,0.0,1,,1,1,1,1,0,
403,,0,0,,0.0,0.0,0.0,1,1,1,1,0,1,0,0,0.0,1,,,,1,1,1,1,,0,0.0,0.0,0,,1,1,0.0,1,0,0.0,1,,1,1,1,1,0,
404,,0,0,,0.0,0.0,0.0,1,1,1,1,0,1,0,0,0.0,1,,,,0,1,1,1,,0,0.0,0.0,0,,1,1,0.0,1,0,0.0,1,,1,1,1,1,0,
405,,0,0,,0.0,0.0,0.0,1,1,1,1,0,1,0,0,0.0,1,,,,1,1,1,1,,0,0.0,0.0,0,,1,1,0.0,1,0,0.0,1,,1,1,1,1,1,
406,,0,0,,0.0,0.0,0.0,1,1,1,1,0,1,0,1,0.0,1,,,,0,1,1,1,,1,0.0,0.0,0,,0,0,1.0,1,0,0.0,1,,1,0,0,1,0,
407,,0,0,,0.0,0.0,0.0,1,1,1,1,0,0,0,1,0.0,1,,,,1,1,1,1,,0,0.0,0.0,0,,1,1,0.0,1,1,0.0,1,,1,1,1,1,1,
408,,0,0,,0.0,0.0,0.0,1,1,1,1,0,0,0,0,0.0,1,,,,0,0,1,1,,1,0.0,0.0,0,,1,0,0.0,1,0,0.0,1,,1,1,0,1,1,
409,,0,0,,0.0,0.0,0.0,1,1,1,1,0,0,0,1,0.0,1,,,,1,1,1,1,,0,0.0,0.0,0,,0,0,0.0,0,1,0.0,1,,1,1,1,1,0,
410,,0,0,,0.0,0.0,0.0,1,1,1,1,0,0,0,0,0.0,0,,,,1,1,1,1,,0,0.0,0.0,0,,1,1,0.0,1,0,0.0,1,,1,1,1,1,1,
411,,0,0,,0.0,0.0,0.0,1,1,1,1,0,1,0,0,0.0,1,,,,0,1,1,1,,1,0.0,0.0,0,,1,1,1.0,1,0,0.0,1,,1,1,1,1,1,
412,,0,0,,0.0,0.0,0.0,1,1,1,1,0,1,0,1,0.0,1,,,,0,1,1,1,,0,0.0,0.0,0,,1,1,0.0,1,0,0.0,1,,1,1,1,1,1,
413,,0,0,,0.0,0.0,0.0,1,1,1,1,0,1,0,0,0.0,1,,,,1,1,1,1,,1,0.0,0.0,0,,1,1,0.0,1,0,0.0,1,,1,1,1,1,1,
414,,0,0,,0.0,0.0,0.0,1,1,1,1,0,0,0,0,0.0,1,,,,1,1,1,1,,1,0.0,0.0,0,,1,1,0.0,0,0,0.0,1,,1,1,1,1,0,
415,,0,0,,0.0,0.0,0.0,1,1,1,1,0,0,0,0,0.0,0,,,,1,1,1,1,,1,0.0,0.0,0,,0,1,0.0,1,0,0.0,1,,1,1,1,1,1,
416,,0,0,,0.0,0.0,0.0,1,1,1,1,0,0,0,0,0.0,0,,,,1,1,1,1,,1,0.0,0.0,0,,0,1,0.0,0,0,0.0,1,,1,1,1,1,1,
417,,0,0,,0.0,0.0,0.0,1,1,1,1,0,0,0,1,0.0,0,,,,0,1,1,1,,1,0.0,0.0,0,,0,1,0.0,1,0,0.0,1,,1,1,1,1,1,
418,,0,0,,0.0,0.0,0.0,1,1,1,1,0,1,0,0,0.0,1,,,,1,1,1,1,,1,0.0,0.0,0,,0,0,0.0,0,0,0.0,1,,1,1,1,1,0,
419,,0,0,,0.0,0.0,0.0,1,1,1,1,0,1,0,0,0.0,0,,,,1,1,1,1,,1,0.0,0.0,0,,1,1,0.0,1,1,0.0,1,,0,1,1,1,1,
420,,0,0,,0.0,0.0,0.0,1,1,1,1,0,1,0,0,0.0,1,,,,0,1,1,1,,0,0.0,0.0,0,,0,0,1.0,1,0,0.0,1,,1,1,1,1,0,
421,,0,0,,0.0,0.0,0.0,1,0,1,1,0,0,0,1,0.0,1,,,,0,1,0,1,,0,0.0,0.0,0,,1,1,0.0,0,0,0.0,1,,1,1,0,1,1,
422,,0,0,,0.0,0.0,0.0,1,1,1,1,0,1,0,1,0.0,0,,,,0,1,1,1,,1,0.0,0.0,0,,1,1,1.0,1,0,0.0,1,,0,1,0,1,1,
423,,0,0,,0.0,0.0,0.0,1,1,1,1,0,0,0,0,0.0,1,,,,0,1,0,1,,0,0.0,0.0,0,,1,1,0.0,1,0,0.0,1,,1,1,1,1,1,
424,,0,0,,0.0,0.0,0.0,1,0,1,1,0,0,0,0,0.0,1,,,,1,1,1,1,,1,0.0,0.0,0,,1,1,1.0,1,0,0.0,1,,1,1,1,1,0,
425,,0,0,,0.0,0.0,0.0,1,0,1,1,0,1,0,1,0.0,0,,,,0,0,1,1,,0,0.0,0.0,0,,1,0,1.0,1,0,0.0,1,,1,1,1,1,0,
426,,0,0,,0.0,0.0,0.0,1,1,1,1,0,0,0,0,0.0,0,,,,0,1,1,1,,1,0.0,0.0,0,,1,1,0.0,1,0,0.0,1,,1,1,1,1,0,
427,,0,0,,0.0,0.0,0.0,1,1,1,1,0,0,0,0,0.0,0,,,,1,1,1,1,,1,0.0,0.0,0,,1,1,0.0,1,0,0.0,1,,1,1,0,1,1,
428,,0,0,,0.0,0.0,0.0,1,1,1,1,0,1,0,0,0.0,1,,,,0,0,1,1,,1,0.0,0.0,0,,1,1,0.0,1,1,0.0,1,,1,1,1,1,1,
429,,0,1,,0.0,0.0,0.0,1,0,1,1,0,0,0,0,0.0,1,,,,0,0,1,1,,0,0.0,1.0,0,,1,0,0.0,1,0,0.0,1,,1,1,0,1,1,
430,,0,0,,0.0,0.0,0.0,1,1,1,1,0,0,0,0,0.0,1,,,,0,0,1,1,,0,0.0,0.0,0,,1,1,0.0,0,1,0.0,1,,1,1,1,1,0,
431,,0,0,,0.0,0.0,0.0,1,1,1,1,0,0,0,1,0.0,1,,,,0,1,1,1,,1,0.0,0.0,1,,1,0,0.0,1,0,0.0,1,,1,1,0,1,0,
432,,0,0,,0.0,0.0,0.0,1,1,1,1,0,0,0,0,0.0,1,,,,0,1,1,1,,1,0.0,0.0,0,,1,0,1.0,1,0,0.0,1,,1,1,0,1,0,
433,,0,0,,0.0,0.0,0.0,1,1,1,1,0,0,0,1,0.0,0,,,,1,1,1,1,,1,0.0,0.0,0,,1,1,0.0,1,0,0.0,1,,1,1,1,1,0,
434,,0,0,,0.0,0.0,0.0,1,1,1,1,0,0,0,0,0.0,0,,,,1,1,1,1,,0,0.0,0.0,0,,1,1,0.0,0,1,0.0,1,,1,1,1,1,1,
435,,0,0,,0.0,0.0,0.0,1,1,1,1,0,0,0,0,0.0,1,,,,1,1,1,1,,1,0.0,0.0,0,,1,1,0.0,1,0,0.0,1,,1,1,0,1,0,
436,,0,0,,0.0,0.0,0.0,1,1,1,1,0,0,0,0,0.0,0,,,,1,1,1,1,,1,0.0,0.0,0,,1,1,0.0,1,0,0.0,1,,1,1,1,1,0,
437,,0,0,,0.0,0.0,0.0,1,1,1,1,0,1,0,0,0.0,1,,,,1,1,1,1,,0,0.0,0.0,0,,1,1,0.0,1,1,0.0,1,,1,1,0,1,1,
438,,0,0,,0.0,0.0,0.0,1,1,1,1,0,0,0,0,0.0,1,,,,1,1,1,1,,0,0.0,0.0,0,,0,1,0.0,0,0,0.0,1,,1,1,1,1,0,
439,,0,0,,0.0,0.0,0.0,1,1,1,1,0,0,0,0,0.0,0,,,,1,1,1,1,,0,0.0,0.0,0,,1,1,0.0,1,0,0.0,1,,1,1,1,1,0,
440,,0,0,,0.0,0.0,0.0,1,1,1,1,0,0,0,0,0.0,0,,,,1,1,1,1,,1,0.0,0.0,0,,1,1,0.0,1,0,0.0,1,,1,1,1,1,1,
441,,0,1,,0.0,0.0,0.0,1,1,1,1,0,1,0,1,0.0,0,,,,1,0,1,1,,0,0.0,0.0,0,,1,0,0.0,1,0,0.0,1,,1,1,1,1,0,
442,,0,0,,0.0,0.0,0.0,1,1,1,1,0,0,0,0,0.0,1,,,,1,1,1,1,,0,0.0,0.0,0,,1,0,0.0,1,0,0.0,1,,1,1,1,1,0,
443,,0,0,,0.0,0.0,0.0,1,1,1,1,0,1,0,1,0.0,0,,,,0,1,1,1,,1,0.0,0.0,0,,1,1,1.0,1,0,0.0,1,,1,1,0,1,0,
444,,0,0,,0.0,0.0,0.0,1,1,1,1,0,0,0,0,0.0,1,,,,1,1,1,1,,1,0.0,0.0,0,,1,1,0.0,1,0,0.0,1,,1,1,1,1,1,
445,,0,0,,0.0,0.0,0.0,1,1,1,1,0,0,0,1,0.0,1,,,,1,1,1,1,,1,0.0,0.0,0,,1,0,0.0,1,0,0.0,1,,1,1,1,1,1,
446,,0,0,,0.0,0.0,0.0,1,1,1,1,0,0,0,0,0.0,0,,,,0,1,0,1,,1,0.0,1.0,1,,1,1,0.0,1,0,0.0,1,,1,1,1,1,1,
447,,0,0,,0.0,0.0,0.0,1,1,1,1,0,0,0,0,0.0,0,,,,0,1,0,1,,1,0.0,1.0,1,,1,0,0.0,1,0,0.0,1,,1,1,0,1,1,
448,,0,0,,0.0,0.0,0.0,1,1,1,1,0,0,0,0,0.0,0,,,,0,1,1,1,,1,0.0,0.0,0,,1,1,0.0,0,0,0.0,1,,1,1,1,1,0,
449,,0,0,,0.0,0.0,0.0,1,1,1,1,0,1,0,1,0.0,0,,,,0,1,1,1,,1,0.0,0.0,0,,1,1,0.0,1,0,0.0,1,,1,1,0,1,0,
450,,0,0,,0.0,0.0,0.0,1,1,1,1,0,1,0,0,0.0,1,,,,1,1,1,1,,0,0.0,0.0,0,,1,1,0.0,1,0,0.0,1,,1,1,1,1,0,
451,,0,0,,0.0,0.0,0.0,1,1,1,1,0,0,0,0,0.0,1,,,,0,1,1,1,,0,0.0,0.0,0,,1,1,0.0,1,0,0.0,1,,1,1,1,1,1,
452,,0,0,,0.0,0.0,0.0,1,1,1,1,0,0,0,1,0.0,0,,,,0,1,0,1,,0,0.0,0.0,0,,0,1,0.0,1,1,0.0,1,,1,1,1,1,0,
453,,0,0,,0.0,0.0,0.0,1,1,1,1,0,1,0,1,0.0,0,,,,1,1,1,1,,0,0.0,0.0,0,,1,0,0.0,1,0,0.0,1,,1,1,1,1,0,
454,,0,0,,0.0,0.0,0.0,1,1,1,1,0,0,0,0,0.0,0,,,,0,1,1,1,,0,0.0,0.0,0,,1,0,0.0,1,0,0.0,1,,1,1,1,1,1,
455,,0,0,,0.0,0.0,0.0,1,1,1,1,0,1,0,0,0.0,0,,,,1,1,1,1,,1,0.0,0.0,0,,1,1,0.0,1,0,0.0,1,,1,1,1,1,0,
456,,0,0,,0.0,0.0,0.0,1,1,1,1,0,0,0,0,0.0,0,,,,1,1,1,1,,1,0.0,0.0,0,,1,1,0.0,1,0,0.0,1,,1,1,1,1,1,
457,,0,0,,0.0,0.0,0.0,1,1,1,1,0,0,0,1,0.0,1,,,,1,1,1,1,,1,0.0,0.0,0,,1,0,0.0,1,0,0.0,1,,1,1,1,1,1,
458,,0,0,,0.0,0.0,0.0,1,1,1,1,0,0,0,1,0.0,1,,,,1,1,1,1,,1,0.0,0.0,0,,1,1,0.0,0,0,0.0,1,,1,1,1,1,1,
459,,0,0,,0.0,0.0,0.0,1,1,1,1,0,1,0,0,0.0,1,,,,0,1,1,1,,1,0.0,0.0,0,,1,1,0.0,0,0,0.0,1,,1,1,0,1,1,
460,,0,0,,0.0,0.0,0.0,1,1,1,1,0,1,0,0,0.0,0,,,,1,1,1,1,,1,0.0,0.0,0,,1,0,0.0,1,0,0.0,1,,1,1,0,1,0,
461,,0,0,,0.0,0.0,0.0,1,1,1,1,0,1,0,1,0.0,1,,,,0,1,1,1,,0,0.0,0.0,0,,1,1,1.0,1,0,0.0,1,,1,1,1,1,0,
462,,0,0,,0.0,0.0,0.0,1,1,1,1,0,1,0,1,0.0,0,,,,1,1,1,1,,1,0.0,0.0,0,,1,1,0.0,1,0,0.0,1,,1,1,0,1,0,
463,,0,1,,0.0,0.0,0.0,1,1,1,1,0,0,0,1,0.0,1,,,,0,1,0,1,,1,0.0,0.0,0,,0,1,0.0,0,0,0.0,1,,0,1,0,1,0,
464,,0,0,,0.0,0.0,0.0,1,0,1,1,0,0,0,0,0.0,1,,,,0,1,0,1,,1,0.0,0.0,0,,0,0,0.0,1,0,0.0,1,,1,1,0,1,1,
465,,0,0,,0.0,0.0,0.0,1,0,1,1,0,0,0,0,0.0,0,,,,0,1,1,1,,1,0.0,0.0,0,,1,1,0.0,0,0,0.0,1,,1,1,1,1,1,
466,,0,0,,0.0,0.0,0.0,1,1,1,1,0,0,0,1,0.0,1,,,,1,1,1,1,,0,0.0,0.0,0,,0,1,0.0,1,0,0.0,1,,1,1,1,1,1,
467,,0,0,,0.0,0.0,0.0,1,1,1,1,0,0,0,1,0.0,0,,,,1,1,1,1,,0,0.0,0.0,0,,1,0,0.0,1,0,0.0,1,,1,1,1,1,0,
468,,0,0,,0.0,0.0,0.0,1,1,1,1,0,1,0,0,0.0,0,,,,0,1,1,1,,0,0.0,0.0,0,,1,1,0.0,1,0,0.0,1,,1,1,0,1,1,
469,,0,0,,0.0,0.0,0.0,1,1,1,1,0,1,0,0,0.0,0,,,,0,1,1,1,,1,0.0,0.0,0,,1,1,0.0,1,0,0.0,1,,1,1,1,1,0,
470,,0,0,,0.0,0.0,0.0,1,1,1,1,0,0,0,0,0.0,1,,,,0,1,1,1,,0,0.0,0.0,0,,0,0,1.0,1,0,0.0,1,,1,1,0,1,0,
471,,0,0,,0.0,0.0,0.0,1,1,1,1,0,0,0,0,0.0,0,,,,1,1,1,1,,1,0.0,0.0,0,,0,1,0.0,0,0,1.0,1,,1,1,1,1,1,
472,,0,0,,0.0,0.0,0.0,1,1,1,1,0,1,0,0,0.0,0,,,,1,1,1,1,,1,0.0,0.0,0,,1,1,0.0,1,0,0.0,1,,1,1,1,1,1,
473,,0,1,,0.0,0.0,0.0,1,0,1,1,0,1,0,1,0.0,1,,,,0,1,1,1,,1,0.0,0.0,0,,1,1,1.0,1,1,0.0,1,,1,1,0,1,0,
474,,0,0,,0.0,0.0,0.0,1,1,1,1,0,1,0,1,0.0,0,,,,0,1,1,1,,0,0.0,0.0,1,,1,1,1.0,1,0,0.0,1,,1,1,0,0,1,
475,,0,0,,0.0,0.0,0.0,1,1,1,1,0,1,0,0,0.0,0,,,,0,1,0,1,,0,0.0,0.0,0,,1,1,0.0,0,0,0.0,1,,1,1,0,1,1,
476,,0,1,,0.0,0.0,0.0,1,1,1,1,0,0,0,0,0.0,1,,,,0,1,0,1,,0,0.0,0.0,0,,1,0,0.0,0,0,0.0,1,,1,1,0,1,0,
477,,0,0,,0.0,0.0,0.0,1,1,1,1,0,1,0,0,0.0,1,,,,0,1,0,1,,1,0.0,0.0,0,,1,1,0.0,1,0,0.0,1,,1,1,1,1,0,
478,,0,0,,0.0,0.0,0.0,1,1,1,1,0,0,0,0,0.0,0,,,,0,1,0,1,,1,0.0,1.0,1,,1,1,0.0,1,0,0.0,1,,1,0,0,1,1,
479,,0,1,,0.0,0.0,0.0,1,1,1,1,0,0,0,0,0.0,1,,,,0,1,0,1,,1,0.0,1.0,1,,1,1,0.0,1,0,0.0,1,,1,1,1,1,0,
480,,0,0,,0.0,0.0,0.0,1,1,1,1,0,0,0,0,0.0,1,,,,0,0,0,1,,0,0.0,1.0,1,,1,1,0.0,1,0,0.0,1,,0,1,0,1,1,
481,,0,0,,0.0,0.0,0.0,1,1,0,1,0,0,0,1,0.0,0,,,,0,1,1,1,,0,0.0,1.0,1,,1,0,0.0,1,0,0.0,1,,1,1,0,1,1,
482,,0,1,,0.0,0.0,0.0,1,1,1,1,0,0,0,0,0.0,1,,,,0,1,1,1,,1,0.0,1.0,1,,1,0,0.0,1,0,0.0,1,,1,1,0,1,0,
483,,0,0,,0.0,0.0,0.0,1,1,1,1,0,0,0,0,0.0,0,,,,0,1,0,1,,1,0.0,1.0,1,,1,0,0.0,1,0,1.0,1,,1,0,0,1,0,
484,,0,1,,0.0,0.0,0.0,1,1,1,1,0,0,0,0,0.0,1,,,,0,0,1,1,,1,0.0,1.0,1,,1,0,0.0,0,0,0.0,0,,0,1,1,1,1,
485,,0,1,,0.0,0.0,0.0,1,1,0,1,0,0,0,0,0.0,1,,,,0,1,0,1,,0,0.0,0.0,1,,1,1,0.0,0,0,0.0,0,,0,1,1,1,0,
486,,0,0,,0.0,0.0,0.0,1,1,0,1,0,0,0,0,0.0,1,,,,0,1,1,1,,0,0.0,1.0,1,,1,1,0.0,0,1,0.0,0,,0,1,1,1,0,
487,,0,0,,0.0,0.0,0.0,1,1,0,1,0,0,0,1,0.0,1,,,,0,0,0,1,,0,0.0,0.0,1,,1,0,0.0,1,0,0.0,0,,0,1,1,1,0,
488,,0,0,,0.0,0.0,0.0,1,1,0,1,0,0,0,0,0.0,1,,,,0,1,0,1,,0,0.0,1.0,1,,1,0,0.0,1,0,0.0,0,,0,1,1,1,0,
489,,0,1,,0.0,0.0,0.0,1,1,0,1,0,0,0,0,0.0,1,,,,0,0,0,1,,1,0.0,1.0,1,,1,0,0.0,1,0,0.0,0,,0,1,1,1,0,
490,,0,1,,0.0,0.0,0.0,1,1,1,1,0,0,0,0,0.0,0,,,,0,1,0,1,,0,0.0,1.0,1,,1,0,0.0,1,0,0.0,0,,0,1,1,1,1,
491,,0,1,,0.0,0.0,0.0,1,1,1,1,0,0,0,0,0.0,1,,,,0,1,1,1,,1,0.0,1.0,1,,1,0,0.0,1,0,0.0,0,,0,0,0,1,0,
492,,0,1,,0.0,0.0,0.0,1,1,1,1,0,0,0,0,0.0,1,,,,0,1,1,1,,1,0.0,1.0,1,,1,0,0.0,1,0,0.0,0,,0,1,0,1,0,
493,,0,0,,0.0,0.0,0.0,1,1,1,1,0,0,0,1,0.0,1,,,,0,1,1,1,,1,0.0,1.0,1,,1,0,0.0,1,1,0.0,0,,0,1,1,1,1,
494,,0,1,,0.0,0.0,0.0,1,1,1,1,0,0,0,0,0.0,0,,,,0,1,1,1,,1,0.0,1.0,1,,1,0,0.0,1,1,0.0,0,,0,1,0,1,0,
495,,0,1,,0.0,0.0,0.0,1,1,1,1,0,0,0,0,0.0,0,,,,0,1,1,1,,1,0.0,1.0,1,,1,1,0.0,1,1,0.0,0,,0,0,0,1,0,
496,,0,0,,0.0,0.0,0.0,1,1,1,1,0,0,0,0,0.0,0,,,,0,1,1,1,,1,1.0,1.0,1,,1,1,0.0,1,0,0.0,0,,0,1,0,1,1,
497,,0,0,,0.0,0.0,0.0,1,1,1,1,0,0,0,0,0.0,0,,,,0,1,0,1,,0,0.0,1.0,1,,1,0,0.0,1,0,0.0,0,,0,1,0,1,0,
498,,0,0,,0.0,0.0,0.0,1,1,1,1,0,1,0,0,0.0,1,,,,0,1,0,1,,0,0.0,1.0,1,,1,0,0.0,1,0,0.0,0,,0,1,1,1,0,
499,,0,0,,0.0,0.0,0.0,1,1,0,1,0,0,0,0,0.0,1,,,,0,1,0,1,,0,0.0,1.0,1,,1,0,0.0,0,0,0.0,0,,0,1,1,1,0,
500,,0,0,,0.0,0.0,0.0,1,1,1,1,0,0,0,0,0.0,1,,,,0,1,1,1,,0,0.0,0.0,1,,1,1,0.0,0,0,0.0,0,,0,1,1,1,1,
501,,0,1,,0.0,0.0,0.0,1,1,1,1,0,0,0,1,0.0,1,,,,0,1,0,1,,0,0.0,1.0,1,,1,0,0.0,0,0,0.0,0,,0,1,1,1,0,
502,,0,0,,0.0,0.0,0.0,1,1,0,1,0,1,0,0,0.0,1,,,,0,1,1,1,,1,0.0,1.0,1,,1,0,0.0,0,0,0.0,0,,0,1,0,1,1,
503,,0,0,,0.0,0.0,0.0,1,1,1,1,0,0,0,1,0.0,1,,,,0,1,0,1,,0,0.0,1.0,1,,1,0,0.0,1,0,0.0,0,,0,1,1,1,1,
504,,0,0,,0.0,0.0,0.0,1,1,1,1,0,0,0,0,0.0,0,,,,0,1,1,1,,1,0.0,1.0,1,,1,1,0.0,1,0,0.0,0,,0,1,0,1,0,
505,,0,0,,0.0,0.0,0.0,1,1,1,1,0,0,0,0,0.0,0,,,,0,1,1,1,,1,0.0,1.0,1,,1,0,0.0,1,1,0.0,0,,0,1,1,1,0,
506,,0,0,,0.0,0.0,0.0,1,1,0,1,0,0,0,1,0.0,0,,,,0,1,1,1,,0,0.0,1.0,1,,1,0,0.0,1,0,0.0,0,,0,1,1,1,0,
507,,0,0,,0.0,0.0,0.0,1,1,1,1,0,1,0,1,0.0,0,,,,0,0,1,1,,1,0.0,1.0,1,,1,0,0.0,1,0,0.0,0,,0,1,0,1,1,
508,,0,0,,0.0,0.0,0.0,1,1,1,1,0,0,1,0,0.0,0,,,,0,1,1,1,,0,0.0,1.0,1,,1,1,0.0,1,1,0.0,0,,0,1,0,1,1,
509,,0,0,,0.0,0.0,0.0,1,1,0,1,0,1,0,0,0.0,1,,,,0,1,0,1,,1,0.0,1.0,1,,1,0,0.0,1,1,0.0,0,,0,1,1,1,1,
510,,0,0,,0.0,0.0,0.0,1,1,1,1,0,0,0,1,0.0,1,,,,0,1,1,1,,1,0.0,1.0,1,,1,0,0.0,1,1,0.0,0,,0,1,0,1,1,
511,,0,0,,0.0,0.0,0.0,1,1,0,1,0,1,0,0,0.0,1,,,,0,1,1,1,,1,0.0,1.0,1,,1,1,0.0,0,0,0.0,0,,0,1,0,1,1,
512,,0,0,,0.0,0.0,0.0,1,1,0,1,0,0,0,0,0.0,1,,,,0,1,1,1,,1,0.0,1.0,1,,1,0,0.0,1,0,0.0,0,,0,1,1,1,0,
513,,0,0,,0.0,0.0,0.0,1,1,1,1,0,0,0,0,0.0,0,,,,0,1,0,1,,0,0.0,1.0,1,,1,0,0.0,1,1,0.0,0,,0,1,0,1,0,
514,,0,0,,0.0,0.0,0.0,1,1,0,1,0,1,0,1,0.0,1,,,,0,1,1,1,,1,0.0,1.0,1,,1,1,0.0,1,1,0.0,0,,0,1,1,1,1,
515,,0,0,,0.0,0.0,0.0,1,1,1,1,0,0,0,0,0.0,1,,,,0,1,0,1,,1,0.0,1.0,1,,1,0,0.0,1,0,0.0,0,,0,1,1,1,1,
516,,0,0,,0.0,0.0,0.0,1,1,1,1,0,0,0,0,0.0,1,,,,0,1,1,1,,1,0.0,1.0,1,,1,0,0.0,1,0,0.0,0,,0,1,1,1,1,
517,,0,0,,0.0,0.0,0.0,1,0,1,1,0,0,0,0,0.0,1,,,,0,1,1,1,,1,0.0,1.0,1,,1,1,0.0,1,0,0.0,0,,0,1,0,1,1,
518,,0,1,,0.0,0.0,0.0,1,1,1,1,0,0,0,0,0.0,1,,,,0,1,0,1,,1,0.0,1.0,1,,1,1,0.0,0,0,0.0,0,,0,1,0,1,1,
519,,0,0,,0.0,0.0,0.0,1,1,0,1,0,0,0,0,0.0,1,,,,0,0,0,1,,1,0.0,1.0,1,,1,0,0.0,0,1,0.0,0,,0,1,1,1,1,
520,,0,1,,0.0,0.0,0.0,1,1,0,1,0,1,1,1,0.0,1,,,,0,1,0,1,,0,0.0,1.0,1,,1,0,0.0,1,0,0.0,0,,0,1,0,1,0,
521,,0,0,,0.0,0.0,0.0,1,1,1,1,0,0,0,0,0.0,1,,,,0,0,1,1,,0,0.0,1.0,1,,1,0,0.0,1,0,0.0,0,,0,1,1,1,0,
522,,0,0,,0.0,0.0,0.0,1,1,0,1,0,1,0,0,0.0,1,,,,0,1,1,1,,1,0.0,1.0,1,,1,1,0.0,1,0,0.0,0,,0,1,1,1,1,
523,,0,0,,0.0,0.0,0.0,1,1,0,1,0,0,0,0,0.0,1,,,,0,0,1,1,,1,0.0,1.0,1,,1,0,0.0,1,0,0.0,0,,0,1,0,1,1,
524,,0,0,,0.0,0.0,0.0,1,1,1,1,0,1,0,0,0.0,0,,,,0,1,0,1,,0,0.0,1.0,1,,1,0,0.0,1,0,0.0,0,,0,1,0,1,0,
525,,0,0,,0.0,0.0,0.0,1,1,0,1,0,0,0,0,0.0,0,,,,0,1,1,1,,1,0.0,1.0,1,,1,1,0.0,1,0,0.0,0,,0,1,1,1,1,
526,,0,0,,0.0,0.0,0.0,1,1,1,1,0,0,0,0,0.0,1,,,,0,1,1,1,,1,0.0,0.0,1,,1,0,0.0,0,1,0.0,0,,0,1,1,1,1,
527,,0,1,,0.0,0.0,0.0,1,1,0,1,0,1,0,0,0.0,1,,,,0,1,1,1,,1,0.0,1.0,1,,1,1,0.0,1,0,0.0,0,,0,1,1,1,0,
528,,0,0,,0.0,0.0,0.0,1,1,0,1,0,0,0,0,0.0,0,,,,0,1,1,1,,0,0.0,0.0,1,,1,1,0.0,1,0,0.0,0,,0,1,1,1,0,
529,,0,1,,0.0,0.0,0.0,1,1,0,1,0,1,0,0,0.0,0,,,,0,1,0,1,,1,0.0,1.0,1,,1,0,0.0,0,0,0.0,0,,0,1,0,1,1,
530,,0,0,,0.0,0.0,0.0,1,1,1,1,0,0,0,0,0.0,1,,,,0,0,0,1,,1,0.0,1.0,1,,1,0,0.0,1,1,0.0,0,,0,1,0,1,0,
531,,0,1,,0.0,0.0,0.0,1,1,1,1,0,0,0,0,0.0,0,,,,0,1,1,1,,1,0.0,1.0,1,,1,1,0.0,1,0,0.0,0,,0,1,1,1,0,
532,,0,0,,0.0,0.0,0.0,1,1,0,1,0,0,0,1,0.0,1,,,,0,1,0,1,,1,0.0,1.0,1,,1,1,0.0,1,1,0.0,0,,0,1,1,1,0,
533,,0,0,,0.0,0.0,0.0,1,1,1,1,0,0,0,0,0.0,1,,,,0,1,0,1,,1,1.0,1.0,1,,1,0,0.0,0,0,0.0,0,,0,0,0,1,1,
534,,0,1,,0.0,0.0,0.0,1,1,0,1,0,0,0,0,0.0,0,,,,0,1,1,1,,1,0.0,0.0,1,,1,1,0.0,1,0,0.0,0,,0,1,1,1,1,
535,,0,0,,0.0,0.0,0.0,1,1,1,1,0,0,0,0,0.0,0,,,,0,1,1,1,,0,0.0,1.0,1,,1,1,0.0,1,0,0.0,0,,0,1,1,1,1,
536,,0,0,,0.0,0.0,0.0,1,1,1,1,0,0,0,0,0.0,1,,,,0,1,1,1,,0,0.0,1.0,1,,1,0,0.0,1,1,0.0,0,,0,1,0,1,1,
537,,0,1,,0.0,0.0,0.0,1,1,1,1,0,0,0,1,0.0,1,,,,0,1,1,1,,1,0.0,1.0,1,,1,0,0.0,1,0,0.0,0,,0,1,0,1,1,
538,,0,1,,0.0,0.0,0.0,1,1,1,1,0,0,0,1,0.0,0,,,,0,1,0,1,,1,0.0,1.0,1,,1,0,0.0,0,0,0.0,1,,0,1,0,1,1,
539,,0,0,,0.0,0.0,0.0,1,1,1,1,0,0,0,0,0.0,0,,,,0,1,1,1,,0,0.0,1.0,1,,1,0,0.0,1,0,0.0,0,,0,1,0,1,1,
540,,0,0,,0.0,0.0,0.0,1,1,1,1,0,0,0,0,0.0,1,,,,0,1,0,1,,1,0.0,1.0,1,,1,0,0.0,1,0,0.0,0,,0,1,0,1,1,
541,,0,1,,0.0,0.0,0.0,1,0,1,1,0,1,0,0,0.0,0,,,,0,1,1,1,,1,0.0,1.0,1,,1,1,0.0,1,0,0.0,0,,0,1,0,1,1,
542,,0,0,,0.0,0.0,0.0,1,1,1,1,0,0,0,1,0.0,1,,,,0,1,1,1,,1,0.0,1.0,1,,1,0,0.0,1,0,0.0,0,,0,1,0,1,0,
543,,0,0,,0.0,0.0,0.0,1,1,1,1,0,0,0,0,0.0,1,,,,0,1,0,1,,0,0.0,1.0,1,,1,0,0.0,1,0,0.0,0,,0,1,0,1,0,
544,,0,0,,0.0,0.0,0.0,1,1,1,1,0,0,0,0,0.0,1,,,,0,1,0,1,,0,0.0,1.0,1,,1,0,0.0,0,1,0.0,0,,0,1,0,1,0,
545,,0,0,,0.0,0.0,0.0,1,1,1,1,0,0,0,0,0.0,1,,,,0,1,1,1,,0,0.0,1.0,1,,1,0,0.0,1,1,0.0,0,,0,1,1,1,1,
546,,0,1,,0.0,0.0,0.0,1,1,1,1,0,0,1,0,0.0,1,,,,0,1,1,1,,1,0.0,1.0,1,,1,1,0.0,1,0,0.0,0,,0,1,1,1,1,
547,,0,0,,0.0,0.0,0.0,1,1,1,1,0,0,0,0,0.0,0,,,,0,1,1,1,,1,0.0,1.0,1,,1,1,0.0,1,0,0.0,0,,0,1,1,1,1,
548,,0,1,,0.0,0.0,0.0,1,1,1,1,0,0,0,0,0.0,1,,,,0,1,0,1,,1,0.0,1.0,1,,1,0,0.0,1,0,0.0,0,,0,1,1,1,0,
549,,0,0,,0.0,0.0,0.0,1,1,1,1,0,0,0,1,0.0,1,,,,0,1,0,1,,0,0.0,1.0,1,,1,0,0.0,1,0,0.0,0,,0,1,0,1,1,
550,,0,1,,0.0,0.0,0.0,1,1,1,1,0,0,0,0,0.0,1,,,,0,1,0,1,,0,0.0,1.0,1,,1,0,0.0,1,0,0.0,0,,0,1,0,1,0,
551,,0,0,,0.0,0.0,0.0,1,1,1,1,0,0,0,1,0.0,1,,,,0,1,1,1,,1,0.0,1.0,1,,1,0,0.0,1,1,0.0,0,,0,1,0,1,0,
552,,0,1,,0.0,0.0,0.0,1,1,0,1,0,1,0,1,0.0,1,,,,0,1,0,1,,1,0.0,1.0,1,,1,0,0.0,1,0,0.0,0,,0,1,0,1,0,
553,,0,0,,0.0,0.0,0.0,1,1,1,1,0,0,0,1,0.0,0,,,,0,0,1,1,,1,0.0,1.0,1,,1,0,0.0,1,1,0.0,0,,0,1,0,1,0,
554,,0,1,,0.0,0.0,0.0,1,1,1,1,0,0,0,0,0.0,0,,,,0,0,0,1,,1,0.0,1.0,1,,1,1,0.0,0,0,0.0,0,,0,1,0,1,0,
555,,0,1,,0.0,0.0,0.0,1,1,0,1,0,0,0,0,0.0,0,,,,0,1,0,1,,0,0.0,1.0,1,,1,0,0.0,0,0,0.0,0,,0,1,1,1,1,
556,,0,0,,0.0,0.0,0.0,1,1,0,1,0,0,0,0,0.0,1,,,,0,1,0,1,,1,0.0,1.0,1,,1,0,0.0,0,1,0.0,0,,0,1,1,1,1,
557,,0,0,,0.0,0.0,0.0,1,1,0,1,0,0,0,0,0.0,1,,,,0,1,0,1,,1,0.0,1.0,1,,1,1,0.0,1,0,0.0,0,,0,1,0,1,0,
558,,0,1,,0.0,0.0,0.0,1,1,1,1,0,0,0,0,0.0,1,,,,0,1,1,1,,1,0.0,1.0,1,,1,1,0.0,1,0,0.0,0,,0,1,0,1,1,
559,,0,1,,0.0,0.0,0.0,1,1,1,1,0,0,0,0,0.0,1,,,,0,1,1,1,,0,0.0,1.0,1,,1,0,0.0,0,1,0.0,0,,0,1,1,1,0,
560,,0,1,,0.0,0.0,0.0,1,1,0,1,0,0,0,0,0.0,0,,,,0,1,0,1,,0,0.0,1.0,1,,1,0,0.0,1,1,0.0,0,,0,1,0,1,0,
561,,0,1,,0.0,0.0,0.0,1,1,1,1,0,0,0,0,0.0,1,,,,0,1,1,1,,1,0.0,1.0,1,,1,0,0.0,1,0,0.0,0,,0,1,0,1,0,
562,,0,0,,0.0,0.0,0.0,1,1,0,1,0,0,1,0,0.0,1,,,,0,0,0,1,,1,0.0,1.0,1,,1,0,0.0,1,1,0.0,0,,0,1,1,1,1,
563,,0,0,,0.0,0.0,0.0,1,1,1,1,0,0,0,0,0.0,1,,,,0,1,1,1,,0,0.0,1.0,1,,1,0,0.0,1,1,0.0,0,,0,1,1,1,1,
564,,0,1,,0.0,0.0,0.0,1,1,1,1,0,0,1,1,0.0,1,,,,0,0,1,1,,0,0.0,1.0,1,,1,0,0.0,0,1,0.0,0,,0,1,1,1,1,
565,,0,0,,0.0,0.0,0.0,1,1,1,1,0,0,0,0,0.0,0,,,,0,1,0,1,,0,0.0,1.0,1,,1,0,0.0,1,1,0.0,0,,0,1,0,1,0,
566,,0,1,,0.0,0.0,0.0,1,1,1,1,0,0,0,0,0.0,0,,,,0,1,1,1,,1,0.0,1.0,1,,1,0,0.0,0,0,0.0,0,,0,1,0,1,1,
567,,0,1,,0.0,0.0,0.0,1,1,1,1,0,0,0,0,0.0,0,,,,0,1,0,1,,0,0.0,1.0,1,,1,0,0.0,1,1,0.0,0,,0,1,1,1,0,
568,,0,0,,0.0,0.0,0.0,1,1,1,1,0,0,0,0,0.0,1,,,,0,1,0,1,,1,0.0,1.0,1,,1,1,0.0,1,0,0.0,0,,0,1,0,1,1,
569,,0,1,,0.0,0.0,0.0,1,1,1,1,0,0,0,1,0.0,1,,,,0,1,1,1,,0,0.0,1.0,1,,1,0,0.0,1,1,0.0,0,,0,1,1,1,0,
570,,0,0,,0.0,0.0,0.0,1,1,1,1,0,0,0,0,0.0,1,,,,0,0,1,1,,0,0.0,1.0,1,,1,0,0.0,1,0,0.0,0,,0,1,1,1,0,
571,,0,1,,0.0,0.0,0.0,1,1,0,1,0,0,0,0,0.0,1,,,,0,1,0,1,,1,0.0,1.0,1,,1,0,0.0,1,1,0.0,0,,0,1,1,1,1,
572,,0,1,,0.0,0.0,0.0,1,1,1,1,0,0,0,0,0.0,1,,,,0,1,0,1,,0,0.0,1.0,1,,1,0,0.0,1,0,0.0,0,,0,1,1,1,1,
573,,0,1,,0.0,0.0,0.0,1,1,1,1,0,0,0,0,0.0,1,,,,0,1,1,1,,1,0.0,1.0,1,,1,0,0.0,1,1,0.0,0,,0,1,1,1,0,
574,,0,0,,0.0,0.0,0.0,1,1,1,1,0,0,0,0,0.0,1,,,,0,1,1,1,,0,0.0,1.0,1,,1,0,0.0,1,1,0.0,0,,0,1,0,1,0,
575,,0,0,,0.0,0.0,0.0,1,1,1,1,0,0,0,0,0.0,1,,,,0,1,1,1,,1,0.0,1.0,1,,1,1,0.0,0,0,0.0,0,,0,1,0,1,1,
576,,0,0,,0.0,0.0,0.0,1,1,1,1,0,0,0,0,0.0,1,,,,0,1,1,1,,1,0.0,1.0,1,,1,0,0.0,1,0,0.0,0,,0,1,0,1,0,
577,,0,0,,0.0,0.0,0.0,1,1,1,1,0,0,0,0,0.0,1,,,,0,0,0,1,,1,0.0,1.0,1,,1,0,0.0,1,0,0.0,0,,0,1,0,1,1,
578,,0,1,,0.0,0.0,0.0,1,1,1,1,0,0,0,0,0.0,0,,,,0,0,1,1,,0,0.0,1.0,1,,1,0,0.0,1,0,0.0,0,,0,1,0,1,1,
579,,0,0,,0.0,0.0,0.0,1,1,1,1,0,0,0,1,0.0,0,,,,0,1,1,1,,0,0.0,1.0,1,,1,0,0.0,1,1,0.0,0,,0,1,1,1,0,
580,,0,0,,0.0,0.0,0.0,1,1,1,1,0,0,0,0,0.0,1,,,,0,1,1,1,,0,0.0,1.0,1,,1,0,0.0,0,1,0.0,0,,0,1,1,1,1,
581,,0,1,,0.0,0.0,0.0,1,1,1,1,0,0,0,0,0.0,0,,,,0,1,1,1,,0,0.0,1.0,1,,1,0,0.0,1,0,0.0,0,,0,1,1,1,1,
582,,0,1,,0.0,0.0,0.0,1,1,1,1,0,0,0,0,0.0,0,,,,0,1,0,1,,1,0.0,1.0,1,,1,0,0.0,0,0,0.0,0,,0,1,0,1,1,
583,,0,0,,0.0,0.0,0.0,1,1,0,1,0,0,0,0,0.0,0,,,,0,1,1,1,,1,0.0,1.0,1,,1,0,0.0,1,1,0.0,0,,0,1,1,1,1,
584,,0,0,,0.0,0.0,0.0,1,1,1,1,0,0,0,0,0.0,1,,,,0,1,1,1,,1,0.0,1.0,1,,1,1,0.0,1,0,0.0,0,,0,1,0,1,0,
585,,0,0,,0.0,0.0,0.0,1,1,0,1,0,0,1,1,0.0,1,,,,0,1,0,1,,1,0.0,1.0,1,,1,0,0.0,1,1,0.0,0,,0,1,1,1,1,
586,,0,0,,0.0,0.0,0.0,1,1,1,1,0,0,0,0,0.0,1,,,,0,0,1,1,,1,0.0,1.0,1,,1,0,0.0,0,0,0.0,0,,0,1,0,1,1,
587,,0,1,,0.0,0.0,0.0,1,1,0,1,0,1,1,0,0.0,1,,,,0,1,1,1,,0,0.0,1.0,1,,1,1,0.0,0,1,0.0,0,,0,1,0,1,1,
588,,0,0,,0.0,0.0,0.0,1,1,1,1,0,0,0,1,0.0,1,,,,0,0,0,1,,0,0.0,1.0,1,,1,0,0.0,0,0,0.0,0,,0,1,0,1,1,
589,,0,0,,0.0,0.0,0.0,1,1,1,1,0,0,0,0,0.0,1,,,,0,1,1,1,,0,0.0,1.0,1,,1,0,0.0,1,0,0.0,0,,0,1,0,1,0,
590,,0,1,,0.0,0.0,0.0,1,1,1,1,0,0,0,0,0.0,0,,,,0,1,1,1,,1,0.0,1.0,1,,1,0,0.0,1,0,0.0,0,,0,1,0,1,0,
591,,0,1,,0.0,0.0,0.0,1,1,1,1,0,0,0,1,0.0,0,,,,0,1,1,1,,1,0.0,1.0,1,,1,0,0.0,1,0,0.0,1,,0,1,1,1,0,
592,,0,0,,0.0,0.0,0.0,1,1,1,1,0,0,0,0,0.0,0,,,,0,0,1,1,,1,0.0,1.0,1,,1,0,0.0,1,0,0.0,0,,0,1,0,1,0,
593,,0,1,,0.0,0.0,0.0,1,1,0,1,0,0,0,0,0.0,1,,,,0,1,1,1,,0,0.0,1.0,1,,1,1,0.0,1,0,0.0,0,,0,1,0,1,0,
594,,0,1,,0.0,0.0,0.0,1,1,1,1,0,0,0,0,0.0,1,,,,0,1,0,1,,0,0.0,1.0,1,,1,0,0.0,1,0,0.0,0,,0,1,1,1,0,
595,,0,0,,0.0,0.0,0.0,1,1,1,1,0,0,0,0,0.0,1,,,,0,0,0,1,,1,0.0,1.0,1,,1,0,0.0,1,1,0.0,0,,0,1,0,1,0,
596,,0,0,,0.0,0.0,0.0,1,1,1,1,0,0,0,0,0.0,1,,,,0,1,1,1,,0,0.0,1.0,1,,1,1,0.0,1,0,0.0,0,,0,1,0,1,1,
597,,0,0,,0.0,0.0,0.0,1,1,0,1,0,0,0,0,0.0,1,,,,0,1,0,1,,1,0.0,1.0,1,,1,1,0.0,0,0,0.0,0,,0,1,1,1,1,
598,,0,0,,0.0,0.0,0.0,1,1,1,1,0,0,0,0,0.0,1,,,,0,1,1,1,,1,0.0,1.0,1,,1,0,0.0,1,0,0.0,0,,0,1,0,1,0,
599,,0,0,,0.0,0.0,0.0,1,1,0,1,0,0,0,0,0.0,1,,,,0,1,1,1,,0,0.0,1.0,1,,1,0,0.0,1,0,0.0,0,,0,1,1,1,0,
600,,0,0,,0.0,0.0,0.0,1,1,0,1,0,0,0,0,0.0,0,,,,0,1,1,1,,0,0.0,1.0,1,,1,0,0.0,1,0,0.0,0,,0,1,0,1,0,
601,,0,0,,0.0,0.0,0.0,1,1,1,1,0,0,0,0,0.0,1,,,,0,1,0,1,,0,0.0,1.0,1,,1,0,0.0,0,0,0.0,0,,0,1,1,1,0,
602,,0,0,,0.0,0.0,0.0,1,1,1,1,0,0,0,1,0.0,0,,,,0,1,1,1,,0,0.0,1.0,1,,1,0,0.0,1,0,0.0,0,,0,1,1,1,0,
603,,0,0,,0.0,0.0,0.0,1,1,1,1,0,0,0,0,0.0,1,,,,0,1,0,1,,1,0.0,1.0,1,,1,1,0.0,1,0,0.0,0,,0,1,0,1,1,
604,,0,0,,0.0,0.0,0.0,1,1,0,1,0,1,0,0,0.0,1,,,,0,1,1,1,,1,0.0,1.0,1,,1,1,0.0,1,0,0.0,0,,0,1,1,1,1,
605,,0,0,,0.0,0.0,0.0,1,1,1,1,0,0,0,1,0.0,1,,,,0,1,1,1,,0,0.0,1.0,1,,1,0,0.0,0,0,0.0,0,,0,1,1,1,1,
606,,0,0,,0.0,0.0,0.0,1,1,1,1,0,0,0,0,0.0,0,,,,0,1,1,1,,1,0.0,1.0,1,,1,1,0.0,1,0,0.0,0,,0,1,0,1,1,
607,,0,0,,0.0,0.0,0.0,1,1,0,1,0,0,0,0,0.0,1,,,,0,1,1,1,,1,0.0,1.0,1,,1,0,0.0,0,0,0.0,0,,0,1,0,1,0,
608,,0,0,,0.0,0.0,0.0,1,1,1,1,0,0,0,0,0.0,0,,,,0,1,1,1,,1,0.0,1.0,1,,1,0,0.0,1,1,0.0,0,,0,1,1,1,1,
609,,0,0,,0.0,0.0,0.0,1,1,1,1,0,0,0,0,0.0,0,,,,0,1,0,1,,1,0.0,1.0,1,,1,1,0.0,0,0,0.0,0,,0,1,1,1,1,
610,,0,0,,0.0,0.0,0.0,1,1,1,1,0,0,0,0,0.0,1,,,,0,1,0,1,,1,0.0,1.0,1,,1,0,0.0,1,0,0.0,0,,0,1,1,1,1,
611,,0,0,,0.0,0.0,0.0,1,1,0,1,0,1,0,0,0.0,1,,,,0,1,1,1,,1,0.0,1.0,1,,1,0,0.0,0,0,0.0,0,,0,1,0,1,1,
612,,0,0,,0.0,0.0,0.0,1,1,1,1,0,0,0,1,0.0,0,,,,0,0,0,1,,1,0.0,1.0,1,,1,0,0.0,1,0,0.0,0,,0,1,1,1,1,
613,,0,1,,0.0,0.0,0.0,1,1,1,1,0,0,0,0,0.0,0,,,,0,0,0,1,,1,0.0,1.0,1,,1,0,0.0,1,0,0.0,0,,0,1,0,1,1,
614,,0,0,,0.0,0.0,0.0,1,1,0,1,0,0,0,0,0.0,1,,,,0,1,0,1,,1,0.0,1.0,1,,1,0,0.0,1,1,0.0,0,,0,1,0,1,0,
615,,0,1,,0.0,0.0,0.0,1,1,0,1,0,0,0,0,0.0,1,,,,0,1,1,1,,0,0.0,1.0,1,,1,1,0.0,1,0,0.0,0,,0,1,1,1,1,
616,,0,0,,0.0,0.0,0.0,1,1,1,1,0,1,0,0,0.0,1,,,,0,1,1,1,,0,0.0,1.0,1,,1,0,0.0,1,0,0.0,0,,0,1,1,1,0,
617,,0,0,,0.0,0.0,0.0,1,0,1,1,0,0,0,0,0.0,0,,,,0,1,0,1,,0,0.0,1.0,1,,1,0,0.0,1,1,0.0,0,,0,1,1,1,1,
618,,0,0,,0.0,0.0,0.0,1,1,1,1,0,1,0,0,0.0,1,,,,0,1,1,1,,0,0.0,1.0,1,,1,0,0.0,0,1,0.0,0,,0,1,0,1,1,
619,,0,0,,0.0,0.0,0.0,1,1,1,1,0,0,0,0,0.0,1,,,,0,1,1,1,,0,0.0,1.0,1,,1,0,0.0,1,0,0.0,0,,0,1,1,1,1,
620,,0,1,,0.0,0.0,0.0,1,1,1,1,0,0,0,1,0.0,1,,,,0,1,1,1,,1,0.0,1.0,1,,1,0,0.0,1,0,0.0,0,,0,1,1,1,0,
621,,0,0,,0.0,0.0,0.0,1,1,0,1,0,0,0,0,0.0,0,,,,0,1,1,1,,1,0.0,0.0,1,,1,1,0.0,1,0,0.0,0,,0,1,0,1,1,
622,,0,0,,0.0,0.0,0.0,1,1,1,1,0,0,0,0,0.0,0,,,,0,1,1,1,,1,0.0,1.0,1,,1,1,0.0,1,0,0.0,0,,0,1,1,1,1,
623,,0,1,,0.0,0.0,0.0,1,1,1,1,0,0,0,1,0.0,1,,,,0,1,1,1,,1,0.0,1.0,1,,1,1,0.0,0,0,0.0,0,,0,0,0,1,1,
624,,0,1,,0.0,0.0,0.0,1,1,1,1,0,0,0,0,0.0,1,,,,0,1,1,1,,1,0.0,1.0,1,,1,0,0.0,1,0,0.0,0,,0,1,0,1,1,
625,,0,0,,0.0,0.0,0.0,1,1,1,1,0,0,0,0,0.0,1,,,,0,1,1,1,,0,0.0,1.0,1,,1,0,0.0,1,1,0.0,0,,0,1,1,1,1,
626,,0,0,,0.0,0.0,0.0,1,1,1,1,0,0,0,0,0.0,1,,,,0,1,1,1,,0,0.0,1.0,1,,1,1,0.0,1,0,0.0,0,,0,1,1,1,1,
627,,0,0,,0.0,0.0,0.0,1,1,1,1,0,1,0,0,0.0,0,,,,0,1,1,1,,1,0.0,1.0,1,,1,0,0.0,1,1,0.0,0,,0,1,1,1,1,
628,,0,0,,0.0,0.0,0.0,1,1,1,1,0,0,0,0,0.0,1,,,,0,1,1,1,,1,0.0,1.0,1,,1,0,0.0,1,1,0.0,0,,0,1,1,1,0,
629,,0,0,,0.0,0.0,0.0,1,1,1,1,0,0,0,0,0.0,0,,,,0,1,1,1,,1,0.0,0.0,1,,1,1,0.0,0,1,0.0,0,,0,1,0,1,1,
630,,0,0,,1.0,0.0,1.0,1,1,1,1,0,0,0,0,0.0,1,,,,0,1,0,1,,0,0.0,1.0,1,,1,0,0.0,1,1,0.0,0,,0,1,0,1,1,
631,,0,0,,0.0,0.0,0.0,1,1,1,1,0,0,0,0,0.0,0,,,,0,1,1,1,,1,0.0,1.0,1,,1,0,0.0,1,0,0.0,0,,0,1,0,1,0,
632,,0,0,,0.0,0.0,1.0,1,1,1,1,0,0,1,0,0.0,0,,,,0,1,1,1,,1,0.0,1.0,1,,1,1,0.0,0,1,0.0,0,,0,1,0,1,0,
633,,0,0,,0.0,0.0,0.0,1,1,1,1,0,0,0,0,0.0,1,,,,0,1,1,1,,0,0.0,1.0,1,,1,1,0.0,0,0,0.0,0,,0,1,0,1,0,
634,,0,1,,0.0,0.0,0.0,1,1,1,1,0,0,0,0,0.0,1,,,,0,1,0,1,,1,0.0,1.0,1,,1,0,0.0,0,0,0.0,0,,0,1,1,1,1,
635,,0,1,,0.0,0.0,0.0,1,1,1,1,0,0,0,0,0.0,1,,,,0,1,0,1,,0,0.0,1.0,1,,1,0,0.0,1,0,0.0,0,,0,1,0,1,1,
636,,0,0,,0.0,0.0,0.0,1,1,1,1,0,0,0,0,0.0,1,,,,0,1,1,1,,1,0.0,1.0,1,,1,0,0.0,0,1,0.0,0,,0,1,0,1,0,
637,,0,0,,0.0,0.0,0.0,1,1,0,1,0,0,0,0,0.0,1,,,,0,0,0,1,,0,0.0,1.0,1,,1,0,0.0,1,1,0.0,0,,0,1,0,1,0,
638,,0,1,,0.0,0.0,0.0,1,1,1,1,0,0,0,0,0.0,0,,,,0,1,1,1,,1,0.0,0.0,1,,1,1,0.0,0,0,0.0,0,,0,1,1,1,1,
639,,0,0,,0.0,0.0,0.0,1,1,1,1,0,1,0,0,0.0,0,,,,0,1,1,1,,1,0.0,1.0,1,,1,0,0.0,1,1,0.0,1,,0,1,1,1,1,
640,,0,0,,0.0,0.0,0.0,1,1,1,1,0,0,0,0,0.0,0,,,,0,1,1,1,,1,0.0,1.0,1,,1,0,0.0,1,1,0.0,0,,0,1,0,1,0,
641,,0,0,,0.0,0.0,0.0,1,1,1,1,0,0,0,0,0.0,0,,,,0,1,0,1,,0,0.0,1.0,1,,1,0,0.0,1,1,0.0,1,,1,1,1,1,0,
642,,0,0,,0.0,0.0,0.0,1,1,0,1,0,0,0,1,0.0,1,,,,0,1,0,1,,1,0.0,1.0,1,,1,0,0.0,1,1,0.0,1,,1,1,1,1,0,
643,,0,0,,0.0,0.0,0.0,1,1,1,1,0,0,0,0,0.0,1,,,,0,1,0,1,,0,0.0,1.0,1,,1,0,0.0,1,1,0.0,1,,1,1,1,1,1,
644,,0,0,,0.0,0.0,0.0,1,1,1,1,0,0,0,0,0.0,1,,,,0,1,0,1,,1,0.0,1.0,1,,1,1,0.0,1,0,0.0,1,,1,1,0,1,1,
645,,0,0,,0.0,0.0,0.0,1,1,1,1,0,0,0,0,0.0,1,,,,0,1,1,1,,1,0.0,1.0,1,,1,0,0.0,1,1,0.0,0,,0,1,1,1,0,
646,,0,0,,0.0,0.0,0.0,1,1,1,1,0,0,0,0,0.0,1,,,,0,1,1,1,,0,0.0,1.0,1,,1,0,0.0,1,0,0.0,0,,0,1,0,1,1,
647,,0,0,,0.0,0.0,0.0,1,1,0,1,0,0,0,1,0.0,1,,,,0,1,1,1,,0,0.0,1.0,1,,1,0,0.0,1,1,0.0,0,,0,1,1,1,1,
648,,0,0,,0.0,0.0,0.0,1,1,1,1,0,0,0,0,0.0,0,,,,0,1,1,1,,1,0.0,1.0,1,,1,0,0.0,1,0,0.0,0,,0,1,1,1,1,
649,,0,0,,0.0,0.0,0.0,1,1,1,1,0,0,0,0,0.0,0,,,,0,1,0,1,,0,0.0,1.0,1,,1,1,0.0,1,0,0.0,0,,0,1,1,1,0,
650,,0,0,,0.0,0.0,0.0,1,1,0,1,0,0,0,0,0.0,0,,,,0,1,0,1,,1,0.0,1.0,1,,1,0,0.0,1,1,0.0,0,,0,1,1,1,0,
651,,0,0,,0.0,0.0,0.0,1,1,1,1,0,0,0,0,0.0,1,,,,0,0,1,1,,1,0.0,1.0,1,,1,0,0.0,1,0,0.0,0,,0,1,0,1,1,
652,,0,1,,0.0,0.0,0.0,1,1,0,1,0,0,0,0,0.0,1,,,,0,1,1,1,,1,0.0,1.0,1,,1,0,0.0,1,0,0.0,0,,0,1,1,1,1,
653,,0,0,,0.0,0.0,0.0,1,1,0,1,0,0,0,0,0.0,1,,,,0,1,1,1,,1,0.0,1.0,1,,1,0,0.0,1,1,0.0,0,,0,1,0,1,0,
654,,0,0,,0.0,0.0,0.0,1,1,0,1,0,1,0,0,0.0,1,,,,0,0,1,1,,1,0.0,1.0,1,,1,1,0.0,1,0,0.0,0,,0,1,0,1,0,
655,,0,1,,0.0,0.0,0.0,1,1,0,1,0,0,0,0,0.0,0,,,,0,1,1,1,,0,0.0,0.0,1,,1,1,0.0,1,0,0.0,0,,0,1,0,1,1,
656,,0,1,,0.0,0.0,0.0,1,1,1,1,0,0,0,0,0.0,1,,,,0,1,1,1,,0,0.0,1.0,1,,1,0,0.0,1,0,0.0,0,,0,1,0,1,0,
657,,0,0,,0.0,0.0,0.0,1,1,1,1,0,0,0,0,0.0,1,,,,0,1,0,1,,1,0.0,1.0,1,,1,0,0.0,1,1,0.0,0,,0,1,1,1,0,
658,,0,0,,0.0,0.0,0.0,1,1,0,1,0,0,0,0,0.0,1,,,,0,1,1,1,,0,0.0,1.0,1,,1,0,0.0,1,0,0.0,0,,0,1,1,1,1,
659,,0,0,,0.0,0.0,0.0,1,1,0,1,0,0,1,1,0.0,0,,,,0,1,0,1,,1,0.0,1.0,1,,1,0,0.0,1,1,0.0,0,,0,1,0,1,1,
660,,0,0,,0.0,0.0,0.0,1,1,1,1,0,0,0,0,0.0,0,,,,0,1,1,1,,0,0.0,1.0,1,,1,0,0.0,0,1,0.0,0,,0,1,0,1,0,
661,,0,0,,0.0,0.0,0.0,1,1,1,1,0,0,0,0,0.0,0,,,,0,1,1,1,,1,0.0,1.0,1,,1,0,0.0,1,1,0.0,0,,0,1,0,1,1,
662,,0,0,,0.0,0.0,0.0,1,1,1,1,0,0,0,0,0.0,0,,,,0,1,1,1,,1,0.0,1.0,1,,1,0,0.0,0,1,0.0,0,,0,1,1,1,1,
663,,0,1,,0.0,0.0,0.0,1,1,1,1,0,0,0,0,0.0,1,,,,0,1,1,1,,1,0.0,1.0,1,,1,0,0.0,1,0,0.0,0,,0,1,1,1,1,
664,,0,0,,0.0,0.0,0.0,1,1,1,1,0,0,0,1,0.0,1,,,,0,0,0,1,,1,0.0,1.0,1,,1,0,0.0,1,1,0.0,0,,0,0,0,1,0,
665,,0,0,,0.0,0.0,0.0,1,1,1,1,0,0,0,0,0.0,1,,,,0,1,1,1,,1,0.0,1.0,1,,1,0,0.0,1,1,0.0,0,,0,1,1,1,0,
666,,0,0,,0.0,0.0,0.0,1,1,1,1,0,0,0,1,0.0,1,,,,0,1,1,1,,0,0.0,1.0,1,,1,0,0.0,1,1,0.0,0,,0,1,1,1,0,
667,,0,0,,0.0,0.0,0.0,1,1,0,1,0,1,0,0,0.0,0,,,,0,1,1,1,,0,0.0,1.0,1,,1,0,0.0,1,0,0.0,0,,0,1,1,1,0,
668,,0,0,,0.0,0.0,0.0,1,1,1,1,0,0,0,0,0.0,1,,,,0,1,1,1,,0,0.0,1.0,1,,1,0,0.0,1,0,0.0,0,,0,1,0,1,1,
669,,0,1,,0.0,0.0,0.0,1,1,1,1,0,0,0,0,0.0,1,,,,0,0,1,1,,0,0.0,1.0,1,,1,0,0.0,0,0,0.0,0,,0,1,1,1,0,
670,,0,0,,0.0,0.0,0.0,1,1,1,1,0,0,0,0,0.0,1,,,,0,1,0,1,,0,0.0,1.0,1,,1,0,0.0,0,1,0.0,1,,0,1,1,1,1,
671,,0,0,,0.0,0.0,0.0,1,1,1,1,0,0,0,0,0.0,1,,,,0,1,1,1,,1,0.0,0.0,1,,1,0,0.0,1,0,0.0,0,,0,1,0,1,0,
672,,0,0,,0.0,0.0,0.0,1,1,1,1,0,1,0,0,0.0,0,,,,0,1,0,1,,1,0.0,1.0,1,,1,0,0.0,1,1,0.0,0,,0,1,0,1,1,
673,,0,0,,0.0,0.0,0.0,1,1,1,1,0,0,0,0,0.0,1,,,,0,1,1,1,,1,0.0,1.0,1,,1,0,0.0,1,0,0.0,0,,0,1,1,1,1,
674,,0,0,,0.0,0.0,0.0,1,1,0,1,0,0,0,0,0.0,1,,,,0,1,1,1,,1,0.0,0.0,1,,1,0,0.0,1,0,0.0,0,,0,1,0,1,0,
675,,0,0,,0.0,0.0,0.0,1,1,0,1,0,0,0,0,0.0,1,,,,0,0,1,1,,1,0.0,1.0,1,,1,0,0.0,1,0,0.0,0,,0,1,1,1,0,
676,,0,0,,0.0,0.0,0.0,1,1,1,1,0,0,0,1,0.0,0,,,,0,1,1,1,,1,0.0,1.0,1,,1,0,0.0,1,1,0.0,0,,0,1,0,1,1,
677,,0,0,,0.0,0.0,0.0,1,1,1,1,0,0,0,0,0.0,0,,,,0,1,1,1,,0,0.0,1.0,1,,1,0,0.0,1,0,0.0,0,,0,1,1,1,1,
678,,0,0,,0.0,0.0,0.0,1,1,1,1,0,0,0,1,0.0,1,,,,0,0,1,1,,1,0.0,1.0,1,,1,0,0.0,0,0,0.0,0,,0,1,1,1,1,
679,,0,0,,0.0,0.0,0.0,1,1,1,1,0,1,0,0,0.0,1,,,,0,0,0,1,,1,0.0,1.0,1,,1,0,0.0,1,0,0.0,0,,0,1,0,1,0,
680,,0,0,,0.0,0.0,0.0,1,1,1,1,0,0,0,0,0.0,0,,,,0,1,0,1,,1,0.0,0.0,1,,1,0,0.0,1,1,0.0,0,,0,1,1,1,0,
681,,0,0,,0.0,0.0,0.0,1,1,1,1,0,0,0,0,0.0,0,,,,0,1,1,1,,0,0.0,1.0,1,,1,0,0.0,1,1,0.0,0,,0,1,1,1,1,
682,,0,1,,0.0,0.0,0.0,1,1,1,1,0,0,1,1,0.0,1,,,,0,1,1,1,,1,0.0,1.0,1,,1,0,0.0,1,1,0.0,0,,0,1,1,1,1,
683,,0,0,,0.0,0.0,0.0,1,1,1,1,0,0,0,1,0.0,1,,,,0,1,0,1,,0,0.0,1.0,1,,1,0,0.0,1,1,0.0,0,,0,1,0,1,0,
684,,0,0,,0.0,0.0,0.0,1,1,0,1,0,0,0,0,0.0,1,,,,0,1,1,1,,0,0.0,1.0,1,,1,1,0.0,1,0,0.0,0,,0,1,0,1,0,
685,,0,0,,0.0,0.0,0.0,1,1,0,1,0,0,0,1,0.0,1,,,,0,0,0,1,,1,0.0,1.0,1,,1,0,0.0,1,1,0.0,0,,0,1,0,1,0,
686,,0,1,,0.0,0.0,0.0,1,1,1,1,0,0,0,0,0.0,0,,,,0,1,1,1,,1,0.0,1.0,1,,1,0,0.0,0,1,0.0,0,,0,1,0,1,0,
687,,0,0,,0.0,0.0,0.0,1,1,1,1,0,0,0,0,0.0,1,,,,0,1,0,1,,1,0.0,1.0,1,,1,0,0.0,1,1,0.0,0,,0,0,0,1,1,
688,,0,1,,0.0,0.0,0.0,1,1,1,1,0,0,0,0,0.0,0,,,,0,1,1,1,,1,0.0,1.0,1,,1,1,0.0,1,0,0.0,0,,0,1,0,1,1,
689,,0,0,,0.0,0.0,0.0,1,1,0,1,0,0,0,0,0.0,0,,,,0,1,1,1,,0,0.0,1.0,1,,1,0,0.0,1,1,0.0,0,,0,1,0,1,1,
690,,0,0,,0.0,0.0,0.0,1,1,1,1,0,0,0,0,0.0,0,,,,0,0,1,1,,0,0.0,1.0,1,,1,1,0.0,1,0,0.0,0,,0,1,0,1,1,
691,,0,0,,0.0,0.0,0.0,1,1,1,1,0,0,0,1,0.0,1,,,,0,1,0,1,,1,0.0,1.0,1,,1,0,0.0,1,1,0.0,0,,0,1,1,1,1,
692,,0,0,,0.0,0.0,0.0,1,1,1,1,0,0,0,1,0.0,1,,,,0,0,1,1,,0,0.0,1.0,1,,1,1,0.0,1,1,0.0,0,,0,1,0,1,1,
693,,0,0,,0.0,0.0,0.0,1,1,0,1,0,0,0,0,0.0,0,,,,0,1,0,1,,1,0.0,1.0,1,,1,0,0.0,1,1,0.0,0,,0,1,0,1,1,
694,,0,0,,0.0,0.0,0.0,1,1,1,1,0,1,0,0,0.0,0,,,,0,0,1,1,,1,0.0,1.0,1,,1,0,0.0,0,0,0.0,0,,0,1,0,1,0,
695,,0,0,,0.0,0.0,0.0,1,1,1,1,0,0,0,1,0.0,1,,,,0,0,1,1,,1,0.0,0.0,1,,1,1,0.0,0,0,0.0,0,,0,1,0,1,1,
696,,0,0,,0.0,0.0,0.0,1,1,1,1,0,0,0,0,0.0,0,,,,0,0,1,1,,1,0.0,1.0,1,,1,0,0.0,0,1,0.0,0,,0,1,1,1,1,
697,,0,0,,0.0,0.0,0.0,1,1,1,1,0,0,0,0,0.0,0,,,,0,0,0,1,,1,0.0,1.0,1,,1,1,0.0,0,0,0.0,0,,0,1,1,1,1,
698,,0,0,,0.0,0.0,0.0,1,1,0,1,0,0,0,0,0.0,1,,,,0,0,0,1,,1,0.0,1.0,1,,1,1,0.0,0,0,0.0,0,,0,1,1,1,1,
699,,0,0,,0.0,0.0,0.0,1,1,1,1,0,0,0,0,0.0,0,,,,0,1,1,1,,1,0.0,1.0,1,,1,0,0.0,1,1,0.0,0,,0,1,0,1,0,
700,,0,1,,0.0,0.0,0.0,1,1,0,1,0,1,0,0,0.0,1,,,,0,1,1,1,,0,0.0,1.0,1,,1,0,0.0,1,0,0.0,0,,0,1,0,1,0,
701,,0,1,,0.0,0.0,0.0,1,1,0,1,0,0,0,0,0.0,0,,,,0,1,1,1,,1,0.0,0.0,1,,1,0,0.0,1,0,0.0,0,,0,1,1,1,0,
702,,0,0,,0.0,0.0,0.0,1,1,1,1,0,0,0,1,0.0,0,,,,0,1,1,1,,1,0.0,1.0,1,,1,0,0.0,1,1,0.0,0,,0,1,1,1,0,
703,,0,0,,0.0,0.0,0.0,1,1,1,1,0,0,0,0,0.0,0,,,,0,1,1,1,,1,0.0,1.0,1,,1,0,0.0,1,0,0.0,0,,0,1,1,1,0,
704,,0,0,,0.0,0.0,0.0,1,1,1,1,0,0,0,0,0.0,1,,,,0,1,1,1,,1,0.0,1.0,1,,1,1,0.0,1,0,0.0,0,,0,1,0,1,1,
705,,0,0,,0.0,0.0,0.0,1,1,1,1,0,0,0,0,0.0,1,,,,0,1,1,1,,1,0.0,1.0,1,,1,0,0.0,0,0,0.0,0,,0,1,0,1,1,
706,,0,0,,0.0,0.0,0.0,1,1,1,1,0,0,0,0,0.0,1,,,,0,1,1,1,,0,0.0,1.0,1,,1,1,0.0,1,0,0.0,0,,0,1,0,1,1,
707,,0,0,,0.0,0.0,0.0,1,1,1,1,0,0,0,0,0.0,0,,,,0,1,1,1,,1,0.0,1.0,1,,1,0,0.0,1,1,0.0,0,,0,1,0,1,0,
708,,0,0,,0.0,0.0,0.0,1,1,1,1,0,0,0,0,0.0,0,,,,0,1,1,1,,1,0.0,1.0,1,,1,0,0.0,1,1,0.0,0,,0,1,0,1,1,
709,,0,0,,0.0,0.0,0.0,1,1,1,1,0,0,0,0,0.0,0,,,,0,1,1,1,,1,0.0,1.0,1,,1,1,0.0,0,0,0.0,0,,0,1,0,1,0,
710,,0,0,,0.0,0.0,0.0,1,1,0,1,0,0,0,1,0.0,0,,,,0,1,1,1,,1,0.0,0.0,1,,1,0,0.0,1,0,0.0,0,,0,1,0,1,1,
711,,0,0,,0.0,0.0,0.0,1,1,1,1,0,0,0,0,0.0,1,,,,0,1,1,1,,0,0.0,1.0,1,,1,0,0.0,0,1,0.0,0,,0,1,0,1,0,
712,,0,0,,0.0,0.0,0.0,1,1,0,1,0,0,0,0,0.0,0,,,,0,1,1,1,,1,0.0,1.0,1,,1,1,0.0,1,1,0.0,0,,0,1,1,1,1,
713,,0,0,,0.0,0.0,0.0,1,1,0,1,0,0,0,0,0.0,1,,,,0,1,1,1,,1,0.0,1.0,1,,1,0,0.0,0,0,0.0,0,,0,1,0,1,0,
714,,0,1,,0.0,0.0,0.0,1,1,1,1,0,0,0,0,0.0,0,,,,0,1,1,1,,0,0.0,1.0,1,,1,0,0.0,1,1,0.0,0,,0,1,1,1,0,
715,,0,0,,0.0,0.0,0.0,1,1,0,1,0,0,0,0,0.0,0,,,,0,1,1,1,,0,0.0,1.0,1,,1,0,0.0,1,1,0.0,0,,0,1,1,1,0,
716,,0,1,,0.0,0.0,0.0,1,1,1,1,0,0,0,0,0.0,0,,,,0,1,1,1,,1,0.0,1.0,1,,1,0,0.0,1,1,0.0,0,,0,1,0,1,0,
717,,0,0,,0.0,0.0,0.0,1,1,1,1,0,1,0,1,0.0,1,,,,0,1,1,1,,1,0.0,1.0,1,,1,1,0.0,1,1,0.0,0,,0,1,0,1,0,
718,,0,0,,0.0,0.0,0.0,1,1,1,1,0,0,0,0,0.0,0,,,,0,1,1,1,,1,0.0,1.0,1,,1,0,0.0,1,1,0.0,0,,0,1,1,1,1,
719,,0,0,,0.0,0.0,0.0,1,1,1,1,0,0,0,0,0.0,1,,,,0,1,1,1,,1,0.0,1.0,1,,1,1,0.0,1,1,0.0,0,,0,1,1,1,1,
720,,0,0,,0.0,0.0,0.0,1,1,1,1,0,0,0,1,0.0,0,,,,0,1,1,1,,0,0.0,1.0,1,,1,0,0.0,1,1,0.0,0,,0,1,0,1,0,
721,,0,0,,0.0,0.0,0.0,1,1,1,1,0,0,1,0,0.0,0,,,,1,1,1,1,,1,0.0,0.0,1,,1,1,0.0,1,1,0.0,0,,0,1,1,1,1,
722,,0,0,,0.0,0.0,0.0,1,1,1,1,0,0,0,0,0.0,0,,,,0,1,1,1,,1,0.0,0.0,1,,1,0,0.0,1,0,0.0,0,,0,1,0,1,1,
723,,0,0,,0.0,0.0,0.0,1,1,1,1,0,0,0,0,0.0,0,,,,0,1,1,1,,0,0.0,1.0,1,,1,1,0.0,1,1,0.0,0,,0,1,0,1,1,
724,,0,0,,0.0,0.0,0.0,1,1,0,1,0,0,0,0,0.0,1,,,,0,1,1,1,,1,0.0,0.0,1,,1,1,0.0,1,0,0.0,0,,0,1,1,1,1,
725,,0,0,,0.0,1.0,1.0,1,1,1,1,0,0,0,0,0.0,0,,,,0,1,1,1,,1,0.0,1.0,1,,1,1,0.0,1,1,0.0,0,,0,1,1,1,1,
726,,0,0,,0.0,0.0,0.0,1,1,0,1,0,0,0,0,0.0,0,,,,0,1,1,1,,1,0.0,1.0,1,,1,0,0.0,0,1,0.0,0,,0,1,1,1,1,
727,,0,1,,0.0,0.0,0.0,1,1,1,1,0,0,1,1,0.0,1,,,,0,1,1,1,,1,0.0,1.0,1,,1,0,0.0,1,1,0.0,0,,0,1,1,1,0,
728,,0,0,,0.0,0.0,0.0,1,1,0,1,0,0,0,0,0.0,1,,,,1,1,0,1,,1,0.0,0.0,1,,1,1,0.0,0,0,0.0,0,,0,1,1,1,1,
729,,0,0,,0.0,0.0,0.0,1,1,1,1,0,0,0,0,0.0,0,,,,0,1,1,1,,1,0.0,1.0,1,,1,1,0.0,1,1,0.0,0,,0,1,0,1,0,
730,,0,0,,0.0,0.0,0.0,1,1,1,1,0,0,0,0,0.0,0,,,,0,1,1,1,,1,0.0,0.0,0,,1,1,0.0,1,0,0.0,0,,0,1,0,1,1,
731,,0,0,,0.0,0.0,0.0,1,1,1,1,0,0,0,0,0.0,0,,,,0,1,0,1,,0,0.0,0.0,1,,1,0,0.0,1,1,0.0,0,,0,1,0,1,1,
732,,0,1,,0.0,0.0,0.0,1,1,0,1,0,0,0,0,0.0,0,,,,0,0,0,1,,1,0.0,1.0,1,,1,0,0.0,1,1,0.0,0,,0,1,0,1,0,
733,,0,0,,0.0,0.0,0.0,1,1,1,1,0,0,0,0,0.0,0,,,,0,1,1,1,,1,0.0,1.0,1,,1,1,0.0,0,0,0.0,0,,0,1,0,1,0,
734,,0,0,,0.0,0.0,0.0,1,1,1,1,0,0,0,0,0.0,0,,,,0,1,0,1,,1,0.0,1.0,1,,1,1,0.0,1,0,0.0,0,,0,1,0,1,1,
735,,0,0,,0.0,0.0,0.0,1,1,1,1,0,0,1,0,0.0,0,,,,0,1,0,1,,1,0.0,1.0,1,,1,0,0.0,1,1,0.0,0,,0,1,1,1,1,
736,,0,0,,0.0,0.0,0.0,1,1,1,1,0,0,0,0,0.0,0,,,,0,1,1,1,,1,0.0,1.0,1,,1,1,0.0,1,1,0.0,0,,0,1,0,1,0,
737,,0,1,,0.0,0.0,0.0,1,1,0,1,0,0,0,0,0.0,1,,,,0,1,1,1,,1,0.0,1.0,1,,1,1,0.0,1,0,0.0,0,,0,1,0,1,1,
738,,0,0,,0.0,0.0,0.0,1,1,1,1,0,0,0,0,0.0,0,,,,0,1,0,1,,1,0.0,1.0,1,,1,0,0.0,0,0,0.0,0,,0,1,1,1,0,
739,,0,0,,0.0,0.0,0.0,1,1,1,1,0,0,0,0,0.0,0,,,,0,1,0,1,,1,0.0,1.0,1,,1,1,0.0,0,0,0.0,0,,0,1,1,1,1,
740,,0,0,,0.0,0.0,0.0,1,1,1,1,0,1,0,0,0.0,1,,,,0,1,0,1,,0,0.0,1.0,1,,1,0,0.0,1,1,0.0,0,,0,1,0,1,0,
