meta,ALA423.P,ALA423.P,ALA77.P,ALA81.P,ASN157.P,ASP79.P,ASP79.P,ASP79.P,ASP79.P,GLY153.P,GLY323.P,GLY425.P,GLY426.P,ILE160.P,LEU251.P,LEU251.P,LEU322.P,LEU322.P,MET427.P,MET427.P,PHE155.P,PHE320.P,PHE320.P,PHE320.P,PHE320.P,PHE320.P,PHE326.P,PHE326.P,PHE326.P,PHE76.P,PHE76.P,PHE76.P,PHE76.P,SER149.P,SER321.P,SER321.P,SER422.P,TYR156.P,TYR156.P,TYR156.P,VAL152.P,VAL152.P,VAL328.P,VAL328.P,VAL430.P,VAL430.P,meta,meta
frame,Hydrophobic,VdWContact,VdWContact,VdWContact,VdWContact,Cationic,HBDonor,Hydrophobic,VdWContact,VdWContact,VdWContact,VdWContact,VdWContact,Hydrophobic,Hydrophobic,VdWContact,HBDonor,VdWContact,Hydrophobic,VdWContact,VdWContact,CationPi,HBDonor,Hydrophobic,PiStacking,VdWContact,Hydrophobic,PiStacking,VdWContact,CationPi,HBDonor,Hydrophobic,VdWContact,VdWContact,HBDonor,VdWContact,VdWContact,Hydrophobic,PiStacking,VdWContact,Hydrophobic,VdWContact,Hydrophobic,VdWContact,Hydrophobic,VdWContact,bond_type,drug_name
0,1,0,0,0,0,1,0,1,1,0,0,0.0,1,1,0,0,0.0,0,0,0,0,0,0.0,0,0.0,1,1,0.0,0,0.0,0.0,1,1,1,0.0,0,1,1,0,1,1,0,0,0,0,0,outward,COC
1,1,0,0,0,1,1,0,1,1,0,0,0.0,0,0,0,0,0.0,0,0,0,0,0,0.0,0,0.0,1,1,0.0,1,0.0,0.0,1,1,0,0.0,0,1,1,0,1,1,1,0,0,0,0,outward,COC
2,1,1,0,0,0,1,0,1,1,0,0,0.0,1,0,0,0,0.0,0,0,0,0,0,0.0,0,0.0,1,1,0.0,1,0.0,0.0,1,1,1,0.0,1,1,1,0,0,1,1,0,0,0,0,outward,COC
3,1,1,0,0,0,1,0,0,1,1,0,0.0,1,0,0,0,0.0,0,0,0,0,1,0.0,0,0.0,1,1,0.0,1,0.0,0.0,1,0,0,0.0,1,1,1,0,0,1,0,0,0,0,0,outward,COC
4,1,1,0,0,0,1,0,0,1,0,0,0.0,1,0,0,0,0.0,0,0,0,0,0,0.0,0,0.0,1,1,0.0,0,0.0,0.0,1,1,1,0.0,0,1,1,0,1,1,1,0,0,0,0,outward,COC
5,1,1,0,0,1,1,0,1,1,0,0,0.0,1,0,0,0,0.0,0,0,0,0,0,0.0,0,0.0,1,1,0.0,0,0.0,0.0,1,1,0,0.0,0,0,1,0,1,1,1,0,0,0,0,outward,COC
6,1,1,0,0,1,1,0,1,1,1,0,0.0,0,0,0,0,0.0,0,0,0,1,0,0.0,0,0.0,1,1,0.0,0,0.0,0.0,1,0,1,0.0,1,1,1,0,1,1,1,0,0,0,0,outward,COC
7,1,1,0,0,1,1,0,1,1,0,1,0.0,1,0,0,0,0.0,0,0,0,0,0,0.0,0,0.0,1,1,0.0,0,0.0,0.0,1,1,0,0.0,0,0,1,0,1,1,1,0,0,0,0,outward,COC
8,1,0,0,0,0,1,0,1,1,0,0,0.0,1,0,0,0,0.0,0,1,0,0,0,0.0,0,0.0,1,1,0.0,0,0.0,0.0,1,1,0,0.0,1,1,1,0,0,1,1,0,0,0,0,outward,COC
9,1,0,0,0,0,1,0,1,1,0,1,0.0,1,0,0,0,0.0,0,1,0,0,0,0.0,0,0.0,1,1,0.0,1,0.0,0.0,1,1,0,0.0,1,0,1,0,0,1,1,0,0,0,0,outward,COC
10,1,0,0,0,1,1,0,1,1,1,1,0.0,1,0,0,0,0.0,0,0,0,0,0,0.0,0,0.0,1,1,0.0,1,0.0,0.0,1,1,0,0.0,1,1,1,0,0,1,1,0,0,0,0,outward,COC
11,1,0,0,0,0,1,0,1,1,0,0,0.0,1,0,0,0,0.0,0,1,0,0,0,0.0,1,0.0,1,1,0.0,1,0.0,0.0,1,1,0,0.0,0,1,1,0,1,1,1,0,0,0,0,outward,COC
12,1,1,0,0,0,1,0,0,1,0,0,0.0,1,0,1,0,0.0,0,1,1,0,0,0.0,0,0.0,1,1,0.0,0,0.0,0.0,1,1,1,0.0,0,1,1,0,1,1,1,0,0,0,0,outward,COC
13,1,1,0,1,0,1,0,0,1,1,0,0.0,1,0,0,0,0.0,0,1,0,0,0,0.0,0,0.0,1,1,0.0,1,0.0,0.0,1,1,0,0.0,1,1,1,0,1,1,1,0,0,0,0,outward,COC
14,1,0,0,0,0,1,0,0,1,1,1,0.0,1,0,0,0,0.0,0,1,0,1,0,0.0,0,0.0,1,1,0.0,1,0.0,0.0,1,1,1,0.0,1,0,1,0,0,1,1,0,0,0,0,outward,COC
15,1,1,0,0,1,1,0,0,1,0,0,0.0,1,0,0,0,0.0,0,1,1,0,0,0.0,0,0.0,1,1,0.0,1,0.0,0.0,1,1,1,0.0,1,1,1,0,0,1,0,0,0,0,0,outward,COC
16,1,1,0,0,0,1,0,0,1,0,0,0.0,1,0,0,0,0.0,0,1,0,1,0,0.0,0,0.0,1,1,0.0,1,0.0,0.0,1,1,0,0.0,0,1,1,0,1,1,1,0,0,0,0,outward,COC
17,1,1,0,0,0,1,0,0,1,0,1,0.0,1,0,1,0,0.0,0,1,0,0,0,0.0,0,0.0,1,1,0.0,0,0.0,0.0,1,1,1,0.0,1,1,1,0,1,1,0,0,0,0,0,outward,COC
18,1,0,0,1,0,1,0,1,1,0,0,0.0,0,0,0,0,0.0,0,1,1,1,0,0.0,0,0.0,1,1,0.0,0,0.0,0.0,1,1,0,0.0,0,0,1,0,0,1,0,0,0,0,0,outward,COC
19,1,0,0,0,0,1,0,0,1,0,0,0.0,0,0,0,0,0.0,0,1,0,0,0,0.0,0,0.0,0,1,0.0,1,0.0,0.0,1,1,0,0.0,0,0,1,0,0,1,0,0,0,0,0,outward,COC
20,1,0,0,0,0,1,0,0,1,1,1,0.0,1,0,0,0,0.0,0,1,0,0,0,0.0,1,0.0,1,1,0.0,1,0.0,0.0,1,1,0,0.0,0,1,1,0,1,0,0,0,0,0,0,outward,COC
21,1,0,0,0,0,1,0,0,1,1,0,0.0,1,0,0,0,0.0,0,1,1,0,0,0.0,1,0.0,0,1,0.0,1,0.0,0.0,1,1,0,0.0,1,1,1,0,1,1,0,0,0,0,0,outward,COC
22,1,0,0,0,0,1,0,0,1,0,0,0.0,0,0,0,0,0.0,0,1,0,0,0,0.0,1,0.0,1,1,0.0,1,0.0,0.0,1,1,0,0.0,0,1,1,0,1,1,0,0,0,0,0,outward,COC
23,1,0,0,0,0,1,0,0,1,0,1,0.0,0,0,0,0,0.0,0,1,0,0,0,0.0,0,0.0,0,1,0.0,1,0.0,0.0,1,0,0,0.0,0,1,1,0,1,1,1,0,0,0,0,outward,COC
24,1,1,0,0,0,1,0,0,1,1,1,0.0,0,0,0,0,0.0,0,1,0,0,0,0.0,1,0.0,1,1,0.0,1,0.0,0.0,1,1,1,0.0,0,0,1,0,1,1,1,0,0,0,0,outward,COC
25,1,0,0,0,0,1,0,0,1,1,0,0.0,1,0,0,0,0.0,0,1,0,0,0,0.0,1,0.0,1,1,0.0,0,0.0,0.0,1,1,0,0.0,1,0,1,0,0,1,1,0,0,0,0,outward,COC
26,1,1,0,0,0,1,0,0,1,1,1,0.0,0,0,0,0,0.0,0,1,1,0,0,0.0,1,0.0,1,1,0.0,1,0.0,0.0,1,1,0,0.0,0,1,1,0,1,1,0,0,0,0,0,outward,COC
27,1,1,0,0,0,1,0,0,1,0,1,0.0,0,0,0,0,0.0,0,0,0,0,0,0.0,1,0.0,1,1,0.0,1,0.0,0.0,1,1,1,0.0,0,0,1,0,1,1,1,0,0,0,0,outward,COC
28,1,1,0,0,0,1,0,0,0,0,0,0.0,0,0,0,0,0.0,0,1,0,0,0,0.0,0,0.0,1,1,0.0,1,0.0,0.0,1,1,0,0.0,0,1,1,0,1,1,1,0,0,0,0,outward,COC
29,1,0,0,0,1,1,0,0,0,0,0,0.0,1,0,0,0,0.0,0,0,0,0,0,0.0,0,0.0,1,1,0.0,0,0.0,0.0,1,1,0,0.0,0,0,1,0,1,1,1,0,0,0,0,outward,COC
30,1,1,0,0,1,1,0,0,1,0,0,0.0,0,0,0,0,0.0,0,1,1,0,0,0.0,0,0.0,0,1,0.0,0,0.0,0.0,1,1,0,0.0,1,0,1,0,1,1,1,0,0,0,0,outward,COC
31,1,0,0,0,0,1,0,0,1,1,0,0.0,0,0,0,0,0.0,0,0,0,0,0,0.0,1,0.0,1,1,0.0,1,0.0,0.0,1,1,0,0.0,0,0,1,0,1,1,1,0,0,0,0,outward,COC
32,1,0,0,0,0,1,0,0,1,0,1,0.0,0,0,0,0,0.0,0,1,0,0,0,0.0,1,0.0,1,1,0.0,1,0.0,0.0,1,1,1,0.0,0,1,1,0,1,1,1,0,0,0,0,outward,COC
33,1,0,0,0,0,1,0,0,1,1,1,0.0,1,0,0,0,0.0,0,1,0,0,0,0.0,1,0.0,1,1,0.0,1,0.0,0.0,1,0,0,0.0,0,0,1,0,1,1,0,0,0,0,0,outward,COC
34,1,0,0,0,0,1,0,0,1,1,0,0.0,1,0,0,0,0.0,0,1,0,0,0,0.0,0,0.0,1,1,0.0,1,0.0,0.0,1,1,0,0.0,0,1,1,0,1,1,0,0,0,0,0,outward,COC
35,1,0,0,0,1,1,0,0,1,0,0,0.0,0,0,1,0,0.0,0,1,0,0,0,0.0,1,0.0,1,1,0.0,1,0.0,0.0,1,1,0,0.0,1,0,1,0,1,1,1,0,0,0,0,outward,COC
36,1,0,0,0,0,1,0,0,1,1,1,0.0,0,0,0,0,0.0,0,1,0,0,0,0.0,1,0.0,1,1,0.0,0,0.0,0.0,1,1,0,0.0,0,1,1,0,0,1,1,0,0,0,0,outward,COC
37,1,1,0,0,0,1,0,0,1,0,0,0.0,0,0,1,0,0.0,0,1,0,0,0,0.0,1,0.0,1,1,0.0,0,0.0,0.0,1,1,0,0.0,0,0,1,0,0,1,1,0,0,0,0,outward,COC
38,1,0,0,0,0,1,0,0,1,1,1,0.0,0,0,0,0,0.0,0,1,0,0,0,0.0,1,0.0,1,1,0.0,1,0.0,0.0,1,1,0,0.0,1,0,1,0,1,1,1,0,0,0,0,outward,COC
39,1,1,0,0,0,1,0,0,1,1,1,0.0,0,0,0,0,0.0,1,1,0,0,0,0.0,1,0.0,1,1,0.0,1,0.0,0.0,1,1,0,0.0,1,0,1,0,1,1,0,0,0,0,0,outward,COC
40,1,0,0,0,0,1,0,0,1,0,1,0.0,0,0,0,0,0.0,0,1,0,1,0,0.0,0,0.0,1,1,0.0,1,0.0,0.0,1,1,0,0.0,0,1,1,0,1,1,1,0,0,0,0,outward,COC
41,1,0,0,0,0,1,0,0,1,0,1,0.0,0,0,0,0,0.0,0,1,0,0,0,0.0,0,0.0,1,1,0.0,0,0.0,0.0,1,1,0,0.0,0,0,1,0,0,1,1,0,0,0,0,outward,COC
42,1,1,0,0,0,1,0,0,1,0,1,0.0,0,0,0,0,0.0,0,1,0,0,0,0.0,0,0.0,1,1,0.0,1,0.0,0.0,1,1,0,0.0,0,1,1,0,0,1,1,0,0,1,0,outward,COC
43,1,1,0,0,0,1,0,0,1,0,0,0.0,0,0,0,0,0.0,0,1,0,0,0,0.0,0,0.0,1,1,0.0,0,0.0,0.0,1,1,1,0.0,0,0,1,0,0,0,1,0,0,1,0,outward,COC
44,0,1,0,0,0,1,0,0,1,1,1,0.0,1,0,0,0,0.0,0,1,0,0,0,0.0,0,0.0,1,1,0.0,1,0.0,0.0,1,1,0,0.0,0,0,0,0,0,0,1,0,0,1,0,outward,COC
45,1,1,0,0,0,1,0,0,1,0,1,0.0,0,0,0,0,0.0,0,1,0,0,1,0.0,0,0.0,1,1,0.0,0,0.0,0.0,1,0,0,0.0,0,0,1,0,0,0,1,0,0,1,0,outward,COC
46,0,0,0,0,0,1,0,0,1,0,0,0.0,1,0,0,0,0.0,0,0,0,0,0,0.0,0,0.0,1,1,0.0,0,0.0,0.0,1,0,0,0.0,0,1,1,0,0,0,1,0,0,1,0,outward,COC
47,1,1,0,0,0,1,0,0,1,1,0,0.0,1,0,0,0,0.0,0,1,0,0,0,0.0,0,0.0,1,1,0.0,1,0.0,0.0,1,1,0,0.0,0,1,1,0,1,0,0,0,0,0,0,outward,COC
48,1,0,0,0,0,1,0,0,1,0,0,0.0,1,0,0,0,0.0,0,1,1,0,0,0.0,0,0.0,1,1,0.0,0,0.0,0.0,1,1,0,0.0,0,1,1,0,1,1,1,0,0,1,0,outward,COC
49,1,0,0,0,0,1,0,0,1,1,0,0.0,0,0,0,0,0.0,0,1,0,0,0,0.0,0,0.0,1,1,0.0,0,0.0,0.0,1,1,0,0.0,1,1,1,0,1,1,1,0,0,0,0,outward,COC
50,0,0,0,0,0,1,0,0,1,0,1,0.0,1,0,0,0,0.0,0,1,1,0,1,0.0,1,0.0,1,1,0.0,1,0.0,0.0,1,1,1,0.0,0,1,1,0,1,1,0,0,0,1,0,outward,COC
51,1,1,0,0,0,1,0,0,1,0,1,0.0,1,0,0,0,0.0,0,1,0,0,0,0.0,0,0.0,1,1,0.0,0,0.0,0.0,1,1,1,0.0,0,0,1,0,1,0,0,0,0,1,0,outward,COC
52,1,1,0,0,0,1,0,0,1,1,0,0.0,0,0,0,0,0.0,0,1,0,0,0,0.0,0,0.0,0,1,0.0,0,0.0,0.0,1,1,1,0.0,0,1,1,0,0,1,0,0,0,0,0,outward,COC
53,1,0,0,1,0,1,0,1,1,0,0,0.0,0,0,0,0,0.0,0,0,0,0,0,0.0,0,0.0,1,1,0.0,0,0.0,0.0,1,1,0,0.0,1,0,1,0,1,1,1,0,0,0,0,outward,COC
54,1,0,0,0,0,1,0,0,1,0,1,0.0,0,0,0,0,0.0,0,1,0,0,0,0.0,0,0.0,1,1,0.0,0,0.0,0.0,1,1,0,0.0,1,1,1,0,1,1,1,0,0,0,0,outward,COC
55,0,0,0,0,0,1,0,1,1,0,1,0.0,0,0,0,0,0.0,0,0,0,1,0,0.0,0,0.0,1,1,0.0,0,0.0,0.0,1,1,1,0.0,1,0,1,0,1,1,1,0,0,0,0,outward,COC
56,1,0,0,0,0,1,0,0,1,0,0,0.0,0,0,0,0,0.0,0,1,1,0,0,0.0,0,0.0,1,1,0.0,0,0.0,0.0,1,1,0,0.0,0,0,1,0,1,1,0,0,0,0,0,outward,COC
57,1,0,0,0,0,1,0,0,1,0,0,0.0,0,0,0,0,0.0,0,1,0,0,0,0.0,0,0.0,1,1,0.0,0,0.0,0.0,1,1,0,0.0,0,0,1,0,0,1,0,0,0,0,0,outward,COC
58,1,1,0,0,0,1,0,0,1,0,1,0.0,0,0,0,0,0.0,0,1,0,0,1,0.0,0,0.0,1,1,0.0,0,0.0,0.0,1,0,0,0.0,0,1,1,0,1,1,1,0,0,0,0,outward,COC
59,1,0,0,0,0,1,0,0,1,0,0,0.0,0,0,0,0,0.0,0,1,0,0,1,0.0,0,0.0,1,1,0.0,1,0.0,0.0,1,0,1,0.0,0,1,1,0,0,1,0,0,0,0,0,outward,COC
60,1,1,0,0,0,1,0,0,1,0,0,0.0,1,0,0,0,0.0,0,1,0,0,0,0.0,0,0.0,1,1,0.0,1,0.0,0.0,1,0,1,0.0,1,1,1,0,0,1,0,0,0,0,0,outward,COC
61,1,0,0,0,0,1,0,0,1,0,0,0.0,1,0,0,0,0.0,0,1,0,0,0,0.0,0,0.0,1,1,0.0,0,0.0,0.0,1,1,1,0.0,0,0,1,0,1,1,1,0,0,0,0,outward,COC
62,0,0,0,0,0,1,0,0,1,0,1,0.0,1,0,0,0,0.0,0,1,0,0,0,0.0,0,0.0,1,1,0.0,1,0.0,0.0,1,0,1,0.0,0,0,1,0,0,1,1,0,0,1,0,outward,COC
63,1,1,0,0,0,1,0,0,1,0,1,0.0,0,0,0,0,0.0,0,0,0,0,0,0.0,0,0.0,1,1,0.0,1,0.0,0.0,1,1,0,0.0,0,1,1,0,1,1,1,0,0,1,0,outward,COC
64,1,1,0,0,0,1,0,0,1,0,0,0.0,0,0,0,0,0.0,0,0,0,0,1,0.0,0,0.0,1,1,0.0,1,0.0,0.0,1,1,0,0.0,0,1,1,0,1,0,0,0,0,1,0,outward,COC
65,1,0,0,0,0,1,0,1,1,1,0,0.0,1,0,0,0,0.0,0,1,0,0,1,0.0,0,0.0,1,1,0.0,1,0.0,0.0,1,1,0,0.0,0,1,1,0,0,1,1,0,0,1,0,outward,COC
66,1,1,0,1,0,1,0,0,1,0,0,0.0,0,0,0,0,0.0,0,1,0,0,0,0.0,0,0.0,1,1,0.0,1,0.0,0.0,1,1,1,0.0,1,1,1,0,1,1,0,0,0,0,0,outward,COC
67,1,1,0,0,0,1,0,0,1,1,0,0.0,1,0,0,0,0.0,0,1,0,0,0,0.0,1,0.0,1,1,0.0,1,0.0,0.0,1,1,0,0.0,0,0,1,0,1,1,1,0,0,0,0,outward,COC
68,1,0,0,0,0,1,0,0,1,1,0,0.0,0,0,0,0,0.0,0,1,0,0,0,0.0,0,0.0,1,1,0.0,1,0.0,0.0,1,1,0,0.0,0,1,1,0,1,1,1,0,0,0,0,outward,COC
69,1,1,0,0,0,1,0,0,1,0,0,0.0,1,0,0,0,0.0,0,0,0,0,1,0.0,0,0.0,1,1,0.0,1,0.0,0.0,1,1,0,0.0,1,1,1,0,0,1,1,0,0,0,0,outward,COC
70,1,1,0,0,0,1,0,0,1,1,0,0.0,1,0,0,0,0.0,0,1,0,0,0,0.0,0,0.0,1,1,0.0,1,0.0,0.0,1,1,0,0.0,0,1,1,0,1,1,1,0,0,1,0,outward,COC
71,1,0,0,0,0,1,0,0,1,1,0,0.0,0,0,0,0,0.0,0,0,0,0,0,0.0,0,0.0,1,1,0.0,0,0.0,0.0,1,1,0,0.0,1,1,1,0,1,1,1,0,0,0,0,outward,COC
72,0,0,0,1,0,1,0,0,1,1,0,0.0,0,0,0,0,0.0,0,1,0,0,0,0.0,0,0.0,0,1,0.0,0,0.0,0.0,1,1,0,0.0,0,0,1,0,1,1,1,0,0,0,0,outward,COC
73,0,0,0,0,0,1,0,0,1,0,0,0.0,0,0,0,0,0.0,0,0,0,0,1,0.0,0,0.0,1,1,0.0,0,0.0,0.0,1,1,1,0.0,0,0,1,0,1,1,0,0,0,1,0,outward,COC
74,0,0,0,0,0,1,0,0,1,0,0,0.0,0,0,0,0,0.0,0,1,0,0,0,0.0,0,0.0,1,1,0.0,1,0.0,0.0,1,1,0,0.0,0,1,1,0,0,1,1,0,0,0,0,outward,COC
75,0,0,0,1,0,1,0,0,1,0,0,0.0,0,0,0,0,0.0,0,1,0,0,0,0.0,0,0.0,1,1,0.0,0,0.0,0.0,1,1,1,0.0,1,1,1,0,0,1,0,0,0,1,0,outward,COC
76,0,0,0,0,0,1,0,0,1,0,0,0.0,1,0,0,0,0.0,0,1,1,0,1,0.0,1,0.0,1,1,0.0,1,0.0,0.0,1,1,1,0.0,0,0,0,0,0,1,0,0,0,1,0,outward,COC
77,1,0,0,0,0,1,0,0,1,0,1,0.0,0,0,0,0,0.0,0,1,1,0,1,0.0,1,0.0,1,1,0.0,0,0.0,0.0,1,1,0,0.0,0,1,1,0,1,1,1,0,0,0,0,outward,COC
78,1,0,0,0,0,1,0,0,1,0,0,0.0,0,0,0,0,0.0,0,0,0,0,0,0.0,0,0.0,1,1,0.0,0,0.0,0.0,1,0,0,0.0,0,1,1,0,1,1,1,0,0,1,0,outward,COC
79,1,0,0,0,0,1,0,0,1,0,1,0.0,0,0,0,0,0.0,0,1,1,0,0,0.0,0,0.0,1,1,0.0,0,0.0,0.0,1,0,0,0.0,1,1,1,0,1,1,1,0,0,0,0,outward,COC
80,1,1,0,1,0,1,0,0,1,0,1,0.0,1,0,0,0,0.0,0,1,0,0,0,0.0,0,0.0,1,1,0.0,0,0.0,0.0,1,1,0,0.0,0,1,1,0,1,0,0,0,0,0,0,outward,COC
81,0,0,0,0,0,1,0,0,1,0,0,0.0,1,0,0,0,0.0,0,1,0,0,0,0.0,0,0.0,1,1,0.0,1,0.0,0.0,1,1,1,0.0,0,0,1,0,1,1,0,0,0,1,0,outward,COC
82,0,0,0,0,0,1,0,0,1,1,0,0.0,0,0,0,0,0.0,0,1,1,0,0,0.0,1,0.0,1,1,0.0,1,0.0,0.0,1,1,0,0.0,0,1,1,0,1,1,1,0,0,0,0,outward,COC
83,1,1,0,0,0,1,0,1,1,0,0,0.0,0,0,0,0,0.0,0,1,1,0,1,0.0,0,0.0,1,1,0.0,0,0.0,0.0,1,1,0,0.0,1,1,1,0,0,1,1,0,0,0,0,outward,COC
84,1,1,0,0,0,1,0,0,1,0,0,0.0,0,0,0,0,0.0,0,1,0,0,0,0.0,0,0.0,1,1,0.0,0,0.0,0.0,1,1,1,0.0,0,1,1,0,1,1,0,0,0,1,0,outward,COC
85,0,0,0,0,0,1,0,0,1,0,1,0.0,1,0,0,0,0.0,0,1,0,0,1,0.0,0,0.0,1,1,0.0,0,0.0,0.0,1,1,0,0.0,0,1,1,0,0,1,1,0,0,0,0,outward,COC
86,1,0,0,0,0,1,0,0,1,0,0,0.0,0,0,0,0,0.0,0,1,1,0,0,0.0,0,0.0,1,1,0.0,1,0.0,0.0,1,1,0,0.0,0,1,1,0,1,1,1,0,0,0,0,outward,COC
87,1,1,0,0,0,1,0,0,1,0,0,0.0,0,0,0,0,0.0,0,1,0,0,1,0.0,0,0.0,1,1,0.0,0,0.0,0.0,1,0,0,0.0,0,1,1,0,1,1,1,0,0,0,0,outward,COC
88,0,0,0,0,0,1,0,1,1,0,0,0.0,0,0,0,0,0.0,0,1,0,0,0,0.0,0,0.0,1,1,0.0,1,0.0,0.0,1,1,1,0.0,0,1,1,0,1,1,0,0,0,1,0,outward,COC
89,1,1,0,0,0,1,0,0,1,1,0,0.0,1,0,0,0,0.0,0,1,0,0,0,0.0,0,0.0,1,1,0.0,1,0.0,0.0,1,1,0,0.0,0,0,1,0,1,1,1,0,0,1,0,outward,COC
90,1,0,0,0,0,1,0,0,1,0,0,0.0,0,0,0,0,0.0,0,1,0,0,1,0.0,0,0.0,1,1,0.0,0,0.0,0.0,1,0,1,0.0,0,1,1,0,1,1,0,0,0,1,0,outward,COC
91,1,1,0,0,0,1,0,0,1,0,0,0.0,0,0,0,0,0.0,0,0,0,0,0,0.0,0,0.0,1,1,0.0,1,0.0,0.0,1,1,0,0.0,0,0,1,0,0,1,1,0,0,1,0,outward,COC
92,1,0,0,0,0,1,0,0,1,0,1,0.0,0,0,0,0,0.0,0,1,0,0,0,0.0,0,0.0,1,1,0.0,1,0.0,0.0,1,1,0,0.0,0,0,1,0,1,1,0,0,0,0,0,outward,COC
93,1,1,0,0,0,1,0,0,1,1,0,0.0,1,0,0,0,0.0,0,1,0,0,0,0.0,1,0.0,1,1,0.0,0,0.0,0.0,1,1,0,0.0,0,1,1,0,1,1,1,0,0,0,0,outward,COC
94,1,0,0,0,0,1,0,0,1,0,0,0.0,1,0,0,0,0.0,0,1,0,0,1,0.0,1,0.0,1,1,0.0,1,0.0,0.0,1,1,0,0.0,1,0,1,0,1,1,0,0,0,0,0,outward,COC
95,1,1,0,0,0,1,0,0,1,0,0,0.0,1,0,0,0,0.0,0,1,1,0,1,0.0,1,0.0,1,1,0.0,1,0.0,0.0,1,0,0,0.0,1,1,1,0,1,1,1,0,0,0,0,outward,COC
96,1,1,0,1,0,1,0,0,1,0,0,0.0,1,0,0,0,0.0,0,1,0,0,0,0.0,0,0.0,1,1,0.0,0,0.0,0.0,1,0,0,0.0,1,1,1,0,1,1,0,0,0,0,0,outward,COC
97,1,0,0,0,0,1,0,0,1,0,0,0.0,1,0,0,0,0.0,0,1,1,0,0,0.0,0,0.0,1,1,0.0,1,0.0,0.0,1,1,0,0.0,1,1,1,0,1,1,1,0,0,0,0,outward,COC
98,1,0,0,0,0,1,0,0,1,0,1,0.0,1,0,0,0,0.0,0,1,0,0,0,0.0,0,0.0,1,1,0.0,1,0.0,0.0,1,1,0,0.0,1,0,1,0,1,1,0,0,0,0,0,outward,COC
99,0,0,0,0,0,1,0,0,1,1,0,0.0,0,0,0,0,0.0,0,1,1,0,0,0.0,0,0.0,1,1,0.0,1,0.0,0.0,1,0,1,0.0,0,1,1,0,0,1,1,0,0,1,0,outward,COC
100,1,0,0,0,0,1,0,0,1,1,1,0.0,1,0,0,0,0.0,0,1,1,0,0,0.0,0,0.0,1,1,0.0,0,0.0,0.0,1,1,0,0.0,0,0,1,0,0,1,1,0,0,0,0,outward,COC
101,0,0,0,0,0,1,0,0,1,0,1,0.0,1,0,0,0,0.0,0,1,0,0,0,0.0,1,0.0,1,1,0.0,0,0.0,0.0,1,1,1,0.0,0,1,1,0,0,1,1,0,0,1,0,outward,COC
102,1,0,0,0,0,1,0,0,1,0,1,0.0,1,0,0,0,0.0,0,1,0,0,0,0.0,0,0.0,1,1,0.0,1,0.0,0.0,1,1,0,0.0,1,0,1,0,1,1,1,0,0,0,0,outward,COC
103,1,0,0,0,0,1,0,0,1,1,1,0.0,0,0,0,0,0.0,0,1,0,0,0,0.0,0,0.0,1,1,0.0,0,0.0,0.0,1,0,0,0.0,0,1,1,0,1,1,1,0,0,0,0,outward,COC
104,1,0,0,0,0,1,0,0,1,1,0,0.0,0,0,0,0,0.0,0,1,1,0,1,0.0,0,0.0,1,1,0.0,1,0.0,0.0,1,1,1,0.0,1,1,1,0,1,1,1,0,0,0,0,outward,COC
105,0,0,0,0,0,1,0,0,1,1,0,0.0,0,0,0,0,0.0,0,1,1,0,0,0.0,1,0.0,1,1,0.0,0,0.0,0.0,1,1,1,0.0,1,0,1,0,1,1,1,0,0,0,0,outward,COC
106,0,0,0,0,0,1,0,0,1,1,0,0.0,1,0,0,0,0.0,0,1,0,0,0,0.0,0,0.0,1,1,0.0,0,0.0,0.0,1,1,0,0.0,0,0,1,0,1,1,0,0,0,0,0,outward,COC
107,0,0,0,1,0,1,0,0,1,1,0,0.0,0,0,0,0,0.0,0,1,0,0,0,0.0,0,0.0,1,1,0.0,0,0.0,0.0,1,1,0,0.0,1,1,1,0,0,1,1,0,0,1,0,outward,COC
108,1,1,0,0,0,1,0,0,1,0,1,0.0,1,0,0,0,0.0,0,1,1,0,1,0.0,0,0.0,1,1,0.0,1,0.0,0.0,1,0,0,0.0,0,1,1,0,1,1,0,0,0,0,0,outward,COC
109,0,0,0,0,0,1,0,0,1,1,0,0.0,1,0,0,0,0.0,0,1,1,0,0,0.0,0,0.0,1,1,0.0,1,0.0,0.0,1,1,0,0.0,0,1,0,0,1,1,1,0,0,1,0,outward,COC
110,0,0,0,1,0,1,0,0,1,0,0,0.0,0,0,0,0,0.0,0,1,0,0,0,0.0,1,0.0,1,1,0.0,0,0.0,0.0,1,1,1,0.0,1,1,1,0,0,1,1,0,0,0,0,outward,COC
111,0,0,0,0,0,1,0,0,1,0,1,0.0,0,0,0,0,0.0,0,1,0,0,1,0.0,1,0.0,1,1,0.0,1,0.0,0.0,1,1,1,0.0,0,1,1,0,0,1,1,0,0,1,0,outward,COC
112,1,0,0,0,0,1,0,0,1,1,1,0.0,1,0,0,0,0.0,0,1,0,0,0,0.0,0,0.0,1,1,0.0,0,0.0,0.0,1,1,0,0.0,0,1,1,0,1,1,1,0,0,1,0,outward,COC
113,1,1,0,0,0,1,0,0,1,1,0,0.0,1,0,0,0,0.0,0,1,0,0,0,0.0,0,0.0,1,1,0.0,0,0.0,0.0,1,1,0,0.0,0,1,1,0,1,0,1,0,0,0,0,outward,COC
114,0,0,0,0,0,1,0,0,1,0,0,0.0,1,0,0,0,0.0,0,0,0,0,0,0.0,1,0.0,1,1,0.0,1,0.0,0.0,1,0,1,0.0,0,1,1,0,0,1,1,0,0,1,0,outward,COC
115,0,0,0,1,0,1,0,0,1,0,0,0.0,0,0,0,0,0.0,0,0,0,0,0,0.0,0,0.0,1,1,0.0,1,0.0,0.0,1,1,0,0.0,0,1,1,0,0,1,1,1,0,1,0,outward,COC
116,0,0,0,0,0,1,0,0,1,1,1,0.0,1,0,0,0,0.0,0,1,0,0,0,0.0,0,0.0,1,1,0.0,1,0.0,0.0,1,1,0,0.0,0,0,0,0,0,1,1,0,0,1,0,outward,COC
117,1,1,0,0,0,1,0,0,1,1,0,0.0,0,0,0,0,0.0,0,1,0,0,0,0.0,1,0.0,1,1,0.0,0,0.0,0.0,1,0,0,0.0,0,0,1,0,0,1,1,0,0,0,0,outward,COC
118,0,0,0,0,0,1,0,0,1,0,0,0.0,0,0,0,0,0.0,0,1,1,0,0,0.0,1,0.0,1,1,0.0,1,0.0,0.0,1,0,1,0.0,0,1,1,0,0,1,1,0,0,0,0,outward,COC
119,0,1,0,0,0,1,0,1,1,1,0,0.0,1,0,0,0,0.0,0,1,1,0,1,0.0,0,0.0,1,1,0.0,1,0.0,0.0,1,1,1,0.0,1,0,1,0,0,1,1,0,0,1,0,outward,COC
120,0,0,0,1,0,1,0,0,1,1,0,0.0,0,0,0,0,0.0,0,1,0,0,1,0.0,0,0.0,1,1,0.0,1,0.0,0.0,1,1,0,0.0,0,1,1,0,0,1,1,0,0,1,0,outward,COC
121,0,0,0,1,0,1,0,0,1,1,0,0.0,1,0,0,0,0.0,0,0,0,0,0,0.0,0,0.0,1,1,0.0,0,0.0,0.0,1,0,0,0.0,0,0,1,0,0,1,1,1,0,0,0,outward,COC
122,0,0,0,0,0,1,0,0,1,1,0,0.0,0,0,0,0,0.0,0,1,0,0,0,0.0,0,0.0,1,1,0.0,1,0.0,0.0,1,1,1,0.0,1,0,1,0,0,1,1,0,0,1,1,outward,COC
123,0,0,0,1,0,1,0,0,1,1,0,0.0,1,0,0,0,0.0,0,0,0,0,0,0.0,0,0.0,1,1,0.0,1,0.0,0.0,1,0,1,0.0,0,1,1,0,0,1,1,0,0,1,0,outward,COC
124,0,0,0,0,0,1,0,0,1,1,0,0.0,1,0,0,0,0.0,0,1,0,0,0,0.0,0,0.0,1,1,0.0,1,0.0,0.0,1,1,1,0.0,0,1,1,0,0,1,0,0,0,1,0,outward,COC
125,1,1,0,0,0,1,0,0,1,1,0,0.0,1,0,0,0,0.0,0,1,0,0,0,0.0,0,0.0,1,1,0.0,0,0.0,0.0,1,1,0,0.0,0,1,1,0,1,1,1,0,0,1,0,outward,COC
126,1,0,0,0,0,1,0,0,1,1,0,0.0,0,0,0,0,0.0,0,1,1,0,0,0.0,0,0.0,1,1,0.0,0,0.0,0.0,1,0,0,0.0,0,1,1,0,1,1,1,0,0,0,0,outward,COC
127,1,0,0,0,0,1,0,0,1,1,1,0.0,0,0,0,0,0.0,0,1,0,0,0,0.0,0,0.0,1,1,0.0,0,0.0,0.0,1,1,1,0.0,1,1,1,0,1,1,1,0,0,1,0,outward,COC
128,1,0,0,0,0,1,0,0,1,1,1,0.0,0,0,0,0,0.0,0,1,1,0,0,0.0,0,0.0,1,1,0.0,1,0.0,0.0,1,1,1,0.0,0,1,1,0,0,1,1,0,0,1,0,outward,COC
129,0,1,0,0,0,1,0,0,1,1,1,0.0,1,0,0,0,0.0,0,1,0,0,0,0.0,0,0.0,1,1,0.0,1,0.0,0.0,1,1,1,0.0,0,1,1,0,0,1,1,0,0,1,1,outward,COC
130,1,0,0,0,0,1,0,0,1,1,1,0.0,1,0,0,0,0.0,0,1,0,0,0,0.0,0,0.0,1,1,0.0,0,0.0,0.0,1,1,0,0.0,0,1,1,0,1,1,1,0,0,1,0,outward,COC
131,1,0,0,0,0,1,0,0,1,1,0,0.0,0,0,0,0,0.0,0,1,0,0,0,0.0,0,0.0,1,1,0.0,0,0.0,0.0,1,1,0,0.0,1,0,1,0,1,1,1,0,0,1,0,outward,COC
132,1,1,0,0,0,1,0,0,1,1,0,0.0,0,0,0,0,0.0,0,1,0,0,0,0.0,0,0.0,1,1,0.0,1,0.0,0.0,1,1,0,0.0,0,1,1,0,1,1,1,0,0,1,0,outward,COC
133,1,1,0,0,0,1,0,0,1,1,1,0.0,1,0,0,0,0.0,0,1,0,0,1,0.0,0,0.0,1,1,0.0,0,0.0,0.0,1,1,0,0.0,0,0,1,0,1,1,0,0,0,1,1,outward,COC
134,1,1,0,0,0,1,0,0,1,0,0,0.0,0,0,0,0,0.0,0,1,0,0,0,0.0,0,0.0,1,1,0.0,1,0.0,0.0,1,1,1,0.0,0,1,1,0,0,1,1,0,0,1,1,outward,COC
135,1,0,0,1,0,1,0,0,1,1,1,0.0,1,0,0,0,0.0,0,1,1,0,0,0.0,1,0.0,1,1,0.0,1,0.0,0.0,1,1,0,0.0,1,1,1,0,1,1,1,0,0,1,0,outward,COC
136,1,1,0,1,0,1,0,0,1,1,0,0.0,1,0,0,0,0.0,0,1,0,0,0,0.0,0,0.0,1,1,0.0,0,0.0,0.0,1,1,0,0.0,1,1,1,0,0,1,1,0,0,1,0,outward,COC
137,1,1,0,1,0,1,0,0,1,0,0,0.0,0,0,0,0,0.0,0,1,1,0,0,0.0,0,0.0,1,1,0.0,1,0.0,0.0,1,1,0,0.0,1,1,1,0,0,1,1,0,0,1,1,outward,COC
138,1,1,0,0,0,1,0,0,1,1,1,0.0,1,0,0,0,0.0,0,1,1,0,0,0.0,0,0.0,1,1,0.0,0,0.0,0.0,1,1,0,0.0,0,1,1,0,1,1,1,0,0,1,0,outward,COC
139,1,1,0,0,0,1,0,0,1,1,1,0.0,0,0,0,0,0.0,0,1,0,0,0,0.0,0,0.0,1,1,0.0,1,0.0,0.0,1,1,0,0.0,1,1,1,0,1,0,1,0,0,1,0,outward,COC
140,1,0,0,0,0,1,0,0,1,1,0,0.0,1,0,0,0,0.0,0,1,0,0,0,0.0,0,0.0,1,1,0.0,1,0.0,0.0,1,1,0,0.0,0,1,1,0,1,1,1,0,0,0,0,outward,COC
141,1,0,0,0,0,1,0,0,1,0,0,0.0,0,0,0,0,0.0,0,1,0,0,0,0.0,0,0.0,1,1,0.0,0,0.0,0.0,1,1,0,0.0,0,1,1,0,1,1,1,0,0,0,0,outward,COC
142,1,0,0,0,0,1,0,0,1,1,0,0.0,1,0,0,0,0.0,0,1,0,0,0,0.0,1,0.0,1,1,0.0,0,0.0,0.0,1,1,0,0.0,0,1,1,0,0,1,1,0,0,1,0,outward,COC
143,1,1,0,0,0,1,0,0,1,0,1,0.0,0,0,0,0,0.0,0,1,0,0,0,0.0,0,0.0,1,1,0.0,0,0.0,0.0,1,1,0,0.0,0,0,1,0,1,1,1,0,0,1,1,outward,COC
144,0,0,0,1,0,1,0,0,0,0,0,0.0,0,0,0,0,0.0,0,1,1,0,0,0.0,0,0.0,1,1,0.0,0,0.0,0.0,1,1,0,0.0,1,0,0,0,0,1,1,0,0,1,0,outward,COC
145,1,1,0,1,0,1,0,0,1,1,0,0.0,0,0,0,0,0.0,0,1,0,0,0,0.0,0,0.0,1,1,0.0,0,0.0,0.0,1,1,0,0.0,1,1,1,0,0,1,1,0,0,1,0,outward,COC
146,1,1,0,0,0,1,0,0,1,0,1,0.0,1,0,0,0,0.0,0,1,0,0,0,0.0,0,0.0,1,1,0.0,0,0.0,0.0,1,1,0,0.0,1,0,1,0,1,0,1,0,0,1,0,outward,COC
147,1,1,0,1,0,1,0,0,1,1,0,0.0,0,0,0,0,0.0,0,1,0,0,0,0.0,0,0.0,1,1,0.0,0,0.0,0.0,1,1,0,0.0,0,1,1,0,0,1,0,0,0,1,0,outward,COC
148,0,0,0,1,0,1,0,0,1,0,0,0.0,0,0,0,0,0.0,0,1,0,0,1,0.0,0,0.0,1,1,0.0,0,0.0,0.0,1,1,0,0.0,0,1,1,0,1,1,1,0,0,1,0,outward,COC
149,1,1,0,0,0,1,0,0,1,1,0,0.0,0,0,0,0,0.0,0,1,1,0,0,0.0,0,0.0,1,1,0.0,0,0.0,0.0,1,1,0,0.0,1,1,1,0,1,1,1,0,0,1,0,outward,COC
150,0,0,0,0,0,1,0,1,1,1,1,0.0,0,0,0,0,0.0,0,1,0,0,0,0.0,0,0.0,1,1,0.0,1,0.0,0.0,1,1,0,0.0,1,1,1,0,1,1,1,0,0,1,1,outward,COC
151,0,0,0,0,0,1,0,0,0,0,1,0.0,0,0,0,0,0.0,0,1,0,0,0,0.0,0,0.0,1,1,0.0,1,0.0,0.0,1,0,0,0.0,0,1,1,0,0,1,1,0,0,1,0,outward,COC
152,1,0,0,0,0,1,0,0,1,0,1,0.0,1,0,0,0,0.0,0,1,0,0,0,0.0,0,0.0,1,1,0.0,0,0.0,0.0,1,1,1,0.0,0,1,1,0,1,1,1,0,0,1,0,outward,COC
153,1,1,0,0,0,1,0,0,1,1,0,0.0,0,0,0,0,0.0,0,1,0,0,0,0.0,0,0.0,1,1,0.0,0,0.0,0.0,1,1,0,0.0,1,0,1,0,0,1,1,0,0,1,0,outward,COC
154,1,1,0,0,0,1,0,0,1,1,0,0.0,0,0,0,0,0.0,0,1,0,0,0,0.0,0,0.0,1,1,0.0,1,0.0,0.0,1,1,0,0.0,1,1,1,0,1,1,0,0,0,1,0,outward,COC
155,0,1,0,0,0,1,0,0,1,1,0,0.0,0,0,0,0,0.0,0,1,1,0,0,0.0,0,0.0,1,1,0.0,1,0.0,0.0,1,1,1,0.0,0,0,1,0,0,1,1,0,0,1,0,outward,COC
156,1,0,0,1,0,1,0,0,1,1,0,0.0,1,0,0,0,0.0,0,1,0,0,0,0.0,0,0.0,1,1,0.0,1,0.0,0.0,1,0,0,0.0,0,1,1,0,0,1,1,0,0,1,0,outward,COC
157,1,1,0,0,0,1,0,0,1,0,1,0.0,1,0,0,0,0.0,0,1,0,0,0,0.0,0,0.0,1,1,0.0,0,0.0,0.0,1,0,0,0.0,1,0,1,0,0,1,1,0,0,0,0,outward,COC
158,0,0,0,1,0,1,0,0,1,0,0,0.0,0,0,0,0,0.0,0,1,0,0,0,0.0,0,0.0,1,1,0.0,1,0.0,0.0,1,1,0,0.0,0,0,1,0,0,1,1,0,0,1,1,outward,COC
159,1,0,0,0,0,1,0,0,1,1,0,0.0,0,0,0,0,0.0,0,1,0,0,0,0.0,0,0.0,1,1,0.0,0,0.0,0.0,1,1,0,0.0,1,0,1,0,0,1,1,0,0,1,1,outward,COC
160,0,1,0,0,0,1,0,0,1,1,1,0.0,1,0,0,0,0.0,0,1,0,0,0,0.0,0,0.0,1,1,0.0,1,0.0,0.0,1,1,1,0.0,0,1,0,0,0,1,0,0,0,1,0,outward,COC
161,1,1,0,0,0,1,0,0,1,0,0,0.0,0,0,0,0,0.0,0,1,1,0,0,0.0,0,0.0,1,1,0.0,1,0.0,0.0,1,0,0,0.0,0,1,1,0,0,1,1,0,0,1,0,outward,COC
162,1,1,0,0,0,1,0,0,1,0,0,0.0,0,0,0,0,0.0,0,1,0,0,0,0.0,0,0.0,1,1,0.0,0,0.0,0.0,1,0,0,0.0,1,0,1,0,0,1,1,0,0,1,0,outward,COC
163,1,1,0,1,0,1,0,0,1,0,1,0.0,1,0,0,0,0.0,0,1,1,0,0,0.0,0,0.0,1,1,0.0,1,0.0,0.0,1,1,0,0.0,1,1,1,0,0,1,1,0,0,1,0,outward,COC
164,1,0,0,0,0,1,0,0,1,1,1,0.0,1,0,0,0,0.0,0,1,1,0,0,0.0,0,0.0,1,1,0.0,0,0.0,0.0,1,1,0,0.0,0,1,1,0,1,1,1,0,0,0,0,outward,COC
165,1,1,0,0,0,1,0,0,1,0,0,0.0,0,0,0,0,0.0,0,1,0,0,0,0.0,1,0.0,1,1,0.0,0,0.0,0.0,1,1,0,0.0,0,0,1,0,1,1,1,0,0,1,0,outward,COC
166,1,1,0,0,0,1,0,0,1,0,1,0.0,1,0,0,0,0.0,0,1,1,0,0,0.0,1,0.0,1,1,0.0,1,0.0,0.0,1,1,0,0.0,1,0,1,0,0,0,1,0,0,0,0,outward,COC
167,1,1,0,0,0,1,0,0,1,1,1,0.0,1,0,0,0,0.0,0,1,1,0,1,0.0,0,0.0,1,1,0.0,0,0.0,0.0,1,1,0,0.0,0,1,1,0,1,0,0,0,0,1,0,outward,COC
168,1,1,0,0,0,1,0,0,1,0,0,0.0,0,0,0,0,0.0,0,1,0,0,0,0.0,0,0.0,1,1,0.0,0,0.0,0.0,1,1,1,0.0,0,1,1,0,0,0,1,0,0,0,0,outward,COC
169,0,1,0,0,0,1,0,0,1,0,0,0.0,1,0,0,0,0.0,0,1,0,0,0,0.0,0,0.0,1,1,0.0,1,0.0,0.0,1,1,0,0.0,1,1,1,0,1,0,1,0,0,1,0,outward,COC
170,0,1,0,0,0,1,0,1,1,1,0,0.0,1,0,0,0,0.0,0,1,0,0,0,0.0,0,0.0,1,1,0.0,0,0.0,0.0,1,1,1,0.0,0,1,1,0,1,1,1,0,0,0,0,outward,COC
171,1,1,0,0,0,1,0,0,1,1,1,0.0,0,0,0,0,0.0,0,1,0,0,0,0.0,0,0.0,1,1,0.0,1,0.0,0.0,1,1,1,0.0,0,1,1,0,0,1,0,0,0,1,0,outward,COC
172,1,1,0,0,0,1,0,0,1,1,0,0.0,0,0,0,0,0.0,0,1,0,0,0,0.0,0,0.0,1,1,0.0,0,0.0,0.0,1,1,0,0.0,0,0,1,0,1,0,0,0,0,1,0,outward,COC
173,1,1,0,0,0,1,0,0,1,0,1,0.0,1,0,0,0,0.0,0,1,0,0,0,0.0,0,0.0,1,1,0.0,1,0.0,0.0,1,0,0,0.0,0,1,1,0,1,0,1,0,0,0,0,outward,COC
174,1,0,0,1,0,1,0,0,1,0,1,0.0,0,0,0,0,0.0,0,1,0,0,0,0.0,0,0.0,1,1,0.0,1,0.0,0.0,1,1,0,0.0,1,0,1,0,1,0,1,0,0,1,0,outward,COC
175,0,0,0,0,0,1,0,0,1,0,0,0.0,0,0,0,0,0.0,0,1,0,0,1,0.0,1,0.0,1,1,0.0,0,0.0,0.0,1,1,0,0.0,0,0,1,0,0,1,1,0,0,1,0,outward,COC
176,1,1,0,0,0,1,0,0,1,1,1,0.0,0,0,0,0,0.0,0,1,0,0,0,0.0,0,0.0,1,1,0.0,1,0.0,0.0,1,1,1,0.0,0,1,1,0,1,1,0,0,0,1,0,outward,COC
177,0,0,0,0,0,1,0,0,1,1,1,0.0,0,0,0,0,0.0,0,1,0,0,0,0.0,0,0.0,1,1,0.0,0,0.0,0.0,1,0,0,0.0,0,0,1,0,0,1,1,0,0,1,0,outward,COC
178,1,1,0,0,0,1,0,0,1,0,1,0.0,0,0,0,0,0.0,0,1,1,0,1,0.0,1,0.0,1,1,0.0,0,0.0,0.0,1,1,0,0.0,0,1,1,0,1,0,1,0,0,1,0,outward,COC
179,1,1,0,1,0,1,0,1,1,1,0,0.0,1,0,0,0,0.0,0,1,1,0,0,0.0,0,0.0,1,1,0.0,0,0.0,0.0,1,1,0,0.0,1,1,1,0,1,1,1,0,0,1,0,outward,COC
180,0,0,0,0,0,1,0,0,1,1,1,0.0,1,0,0,0,0.0,0,1,1,0,0,0.0,0,0.0,1,1,0.0,1,0.0,0.0,1,0,0,0.0,1,1,0,0,1,1,0,0,0,1,1,outward,COC
181,1,0,0,0,0,1,0,0,1,1,1,0.0,1,0,0,0,0.0,0,1,1,0,0,0.0,0,0.0,1,1,0.0,0,0.0,0.0,1,1,0,0.0,0,1,1,0,0,1,0,0,0,1,1,outward,COC
182,1,1,0,0,0,1,0,0,1,1,0,0.0,0,0,0,0,0.0,0,1,0,0,0,0.0,0,0.0,1,1,0.0,1,0.0,0.0,1,0,1,0.0,0,1,1,0,0,1,1,0,0,1,1,outward,COC
183,1,1,0,0,0,1,0,0,1,1,0,0.0,1,0,0,0,0.0,0,1,1,0,0,0.0,0,0.0,1,1,0.0,1,0.0,0.0,1,1,0,0.0,1,0,1,0,1,1,0,1,0,1,0,outward,COC
184,1,1,0,0,0,1,0,0,1,1,0,0.0,1,0,0,0,0.0,0,1,1,0,1,0.0,0,0.0,1,1,0.0,1,0.0,0.0,1,1,0,0.0,0,0,1,0,1,0,1,0,0,0,0,outward,COC
185,1,1,0,0,0,1,0,0,1,0,0,0.0,0,0,0,0,0.0,0,1,0,0,0,0.0,0,0.0,1,1,0.0,0,0.0,0.0,1,0,0,0.0,1,0,1,0,0,1,0,0,0,1,1,outward,COC
186,1,1,0,0,0,1,0,0,1,1,0,0.0,1,0,0,0,0.0,0,1,1,0,1,0.0,1,0.0,1,1,0.0,1,0.0,0.0,1,0,0,0.0,0,1,1,0,1,1,1,0,0,0,0,outward,COC
187,1,1,0,1,0,1,0,0,1,1,0,0.0,1,0,0,0,0.0,0,1,1,0,0,0.0,0,0.0,1,1,0.0,1,0.0,0.0,1,1,0,0.0,1,1,1,0,1,0,0,0,0,0,0,outward,COC
188,1,0,0,1,0,1,0,1,1,1,0,0.0,1,0,0,0,0.0,0,1,0,0,0,0.0,0,0.0,1,1,0.0,0,0.0,0.0,1,1,0,0.0,0,1,1,0,1,1,1,0,0,1,0,outward,COC
189,1,0,0,0,0,1,0,0,1,1,1,0.0,0,0,0,0,0.0,0,1,1,0,0,0.0,1,0.0,1,1,0.0,0,0.0,0.0,1,1,0,0.0,0,0,1,0,1,1,1,0,0,1,0,outward,COC
190,1,0,0,0,0,1,0,0,1,1,0,0.0,1,0,0,0,0.0,0,1,0,0,0,0.0,0,0.0,1,1,0.0,0,0.0,0.0,1,0,0,0.0,0,1,1,0,1,1,0,0,0,1,0,outward,COC
191,1,1,0,0,0,1,0,0,1,1,0,0.0,1,0,0,0,0.0,0,1,1,0,0,0.0,0,0.0,1,1,0.0,0,0.0,0.0,1,0,0,0.0,0,1,1,0,1,0,0,0,0,1,0,outward,COC
192,0,0,0,1,0,1,0,0,1,0,0,0.0,1,0,0,0,0.0,0,0,0,0,0,0.0,0,0.0,1,1,0.0,0,0.0,0.0,1,0,0,0.0,0,1,1,0,0,1,1,1,0,1,0,outward,COC
193,1,1,0,0,0,1,0,1,1,0,0,0.0,1,0,0,0,0.0,0,1,1,0,0,0.0,0,0.0,1,1,0.0,1,0.0,0.0,1,1,0,0.0,0,1,1,0,0,0,0,0,0,1,1,outward,COC
194,1,1,0,0,0,1,0,0,1,0,0,0.0,0,0,0,0,0.0,0,1,1,0,0,0.0,0,0.0,1,1,0.0,0,0.0,0.0,1,1,0,0.0,0,0,1,0,1,0,0,0,0,1,0,outward,COC
195,1,1,0,0,0,1,0,0,1,1,0,0.0,0,0,0,0,0.0,0,1,0,0,0,0.0,0,0.0,1,1,0.0,1,0.0,0.0,1,1,0,0.0,1,0,1,0,1,1,1,0,0,1,0,outward,COC
196,1,0,0,0,0,1,0,0,1,1,0,0.0,0,0,0,0,0.0,0,1,0,0,0,0.0,0,0.0,1,1,0.0,1,0.0,0.0,1,1,0,0.0,0,1,1,0,1,1,1,0,0,1,0,outward,COC
197,1,0,0,0,0,1,0,0,1,1,0,0.0,0,0,0,0,0.0,0,1,0,0,0,0.0,0,0.0,1,1,0.0,1,0.0,0.0,1,0,0,0.0,0,0,1,0,0,1,1,0,0,1,1,outward,COC
198,1,1,0,1,0,1,0,0,1,0,0,0.0,0,0,0,0,0.0,0,1,0,0,0,0.0,0,0.0,1,1,0.0,0,0.0,0.0,1,1,0,0.0,0,1,1,0,1,0,1,0,0,1,1,outward,COC
199,0,0,0,1,0,1,0,0,1,1,0,0.0,0,0,0,0,0.0,0,1,0,0,0,0.0,0,0.0,1,1,0.0,1,0.0,0.0,1,1,0,0.0,0,1,1,0,1,1,0,0,0,1,0,outward,COC
200,0,1,0,0,0,1,0,0,1,0,0,0.0,0,0,0,0,0.0,0,1,1,0,0,0.0,0,0.0,1,1,0.0,0,0.0,0.0,1,1,0,0.0,1,1,1,0,0,1,0,0,0,1,1,outward,COC
201,0,0,0,0,0,1,0,0,1,1,0,0.0,0,0,0,0,0.0,0,1,1,0,0,0.0,1,0.0,1,1,0.0,0,0.0,0.0,1,1,0,0.0,1,0,1,0,1,1,1,0,0,1,0,outward,COC
202,0,0,0,0,0,1,0,0,1,1,1,0.0,1,0,0,0,0.0,0,1,1,0,0,0.0,0,0.0,1,1,0.0,1,0.0,0.0,1,1,0,0.0,0,1,1,0,0,1,1,0,0,1,0,outward,COC
203,0,0,0,0,0,1,0,0,1,1,0,0.0,0,0,0,0,0.0,0,1,1,0,0,0.0,0,0.0,1,1,0.0,1,0.0,0.0,1,1,0,0.0,0,0,1,0,0,1,1,0,0,1,0,outward,COC
204,0,0,0,1,0,1,0,0,1,0,0,0.0,0,0,0,0,0.0,0,1,1,0,1,0.0,1,0.0,1,1,0.0,1,0.0,0.0,1,0,1,0.0,0,1,1,0,1,1,1,0,0,1,1,outward,COC
205,1,1,0,0,0,1,0,0,1,1,0,0.0,1,0,0,0,0.0,0,1,1,0,0,0.0,0,0.0,1,1,0.0,0,0.0,0.0,1,1,0,0.0,0,1,1,0,1,1,1,0,0,1,0,outward,COC
206,0,0,0,0,0,1,0,0,1,0,1,0.0,1,0,0,0,0.0,0,1,1,0,1,0.0,0,0.0,1,1,0.0,1,0.0,0.0,1,0,0,0.0,0,0,0,0,1,1,1,0,0,1,1,outward,COC
207,1,0,0,0,0,1,0,0,1,1,1,0.0,0,0,0,0,0.0,0,1,0,0,0,0.0,0,0.0,1,1,0.0,1,0.0,0.0,1,1,0,0.0,0,0,1,0,0,1,1,0,0,1,0,outward,COC
208,1,1,0,0,0,1,0,0,1,1,0,0.0,1,0,0,0,0.0,0,1,0,0,0,0.0,0,0.0,1,1,0.0,0,0.0,0.0,1,1,0,0.0,1,0,1,0,1,0,1,0,0,1,0,outward,COC
209,1,0,0,0,0,1,0,1,1,0,1,0.0,0,0,0,0,0.0,0,1,0,0,0,0.0,1,0.0,1,1,0.0,1,0.0,0.0,1,0,0,0.0,1,1,1,0,0,0,1,0,0,1,0,outward,COC
210,0,0,0,0,0,1,0,0,1,1,1,0.0,0,0,0,0,0.0,0,1,0,0,0,0.0,0,0.0,1,1,0.0,0,0.0,0.0,1,1,0,0.0,0,0,1,0,1,1,0,0,0,1,0,outward,COC
211,1,1,0,0,0,1,0,1,1,1,0,0.0,0,0,0,0,0.0,0,1,0,0,0,0.0,0,0.0,1,1,0.0,0,0.0,0.0,1,1,0,0.0,1,0,1,0,0,1,1,0,0,1,0,outward,COC
212,1,1,0,0,0,1,0,0,1,0,0,0.0,0,0,0,0,0.0,0,1,1,0,0,0.0,0,0.0,1,1,0.0,0,0.0,0.0,1,1,0,0.0,1,1,1,0,0,1,1,0,0,1,0,outward,COC
213,1,1,0,0,0,1,0,1,1,1,0,0.0,0,0,0,0,0.0,0,1,0,0,0,0.0,0,0.0,1,1,0.0,1,0.0,0.0,1,1,0,0.0,1,1,1,0,1,1,0,0,0,1,0,outward,COC
214,1,1,0,0,0,1,0,1,1,1,0,0.0,1,0,0,0,0.0,0,1,1,0,0,0.0,1,0.0,1,1,0.0,1,0.0,0.0,1,1,0,0.0,1,1,1,0,1,0,1,0,0,0,0,outward,COC
215,1,1,0,1,0,1,0,1,1,1,1,0.0,0,0,0,0,0.0,0,1,0,0,1,0.0,1,0.0,1,1,0.0,1,0.0,0.0,1,1,0,0.0,1,0,1,0,0,1,0,0,0,1,0,outward,COC
216,1,0,0,0,0,1,0,1,1,1,0,0.0,0,0,0,0,0.0,0,1,1,0,0,0.0,0,0.0,1,1,0.0,0,0.0,0.0,1,1,0,0.0,0,0,1,0,1,1,0,0,0,1,1,outward,COC
217,1,1,0,0,0,1,0,1,1,1,1,0.0,0,0,0,0,0.0,0,1,1,0,0,0.0,1,0.0,1,1,0.0,1,0.0,0.0,1,1,0,0.0,0,1,1,0,1,1,1,0,0,1,0,outward,COC
218,1,1,0,0,0,1,0,1,1,1,1,0.0,0,0,0,0,0.0,0,1,0,0,0,0.0,0,0.0,1,1,0.0,1,0.0,0.0,1,1,0,0.0,1,1,1,0,1,0,1,0,0,1,0,outward,COC
219,1,0,0,0,0,1,0,0,1,1,1,0.0,0,0,0,0,0.0,0,1,1,0,1,0.0,0,0.0,1,1,0.0,1,0.0,0.0,1,1,0,0.0,0,0,1,0,0,1,1,0,0,1,1,outward,COC
220,1,1,0,1,0,1,0,0,1,1,0,0.0,1,0,0,0,0.0,0,1,1,0,0,0.0,0,0.0,1,1,0.0,0,0.0,0.0,1,0,0,0.0,1,1,1,0,1,1,1,0,0,1,1,outward,COC
221,1,1,0,1,0,1,0,0,1,1,1,0.0,0,0,0,0,0.0,0,1,1,0,0,0.0,0,0.0,1,1,0.0,1,0.0,0.0,1,1,0,0.0,1,1,1,0,1,0,0,0,0,1,1,outward,COC
222,1,1,0,0,0,1,0,1,1,0,0,0.0,1,0,0,0,0.0,0,1,1,0,0,0.0,0,0.0,1,1,0.0,1,0.0,0.0,1,1,0,0.0,1,1,1,0,1,1,1,0,0,1,0,outward,COC
223,1,0,0,0,0,1,0,0,1,1,1,0.0,0,0,0,0,0.0,0,1,1,0,0,0.0,0,0.0,1,1,0.0,0,0.0,0.0,1,1,1,0.0,0,0,1,0,0,1,0,0,0,1,0,outward,COC
224,1,0,0,0,0,1,0,1,1,1,1,0.0,0,0,0,0,0.0,0,1,1,0,0,0.0,0,0.0,1,1,0.0,0,0.0,0.0,1,1,0,0.0,0,1,1,0,0,1,0,0,0,1,0,outward,COC
225,1,1,0,1,0,1,0,0,1,1,1,0.0,0,0,0,0,0.0,0,1,0,0,0,0.0,0,0.0,1,1,0.0,0,0.0,0.0,1,1,0,0.0,1,1,1,0,1,0,1,0,0,1,1,outward,COC
226,0,0,0,0,0,1,0,0,1,1,0,0.0,0,0,0,0,0.0,0,1,0,0,0,0.0,0,0.0,1,1,0.0,0,0.0,0.0,1,1,0,0.0,0,0,1,0,1,0,1,0,0,0,0,outward,COC
227,1,0,0,1,0,1,0,1,1,1,0,0.0,0,0,0,0,0.0,0,1,1,0,0,0.0,0,0.0,1,1,0.0,0,0.0,0.0,1,1,0,0.0,0,1,1,0,1,1,1,0,0,1,0,outward,COC
228,0,0,0,0,0,1,0,0,1,1,1,0.0,0,0,0,0,0.0,0,1,1,0,0,0.0,0,0.0,1,1,0.0,1,0.0,0.0,1,0,0,0.0,1,1,1,0,0,1,0,0,0,1,1,outward,COC
229,1,0,0,0,0,1,0,0,1,1,0,0.0,0,0,0,0,0.0,0,1,0,0,0,0.0,0,0.0,1,1,0.0,0,0.0,0.0,1,1,0,0.0,1,1,1,0,1,0,0,0,0,1,0,outward,COC
230,0,0,0,0,0,1,0,1,1,1,0,0.0,1,0,0,0,0.0,0,1,1,0,0,0.0,0,0.0,1,1,0.0,1,0.0,0.0,1,0,1,0.0,0,0,1,0,1,1,1,0,0,1,0,outward,COC
231,0,0,0,0,0,1,0,0,1,1,0,0.0,0,0,0,0,0.0,0,1,1,0,1,0.0,0,0.0,1,1,0.0,0,0.0,0.0,1,1,0,0.0,0,0,1,0,1,0,1,0,0,1,0,outward,COC
232,1,1,0,1,0,1,0,0,1,1,0,0.0,0,0,0,0,0.0,0,1,0,0,1,0.0,1,0.0,1,1,0.0,0,0.0,0.0,1,1,0,0.0,0,1,1,0,1,0,0,0,0,1,1,outward,COC
233,1,1,0,0,0,1,0,1,1,1,0,0.0,1,0,0,0,0.0,0,1,0,0,0,0.0,0,0.0,1,1,0.0,0,0.0,0.0,1,1,0,0.0,0,1,1,0,1,0,0,0,0,0,0,outward,COC
234,1,0,0,0,0,1,0,1,1,1,1,0.0,0,0,0,0,0.0,0,1,1,0,0,0.0,0,0.0,1,1,0.0,1,0.0,0.0,1,1,0,0.0,0,1,1,0,1,0,1,0,0,1,1,outward,COC
235,0,1,0,0,0,1,0,0,1,1,1,0.0,0,0,0,0,0.0,0,1,1,0,0,0.0,0,0.0,1,1,0.0,1,0.0,0.0,1,1,1,0.0,0,1,0,0,1,1,1,0,0,1,1,outward,COC
236,0,0,0,0,0,1,0,0,1,0,0,0.0,0,0,0,0,0.0,0,1,0,0,0,0.0,0,0.0,1,1,0.0,1,0.0,0.0,1,1,0,0.0,0,1,1,0,1,1,0,0,0,1,0,outward,COC
237,1,1,0,0,0,1,0,0,1,0,1,0.0,1,0,0,0,0.0,0,1,1,0,0,0.0,0,0.0,1,1,0.0,0,0.0,0.0,1,1,0,0.0,0,0,1,0,0,1,1,0,0,1,1,outward,COC
238,1,0,0,0,0,1,0,1,1,0,1,0.0,0,0,0,0,0.0,0,1,0,0,0,0.0,0,0.0,1,1,0.0,1,0.0,0.0,1,1,0,0.0,1,0,1,0,0,0,1,0,0,1,0,outward,COC
239,1,1,0,0,0,1,0,0,1,1,0,0.0,0,0,0,0,0.0,0,1,1,0,0,0.0,0,0.0,1,1,0.0,1,0.0,0.0,1,0,0,0.0,1,1,1,0,1,0,0,0,0,1,0,outward,COC
240,1,0,0,0,0,1,0,1,1,1,0,0.0,0,0,0,0,0.0,0,1,0,0,0,0.0,0,0.0,1,1,0.0,1,0.0,0.0,1,1,0,0.0,0,0,1,0,1,0,0,0,0,1,0,outward,COC
241,1,0,0,0,0,1,0,0,1,1,1,0.0,0,0,0,0,0.0,0,1,0,0,0,0.0,0,0.0,1,1,0.0,0,0.0,0.0,1,1,1,0.0,0,1,1,0,1,1,1,0,0,0,0,outward,COC
242,0,0,0,0,0,1,0,1,1,1,1,0.0,1,0,0,0,0.0,0,1,1,0,0,0.0,0,0.0,1,1,0.0,1,0.0,0.0,1,1,0,0.0,1,1,1,0,0,0,1,0,0,1,0,outward,COC
243,1,1,0,0,0,1,0,1,1,1,0,0.0,0,0,0,0,0.0,0,1,1,0,0,0.0,0,0.0,1,1,0.0,0,0.0,0.0,1,1,0,0.0,1,1,1,0,1,0,1,0,0,0,0,outward,COC
244,1,1,0,0,0,1,0,1,1,1,1,0.0,0,0,0,0,0.0,0,1,0,0,0,0.0,1,0.0,1,1,0.0,0,0.0,0.0,1,1,0,0.0,1,1,1,0,1,1,1,0,0,1,1,outward,COC
245,1,1,0,0,0,1,0,0,1,0,0,0.0,1,0,0,0,0.0,0,1,1,0,0,0.0,0,0.0,1,1,0.0,0,0.0,0.0,1,1,0,0.0,0,0,1,0,0,1,1,0,0,1,0,outward,COC
246,1,0,0,0,0,1,0,0,1,1,1,0.0,0,0,0,0,0.0,0,1,0,0,0,0.0,0,0.0,1,1,0.0,0,0.0,0.0,1,1,0,0.0,0,0,1,0,0,1,0,0,0,1,1,outward,COC
247,0,0,0,0,0,1,0,0,1,0,1,0.0,0,0,0,0,0.0,0,1,1,0,0,0.0,0,0.0,1,1,0.0,1,0.0,0.0,1,1,0,0.0,1,1,1,0,1,0,0,0,0,1,1,outward,COC
248,0,0,0,0,0,1,0,0,1,1,0,0.0,0,0,0,0,0.0,0,1,1,0,0,0.0,0,0.0,1,1,0.0,1,0.0,0.0,1,1,1,0.0,0,0,1,0,1,1,0,0,0,1,1,outward,COC
249,1,1,0,0,0,1,0,1,1,1,0,0.0,1,0,0,0,0.0,0,1,1,0,0,0.0,0,0.0,1,1,0.0,1,0.0,0.0,1,0,0,0.0,0,1,1,0,0,0,0,0,0,1,0,outward,COC
250,0,0,0,0,0,1,0,0,1,1,0,0.0,1,0,0,0,0.0,0,1,0,0,0,0.0,0,0.0,1,1,0.0,0,0.0,0.0,1,1,0,0.0,0,1,1,0,0,0,1,0,0,1,0,outward,COC
251,1,0,0,0,0,1,0,0,1,1,1,0.0,0,0,0,0,0.0,0,1,1,0,0,0.0,0,0.0,1,1,0.0,0,0.0,0.0,1,1,0,0.0,0,0,1,0,1,0,1,0,0,1,0,outward,COC
252,1,1,0,0,0,1,0,0,1,1,0,0.0,0,0,0,0,0.0,0,1,0,0,0,0.0,0,0.0,1,1,0.0,1,0.0,0.0,1,1,0,0.0,0,1,1,0,0,0,1,0,0,1,1,outward,COC
253,1,1,0,0,0,1,0,0,1,0,1,0.0,0,0,0,0,0.0,0,1,1,0,0,0.0,0,0.0,1,1,0.0,0,0.0,0.0,1,1,0,0.0,0,0,1,0,0,0,0,0,0,1,0,outward,COC
254,1,0,0,0,0,1,0,0,1,1,0,0.0,0,0,0,0,0.0,0,1,1,0,1,0.0,0,0.0,1,1,0.0,1,0.0,0.0,1,1,1,0.0,0,1,1,0,0,0,1,0,0,1,1,outward,COC
255,1,0,0,0,0,1,0,0,1,0,1,0.0,0,0,0,0,0.0,0,1,1,0,0,0.0,0,0.0,1,1,0.0,1,0.0,0.0,1,1,0,0.0,0,1,1,0,1,0,1,0,0,1,0,outward,COC
256,1,0,0,0,0,1,0,0,1,1,0,0.0,1,0,0,0,0.0,0,1,0,0,1,0.0,1,0.0,1,1,0.0,0,0.0,0.0,1,1,1,0.0,0,1,1,0,0,0,0,0,0,1,0,outward,COC
257,1,1,0,0,0,1,0,1,1,0,0,0.0,1,0,0,0,0.0,0,1,0,0,1,0.0,0,0.0,1,1,0.0,1,0.0,0.0,1,0,0,0.0,0,1,1,0,1,0,0,0,0,1,0,outward,COC
258,1,0,0,0,0,1,0,0,0,0,0,0.0,1,0,0,0,0.0,0,1,0,0,0,0.0,0,0.0,1,1,0.0,0,0.0,0.0,1,1,0,0.0,0,1,1,0,1,0,1,0,0,1,0,outward,COC
259,1,1,0,0,0,1,0,0,1,1,0,0.0,1,0,0,0,0.0,0,1,0,0,0,0.0,0,0.0,1,1,0.0,1,0.0,0.0,1,1,0,0.0,0,0,0,0,0,0,0,0,0,1,1,outward,COC
260,1,0,0,0,0,1,0,0,1,1,1,0.0,0,0,0,0,0.0,0,1,1,0,0,0.0,0,0.0,1,1,0.0,1,0.0,0.0,1,1,1,0.0,1,0,1,0,0,0,0,0,0,1,0,outward,COC
261,0,0,0,0,0,1,0,0,1,1,0,0.0,1,0,0,0,0.0,0,1,0,0,0,0.0,0,0.0,1,1,0.0,0,0.0,0.0,1,1,0,0.0,0,0,1,0,0,0,0,0,0,1,1,outward,COC
262,1,1,0,1,0,1,0,1,1,1,1,0.0,0,0,0,0,0.0,0,1,1,0,0,0.0,0,0.0,1,1,0.0,1,0.0,0.0,1,1,0,0.0,0,0,1,0,1,0,1,0,0,1,1,outward,COC
263,0,0,0,0,0,1,0,1,1,1,0,0.0,0,0,0,0,0.0,0,1,1,0,0,0.0,1,0.0,1,1,0.0,1,0.0,0.0,1,1,0,0.0,1,1,1,0,0,0,1,0,0,1,0,outward,COC
264,1,1,0,0,0,1,0,0,1,1,0,0.0,0,0,0,0,0.0,0,1,0,0,0,0.0,0,0.0,1,1,0.0,1,0.0,0.0,1,1,0,0.0,1,0,1,0,0,0,0,0,0,1,0,outward,COC
265,1,1,0,0,0,1,0,1,1,1,1,0.0,0,0,0,0,0.0,0,1,1,0,0,0.0,0,0.0,1,1,0.0,0,0.0,0.0,1,1,0,0.0,1,1,1,0,1,1,1,0,0,1,0,outward,COC
266,0,0,0,0,0,1,0,1,1,1,0,0.0,1,0,0,0,0.0,0,1,1,0,1,0.0,1,0.0,1,1,0.0,0,0.0,0.0,1,0,0,0.0,0,0,1,0,1,0,1,0,0,1,0,outward,COC
267,0,1,0,0,0,1,0,1,1,1,0,0.0,0,0,0,0,0.0,0,1,1,0,0,0.0,0,0.0,1,1,0.0,1,0.0,0.0,1,1,0,0.0,1,1,1,0,1,0,1,0,0,1,0,outward,COC
268,1,0,0,0,0,1,0,0,1,1,1,0.0,0,0,0,0,0.0,0,1,1,0,0,0.0,0,0.0,1,1,0.0,0,0.0,0.0,1,1,0,0.0,0,0,1,0,1,0,1,0,0,1,0,outward,COC
269,0,0,0,0,0,1,0,1,1,0,1,0.0,0,0,0,0,0.0,0,1,0,0,0,0.0,0,0.0,1,1,0.0,1,0.0,0.0,1,1,0,0.0,0,0,1,0,0,0,0,0,0,1,0,outward,COC
270,1,1,0,0,0,1,0,0,1,1,1,0.0,0,0,0,0,0.0,0,1,0,0,0,0.0,0,0.0,1,1,0.0,1,0.0,0.0,1,0,0,0.0,0,0,1,0,1,0,1,0,0,1,0,outward,COC
271,1,0,0,0,0,1,0,0,1,1,0,0.0,0,0,0,0,0.0,0,1,1,0,0,0.0,0,0.0,1,1,0.0,0,0.0,0.0,1,1,0,0.0,0,0,1,0,1,0,1,0,0,1,0,outward,COC
272,0,0,0,0,0,1,0,1,1,1,0,0.0,0,0,0,0,0.0,0,1,1,0,0,0.0,0,0.0,1,1,0.0,1,0.0,0.0,1,1,0,0.0,0,1,1,0,0,0,0,0,0,1,1,outward,COC
273,1,1,0,0,0,1,0,1,1,1,0,0.0,0,0,0,0,0.0,0,1,1,0,0,0.0,0,0.0,1,1,0.0,1,0.0,0.0,1,1,0,0.0,0,1,1,0,1,0,0,0,0,0,0,outward,COC
274,1,1,0,0,0,1,0,0,1,0,0,0.0,1,0,0,0,0.0,0,1,1,0,0,0.0,0,0.0,1,1,0.0,1,0.0,0.0,1,1,0,0.0,0,1,1,0,0,0,0,0,0,1,0,outward,COC
275,1,0,0,0,0,1,0,0,1,1,1,0.0,0,0,0,0,0.0,0,1,0,0,0,0.0,0,0.0,1,1,0.0,1,0.0,0.0,1,1,0,0.0,1,1,1,0,1,0,1,0,0,1,1,outward,COC
276,1,0,0,0,0,1,0,0,1,1,0,0.0,0,0,0,0,0.0,0,1,0,0,0,0.0,0,0.0,1,1,0.0,1,0.0,0.0,1,1,0,0.0,0,0,1,0,1,0,1,0,0,1,0,outward,COC
277,1,1,0,0,0,1,0,0,1,1,1,0.0,0,0,0,0,0.0,0,1,0,0,0,0.0,0,0.0,1,1,0.0,1,0.0,0.0,1,1,0,0.0,1,0,1,0,1,1,1,0,0,1,0,outward,COC
278,0,0,0,1,0,1,0,0,1,0,0,0.0,1,0,0,0,0.0,0,1,0,0,0,0.0,0,0.0,1,1,0.0,1,0.0,0.0,1,1,0,0.0,0,1,1,1,1,1,1,0,0,1,0,outward,COC
279,0,0,0,0,0,1,0,0,1,1,0,0.0,0,0,0,0,0.0,0,1,0,0,0,0.0,0,0.0,1,1,0.0,1,0.0,0.0,1,1,0,0.0,0,0,1,0,0,1,0,0,0,1,0,outward,COC
280,0,0,0,0,0,1,0,0,1,1,0,0.0,0,0,0,0,0.0,0,1,0,0,0,0.0,1,0.0,1,1,0.0,0,0.0,0.0,1,0,0,0.0,0,1,1,0,1,0,1,0,0,1,0,outward,COC
281,0,0,0,1,0,1,0,0,1,0,0,0.0,1,0,0,0,0.0,0,1,0,0,0,0.0,0,0.0,1,1,0.0,1,0.0,0.0,1,1,0,0.0,0,1,1,0,0,1,1,0,0,1,0,outward,COC
282,1,1,0,1,0,1,0,0,1,1,0,0.0,0,0,0,0,0.0,0,1,0,0,0,0.0,0,0.0,1,1,0.0,0,0.0,0.0,1,0,0,0.0,0,0,1,0,1,0,1,0,0,1,0,outward,COC
283,0,1,0,0,0,1,0,0,1,1,0,0.0,0,0,0,0,0.0,0,1,1,0,0,0.0,0,0.0,1,1,0.0,1,0.0,0.0,1,1,0,0.0,1,1,1,0,1,0,1,0,0,1,0,outward,COC
284,1,1,0,0,0,1,0,0,1,0,0,0.0,1,0,0,0,0.0,0,1,0,0,0,0.0,0,0.0,0,1,0.0,0,0.0,0.0,1,1,0,0.0,1,1,1,0,1,0,1,0,0,1,0,outward,COC
285,0,1,0,0,0,1,0,0,1,0,1,0.0,1,0,0,0,0.0,0,1,1,0,0,0.0,0,0.0,1,1,0.0,1,0.0,0.0,1,1,1,0.0,1,0,1,0,1,0,1,0,0,0,0,outward,COC
286,1,0,0,1,0,1,0,1,1,1,1,0.0,1,0,0,0,0.0,0,1,1,0,1,0.0,1,0.0,1,1,0.0,0,0.0,0.0,1,1,0,0.0,1,0,1,0,1,1,1,0,0,1,0,outward,COC
287,0,0,0,0,0,1,0,0,1,1,0,0.0,1,0,0,0,0.0,0,0,0,0,0,0.0,0,0.0,1,1,0.0,0,0.0,0.0,1,1,0,0.0,0,1,1,0,1,0,0,0,0,1,1,outward,COC
288,0,0,0,1,0,1,0,0,1,1,0,0.0,0,0,0,0,0.0,0,1,0,0,0,0.0,0,0.0,1,1,0.0,0,0.0,0.0,1,0,1,0.0,1,0,1,0,1,0,0,0,0,1,0,outward,COC
289,0,1,0,1,0,1,0,0,1,1,0,0.0,0,0,0,0,0.0,0,1,0,0,0,0.0,0,0.0,1,1,0.0,0,0.0,0.0,1,1,0,0.0,0,0,1,0,0,0,0,1,0,1,1,outward,COC
290,0,0,0,1,0,1,0,0,1,1,0,0.0,0,0,0,0,0.0,0,1,0,0,0,0.0,0,0.0,1,1,0.0,0,0.0,0.0,1,1,0,0.0,0,1,1,0,0,0,0,0,0,1,0,outward,COC
291,1,1,0,0,0,1,0,0,1,1,0,0.0,0,0,0,0,0.0,0,0,0,0,0,0.0,0,0.0,1,1,0.0,0,0.0,0.0,1,1,0,0.0,0,0,1,0,1,1,1,0,0,1,0,outward,COC
292,1,1,0,0,0,1,0,0,1,0,0,0.0,0,0,0,0,0.0,0,1,0,0,0,0.0,0,0.0,0,1,0.0,1,0.0,0.0,1,1,0,0.0,0,1,1,0,1,0,1,0,0,1,0,outward,COC
293,1,0,0,0,0,1,0,0,1,0,1,0.0,0,0,0,0,0.0,0,1,0,0,0,0.0,0,0.0,1,1,0.0,1,0.0,0.0,1,1,0,0.0,0,0,1,0,1,0,1,0,1,1,0,outward,COC
294,1,1,0,0,0,1,0,1,1,0,0,0.0,0,0,0,0,0.0,0,1,1,0,0,0.0,0,0.0,1,1,0.0,0,0.0,0.0,1,1,0,0.0,1,1,1,0,0,1,1,0,0,1,1,outward,COC
295,1,1,0,0,0,1,0,1,1,1,1,0.0,0,0,0,0,0.0,0,1,0,0,0,0.0,0,0.0,1,1,0.0,1,0.0,0.0,1,1,0,0.0,1,1,1,0,1,0,1,0,0,1,0,outward,COC
296,0,0,0,1,0,1,0,1,1,1,0,0.0,0,0,0,0,0.0,0,1,0,0,0,0.0,0,0.0,1,1,0.0,1,0.0,0.0,1,1,0,0.0,1,0,1,0,1,0,1,0,0,1,0,outward,COC
297,1,0,0,1,0,1,0,1,1,0,0,0.0,0,0,0,0,0.0,0,0,1,0,0,0.0,0,0.0,1,1,0.0,1,0.0,0.0,1,1,0,0.0,0,1,1,0,0,0,1,0,0,1,0,outward,COC
298,1,0,0,0,0,1,0,1,1,1,0,0.0,0,0,0,0,0.0,0,1,0,0,0,0.0,0,0.0,1,1,0.0,1,0.0,0.0,1,0,0,0.0,1,0,1,0,0,0,1,0,0,1,0,outward,COC
299,1,1,0,0,0,1,0,1,1,1,1,0.0,0,0,0,0,0.0,0,1,0,0,0,0.0,0,0.0,1,1,0.0,1,0.0,0.0,1,0,0,0.0,1,0,1,0,1,0,1,0,0,1,0,outward,COC
300,1,1,0,0,0,1,0,0,1,1,0,0.0,0,0,0,0,0.0,0,1,0,0,0,0.0,0,0.0,1,1,0.0,1,0.0,0.0,1,1,0,0.0,1,1,1,0,1,0,1,0,0,0,0,outward,COC
301,0,0,0,0,0,1,0,0,1,1,0,0.0,0,0,0,0,0.0,0,1,1,0,0,0.0,0,0.0,1,1,0.0,1,0.0,0.0,1,0,0,0.0,0,0,1,0,1,0,1,0,0,1,0,outward,COC
302,0,0,0,0,0,1,0,0,1,0,0,0.0,0,0,0,0,0.0,0,1,0,0,0,0.0,0,0.0,1,1,0.0,1,0.0,0.0,1,1,0,0.0,1,1,1,0,1,0,1,0,0,1,1,outward,COC
303,0,0,0,0,0,1,0,0,1,0,0,0.0,0,0,0,0,0.0,0,1,0,0,0,0.0,0,0.0,1,1,0.0,1,0.0,0.0,1,0,0,0.0,1,1,1,0,1,0,1,0,0,1,0,outward,COC
304,1,0,0,0,0,1,0,1,1,1,0,0.0,0,0,0,0,0.0,0,1,1,0,0,0.0,0,0.0,1,1,0.0,1,0.0,0.0,1,1,0,0.0,0,0,1,0,0,0,1,0,0,1,0,outward,COC
305,0,0,0,0,0,1,0,0,1,0,0,0.0,0,0,0,0,0.0,0,1,1,0,0,0.0,0,0.0,1,1,0.0,0,0.0,0.0,1,1,0,0.0,0,0,1,0,0,0,0,0,0,1,1,outward,COC
306,0,1,0,0,0,1,0,0,1,0,0,0.0,0,0,0,0,0.0,0,1,0,0,0,0.0,0,0.0,1,1,0.0,0,0.0,0.0,1,0,0,0.0,0,1,1,0,1,0,0,0,0,1,0,outward,COC
307,1,0,0,0,0,1,0,0,1,0,1,0.0,0,0,0,0,0.0,0,1,0,0,1,0.0,1,0.0,1,1,0.0,1,0.0,0.0,1,0,0,0.0,0,1,1,0,1,0,1,0,0,1,0,outward,COC
308,0,0,0,0,0,1,0,0,1,1,0,0.0,0,0,0,0,0.0,0,1,1,0,0,0.0,0,0.0,1,1,0.0,0,0.0,0.0,1,1,0,0.0,0,1,1,0,0,0,0,0,0,1,0,outward,COC
309,0,0,0,0,0,1,0,1,1,0,0,0.0,0,0,0,0,0.0,0,1,0,0,0,0.0,0,0.0,1,1,0.0,0,0.0,0.0,1,1,0,0.0,0,1,1,0,0,0,1,0,0,1,0,outward,COC
310,0,0,0,0,0,1,0,0,1,0,0,0.0,0,0,0,0,0.0,0,1,0,0,0,0.0,0,0.0,1,1,0.0,1,0.0,0.0,1,1,0,0.0,0,1,1,0,0,0,0,0,0,1,1,outward,COC
311,0,1,0,0,0,1,0,0,0,1,0,0.0,0,0,0,0,0.0,0,1,0,0,0,0.0,0,0.0,1,1,0.0,0,0.0,0.0,1,1,0,0.0,0,0,1,0,0,1,0,0,0,1,1,outward,COC
312,1,0,0,1,0,1,0,0,1,0,1,0.0,0,0,0,0,0.0,0,1,0,0,0,0.0,0,0.0,1,1,0.0,1,0.0,0.0,1,1,0,0.0,1,0,1,0,0,0,1,0,0,1,0,outward,COC
313,0,0,0,0,0,1,0,0,1,0,0,0.0,0,0,0,0,0.0,0,1,1,0,0,0.0,0,0.0,1,1,0.0,0,0.0,0.0,1,1,0,0.0,0,0,1,0,1,0,1,1,0,1,1,outward,COC
314,1,1,0,0,0,1,0,1,1,1,0,0.0,1,0,0,0,0.0,0,1,0,0,0,0.0,0,0.0,1,1,0.0,0,0.0,0.0,1,1,0,0.0,1,0,1,0,0,0,1,0,0,1,0,outward,COC
315,0,0,0,0,0,1,0,0,1,1,1,0.0,0,0,0,0,0.0,0,1,1,0,0,0.0,0,0.0,1,1,0.0,0,0.0,0.0,1,1,0,0.0,0,0,1,0,1,0,1,0,0,1,1,outward,COC
316,1,1,0,0,0,1,0,0,1,1,0,0.0,1,0,0,0,0.0,0,1,0,0,0,0.0,1,0.0,1,1,0.0,1,0.0,0.0,1,1,0,0.0,1,1,1,0,1,0,1,0,0,1,0,outward,COC
317,0,0,0,1,0,1,0,0,1,0,0,0.0,0,0,0,0,0.0,0,1,1,0,0,0.0,0,0.0,1,1,0.0,0,0.0,0.0,1,1,0,0.0,1,1,1,0,0,0,1,0,0,0,0,outward,COC
318,1,1,0,0,0,1,0,0,1,0,0,0.0,0,0,0,0,0.0,0,1,0,0,0,0.0,1,0.0,1,1,0.0,1,0.0,0.0,1,0,0,0.0,0,1,1,0,1,0,0,0,0,1,0,outward,COC
319,0,0,0,0,0,1,0,0,1,0,0,0.0,0,0,0,0,0.0,0,1,0,0,1,0.0,1,0.0,1,1,0.0,0,0.0,0.0,1,1,0,0.0,0,1,1,0,1,0,1,0,0,1,0,outward,COC
320,1,1,0,0,0,1,0,1,1,1,0,0.0,0,0,0,0,0.0,0,1,1,0,0,0.0,0,0.0,1,1,0.0,1,0.0,0.0,1,1,0,0.0,0,1,1,0,1,0,1,0,0,1,1,outward,COC
321,1,1,0,0,0,1,0,0,1,0,0,0.0,0,0,1,0,0.0,0,1,1,0,0,0.0,0,0.0,1,1,0.0,1,0.0,0.0,1,1,0,0.0,0,1,1,0,0,0,1,0,0,1,1,outward,COC
322,1,1,0,0,0,1,0,1,1,0,1,0.0,0,0,0,0,0.0,0,1,1,0,0,0.0,1,0.0,1,1,0.0,1,0.0,0.0,1,1,0,0.0,0,0,1,0,1,1,1,0,0,1,0,outward,COC
323,1,1,0,0,0,1,0,0,1,0,1,0.0,0,0,0,0,0.0,0,1,0,0,0,0.0,0,0.0,1,1,0.0,1,0.0,0.0,1,0,0,0.0,1,0,1,0,1,0,1,0,0,1,0,outward,COC
324,1,1,0,1,0,1,0,0,1,0,0,0.0,0,0,0,0,0.0,0,0,0,0,0,0.0,0,0.0,1,1,0.0,0,0.0,0.0,1,1,0,0.0,0,1,1,0,1,0,1,0,0,1,1,outward,COC
325,0,1,0,0,0,1,0,0,1,1,0,0.0,0,0,0,0,0.0,0,1,1,0,0,0.0,0,0.0,1,1,0.0,1,0.0,0.0,1,1,0,0.0,0,1,1,0,0,0,1,0,0,1,0,outward,COC
326,1,1,0,0,0,1,0,0,1,0,0,0.0,0,0,0,0,0.0,0,1,0,0,1,0.0,0,0.0,1,1,0.0,1,0.0,0.0,1,1,0,0.0,1,0,1,0,0,0,0,0,0,1,1,outward,COC
327,1,1,0,0,0,1,0,1,1,1,0,0.0,0,0,0,0,0.0,0,1,1,0,0,0.0,0,0.0,1,1,0.0,1,0.0,0.0,1,1,0,0.0,0,1,1,0,1,0,1,0,0,1,0,outward,COC
328,1,0,0,0,0,1,0,0,1,0,0,0.0,0,0,0,0,0.0,0,1,0,0,0,0.0,0,0.0,1,1,0.0,1,0.0,0.0,1,1,0,0.0,0,0,1,0,1,0,1,0,0,1,1,outward,COC
329,1,0,0,0,0,1,0,1,1,0,0,0.0,0,0,0,0,0.0,0,1,0,0,0,0.0,0,0.0,1,1,0.0,0,0.0,0.0,1,1,0,0.0,0,1,1,0,1,0,0,0,0,1,0,outward,COC
330,0,0,0,0,0,1,0,0,1,0,0,0.0,0,0,0,0,0.0,0,1,1,0,1,0.0,1,0.0,1,1,0.0,1,0.0,0.0,1,1,0,0.0,0,0,0,0,1,1,0,0,0,1,1,outward,COC
331,1,1,0,0,0,1,0,0,1,0,1,0.0,0,0,0,0,0.0,0,1,1,0,1,0.0,0,0.0,1,1,0.0,1,0.0,0.0,1,1,0,0.0,0,1,1,0,1,0,1,1,0,1,1,outward,COC
332,1,0,0,0,0,1,0,1,1,1,1,0.0,0,0,0,0,0.0,0,1,1,0,1,0.0,0,0.0,1,1,0.0,1,0.0,0.0,1,1,0,0.0,0,0,1,0,1,0,1,0,0,1,1,outward,COC
333,0,0,0,1,0,1,0,0,1,1,1,0.0,0,0,0,0,0.0,0,1,1,0,0,0.0,0,0.0,1,1,0.0,1,0.0,0.0,1,1,0,0.0,1,1,1,0,1,0,0,0,0,1,1,outward,COC
334,1,1,0,0,0,1,0,0,1,0,1,0.0,0,0,0,0,0.0,0,1,1,0,1,0.0,0,0.0,1,1,0.0,1,0.0,0.0,1,0,0,0.0,0,1,1,0,1,0,1,0,0,1,0,outward,COC
335,0,0,0,0,0,1,0,0,1,0,0,0.0,0,0,0,0,0.0,0,1,1,0,1,0.0,0,0.0,1,1,0.0,1,0.0,0.0,1,1,0,0.0,1,1,1,0,1,0,1,0,0,1,0,outward,COC
336,1,1,0,0,0,1,0,1,1,1,1,0.0,0,0,0,0,0.0,0,1,0,0,1,0.0,0,0.0,1,1,0.0,0,0.0,0.0,1,1,0,0.0,1,0,1,0,1,0,1,0,0,1,1,outward,COC
337,0,0,0,0,0,1,0,0,1,1,0,0.0,0,0,0,0,0.0,0,1,0,0,0,0.0,0,0.0,1,1,0.0,1,0.0,0.0,1,1,0,0.0,0,1,1,0,1,0,1,0,0,1,0,outward,COC
338,0,0,0,1,0,1,0,0,1,1,1,0.0,1,0,0,0,0.0,0,1,1,0,0,0.0,0,0.0,1,1,0.0,1,0.0,0.0,1,1,0,0.0,0,1,1,0,0,0,1,0,1,1,0,outward,COC
339,0,0,0,0,0,1,0,0,1,1,1,0.0,0,0,0,0,0.0,0,1,0,0,0,0.0,0,0.0,1,1,0.0,1,0.0,0.0,1,1,0,0.0,1,1,1,0,0,0,1,0,0,1,0,outward,COC
340,1,1,0,0,0,1,0,0,1,1,0,0.0,0,0,0,0,0.0,0,1,1,0,0,0.0,0,0.0,1,1,0.0,1,0.0,0.0,1,1,0,0.0,0,1,1,0,1,0,1,0,0,1,0,outward,COC
341,0,0,0,0,0,1,0,0,1,1,1,0.0,0,0,0,0,0.0,0,0,0,0,0,0.0,0,0.0,1,1,0.0,1,0.0,0.0,1,1,0,0.0,0,1,1,0,1,0,1,0,0,1,0,outward,COC
342,0,0,0,0,0,1,0,0,1,1,1,0.0,0,0,0,0,0.0,0,0,0,0,0,0.0,0,0.0,1,1,0.0,0,0.0,0.0,1,1,0,0.0,1,1,1,0,1,0,1,1,1,1,0,outward,COC
343,0,0,0,0,0,1,0,0,1,1,0,0.0,1,0,0,0,0.0,0,1,1,0,0,0.0,0,0.0,1,1,0.0,1,0.0,0.0,1,0,1,0.0,1,0,1,0,0,1,1,0,0,1,1,outward,COC
344,1,1,0,0,0,1,0,0,1,1,1,0.0,1,0,0,0,0.0,0,1,0,0,0,0.0,0,0.0,1,1,0.0,1,0.0,0.0,1,1,0,0.0,0,1,1,0,1,0,1,0,0,1,0,outward,COC
345,0,1,0,0,0,1,0,1,1,1,0,0.0,0,0,0,0,0.0,0,1,1,0,0,0.0,1,0.0,1,1,0.0,1,0.0,0.0,1,0,0,0.0,0,0,1,0,1,1,0,0,0,1,1,outward,COC
346,1,0,0,0,0,1,0,1,1,1,0,0.0,0,0,0,0,0.0,0,1,0,0,0,0.0,0,0.0,1,1,0.0,1,0.0,0.0,1,1,0,0.0,0,1,1,0,1,0,1,0,0,0,0,outward,COC
347,0,1,0,0,0,1,0,0,1,1,1,0.0,0,0,0,0,0.0,0,1,1,0,0,0.0,1,0.0,1,1,0.0,0,0.0,0.0,1,1,0,0.0,1,0,1,0,0,1,1,0,0,1,0,outward,COC
348,0,0,0,0,0,1,0,0,1,1,0,0.0,0,0,0,0,0.0,0,1,0,0,0,0.0,0,0.0,1,1,0.0,0,0.0,0.0,1,1,0,0.0,0,0,1,0,0,0,0,0,0,1,0,outward,COC
349,1,1,0,0,0,1,0,0,1,0,0,0.0,0,0,0,0,0.0,0,1,0,0,0,0.0,0,0.0,1,1,0.0,1,0.0,0.0,1,1,0,0.0,0,0,1,0,1,0,0,1,0,1,0,outward,COC
350,1,1,0,1,0,1,0,0,1,1,0,0.0,1,0,0,0,0.0,0,1,0,0,0,0.0,0,0.0,1,1,0.0,1,0.0,0.0,1,1,0,0.0,0,0,1,0,1,1,1,0,0,1,0,outward,COC
351,0,0,0,0,0,1,0,0,1,0,0,0.0,0,0,0,0,0.0,0,1,1,0,0,0.0,0,0.0,1,1,0.0,0,0.0,0.0,1,1,0,0.0,1,0,1,0,0,1,1,0,0,1,0,outward,COC
352,0,1,0,1,0,1,0,0,1,1,1,0.0,0,0,0,0,0.0,0,1,0,0,0,0.0,0,0.0,1,1,0.0,0,0.0,0.0,1,1,0,0.0,1,0,1,0,1,0,1,0,0,1,0,outward,COC
353,0,0,0,0,0,1,0,0,1,1,1,0.0,1,0,0,0,0.0,0,1,0,0,0,0.0,0,0.0,1,1,0.0,1,0.0,0.0,1,1,0,0.0,1,1,1,0,0,1,1,0,0,1,1,outward,COC
354,0,1,0,1,0,1,0,0,1,1,0,0.0,1,0,0,0,0.0,0,1,0,0,0,0.0,0,0.0,1,1,0.0,0,0.0,0.0,1,1,0,0.0,0,1,1,0,1,1,1,0,0,1,0,outward,COC
355,1,1,0,0,0,1,0,0,1,1,1,0.0,0,0,0,0,0.0,0,1,1,0,0,0.0,0,0.0,1,1,0.0,1,0.0,0.0,1,1,0,0.0,0,0,1,0,1,1,1,0,0,1,0,outward,COC
356,1,1,0,0,0,1,0,0,1,0,0,0.0,1,0,0,0,0.0,0,1,1,0,0,0.0,0,0.0,1,1,0.0,1,0.0,0.0,1,1,0,0.0,0,1,1,0,0,1,1,0,0,1,1,outward,COC
357,1,1,0,0,0,1,0,0,1,1,0,0.0,0,0,0,0,0.0,0,1,0,0,0,0.0,0,0.0,1,1,0.0,0,0.0,0.0,1,1,0,0.0,0,1,1,0,1,1,0,0,0,1,0,outward,COC
358,0,1,0,0,0,1,0,0,1,0,1,0.0,1,0,0,0,0.0,0,1,0,0,0,0.0,0,0.0,1,1,0.0,0,0.0,0.0,1,1,0,0.0,1,1,1,0,1,1,1,0,0,1,1,outward,COC
359,0,1,0,0,0,1,0,1,1,1,0,0.0,0,0,0,0,0.0,0,1,1,0,0,0.0,0,0.0,1,1,0.0,1,0.0,0.0,1,1,0,0.0,1,0,1,0,1,1,0,0,0,1,0,outward,COC
360,0,1,0,0,0,1,0,0,1,1,0,0.0,0,0,0,0,0.0,0,1,0,0,0,0.0,1,0.0,1,1,0.0,0,0.0,0.0,1,1,0,0.0,1,0,1,0,1,1,0,0,0,1,0,outward,COC
361,0,0,0,0,0,1,0,0,1,1,1,0.0,0,0,0,0,0.0,0,1,0,0,0,0.0,0,0.0,1,1,0.0,0,0.0,0.0,1,1,0,0.0,1,0,1,0,0,1,1,1,0,1,0,outward,COC
362,0,0,0,0,0,1,0,0,1,1,0,0.0,0,0,0,0,0.0,0,1,1,0,0,0.0,0,0.0,1,1,0.0,1,0.0,0.0,1,1,0,0.0,1,0,0,0,0,1,0,0,0,1,0,outward,COC
363,0,1,0,0,0,1,0,1,1,0,0,0.0,1,0,0,0,0.0,0,1,0,0,0,0.0,0,0.0,1,1,0.0,0,0.0,0.0,1,1,0,0.0,1,0,1,0,0,1,1,0,0,1,1,outward,COC
364,0,1,0,0,0,1,0,1,1,1,0,0.0,0,0,0,0,0.0,0,1,1,0,1,0.0,0,0.0,1,1,0.0,0,0.0,0.0,1,0,1,0.0,0,0,0,0,1,0,1,1,0,1,1,outward,COC
365,0,1,0,0,0,1,0,0,1,1,1,0.0,1,0,0,0,0.0,0,1,1,0,0,0.0,0,0.0,1,1,0.0,0,0.0,0.0,1,1,0,0.0,1,1,0,0,1,1,0,0,0,1,1,outward,COC
366,0,1,0,0,0,1,0,0,1,0,1,0.0,0,0,0,0,0.0,0,1,0,0,0,0.0,0,0.0,1,1,0.0,1,0.0,0.0,1,1,0,0.0,1,1,1,0,0,0,1,0,0,1,1,outward,COC
367,0,0,0,0,0,1,0,0,1,1,0,0.0,0,0,0,0,0.0,0,1,1,0,0,0.0,0,0.0,1,1,0.0,1,0.0,0.0,1,1,0,0.0,0,1,1,0,0,0,1,1,0,1,0,outward,COC
368,0,0,0,0,0,1,0,0,1,1,0,0.0,0,0,0,0,0.0,0,1,0,0,1,0.0,0,0.0,1,1,0.0,1,0.0,0.0,1,1,0,0.0,1,0,1,0,1,0,1,0,0,1,0,outward,COC
369,0,1,0,0,0,1,0,0,1,0,0,0.0,0,0,0,0,0.0,0,1,1,0,0,0.0,0,0.0,1,1,0.0,0,0.0,0.0,1,1,0,0.0,0,0,1,0,0,0,1,0,0,1,0,outward,COC
370,0,0,0,0,0,1,0,0,1,1,0,0.0,0,0,0,0,0.0,0,1,1,0,0,0.0,0,0.0,1,1,0.0,1,0.0,0.0,1,1,0,0.0,0,1,1,0,0,1,0,0,0,1,0,outward,COC
371,0,1,0,1,0,1,0,0,1,0,0,0.0,0,0,0,0,0.0,1,1,0,0,0,0.0,0,0.0,1,1,0.0,1,0.0,0.0,1,1,0,0.0,0,1,1,0,0,1,1,0,0,1,1,outward,COC
372,0,1,0,0,0,1,0,0,1,0,0,0.0,0,0,0,0,0.0,0,1,0,0,0,0.0,0,0.0,1,1,0.0,0,0.0,0.0,1,1,0,0.0,0,1,1,0,1,1,1,0,0,1,0,outward,COC
373,0,0,0,0,0,1,0,0,1,1,0,0.0,0,0,0,0,0.0,0,1,0,0,1,0.0,0,0.0,1,1,0.0,0,0.0,0.0,1,0,0,0.0,0,0,1,0,0,1,0,0,0,1,1,outward,COC
374,0,0,0,0,0,1,0,0,1,1,0,0.0,0,0,0,0,0.0,0,1,0,0,0,0.0,0,0.0,1,1,0.0,0,0.0,0.0,1,0,0,0.0,1,1,1,0,0,0,1,0,0,1,1,outward,COC
375,1,1,0,0,0,1,0,0,1,0,0,0.0,0,0,0,0,0.0,0,1,0,0,0,0.0,0,0.0,1,1,0.0,1,0.0,0.0,1,1,0,0.0,1,1,1,0,1,0,1,0,0,1,0,outward,COC
376,0,0,0,1,0,1,0,0,1,1,0,0.0,0,0,0,0,0.0,0,1,0,0,0,0.0,0,0.0,1,1,0.0,0,0.0,0.0,1,1,0,0.0,0,1,1,0,1,1,1,0,0,1,0,outward,COC
377,0,1,0,0,0,1,0,0,1,0,0,0.0,0,0,0,0,0.0,0,1,1,0,0,0.0,0,0.0,1,1,0.0,0,0.0,0.0,1,1,0,0.0,1,1,1,0,0,1,1,0,0,1,0,outward,COC
378,0,0,0,1,0,1,0,0,1,1,0,0.0,0,0,0,0,0.0,0,1,1,0,0,0.0,0,0.0,1,1,0.0,1,0.0,0.0,1,0,0,0.0,0,0,1,0,1,0,0,0,0,1,0,outward,COC
379,0,0,0,0,0,1,0,0,1,0,1,0.0,0,0,0,0,0.0,0,1,1,0,0,0.0,0,0.0,1,1,0.0,1,0.0,0.0,1,1,0,0.0,1,0,1,0,1,0,0,0,0,1,0,outward,COC
380,0,0,0,0,0,1,0,0,1,0,0,0.0,0,0,0,0,0.0,0,1,0,0,0,0.0,0,0.0,1,1,0.0,1,0.0,0.0,1,1,0,0.0,0,1,1,0,1,0,0,0,0,1,1,outward,COC
381,1,1,0,0,0,1,0,0,1,0,0,0.0,0,0,0,0,0.0,0,1,1,0,0,0.0,0,0.0,1,1,0.0,1,0.0,0.0,1,1,0,0.0,1,0,1,0,1,1,1,0,0,1,0,outward,COC
382,0,0,0,0,0,1,0,0,1,1,1,0.0,0,0,0,0,0.0,0,1,0,0,0,0.0,0,0.0,1,1,0.0,1,0.0,0.0,1,1,0,0.0,0,1,1,0,0,0,1,0,0,1,0,outward,COC
383,0,0,0,0,0,1,0,0,1,1,0,0.0,0,0,0,0,0.0,0,1,1,0,0,0.0,0,0.0,1,1,0.0,0,0.0,0.0,1,1,0,0.0,0,0,1,0,1,0,1,0,0,1,1,outward,COC
384,0,0,0,0,0,1,0,0,1,1,0,0.0,0,0,0,0,0.0,0,1,1,0,1,0.0,0,0.0,1,1,0.0,1,0.0,0.0,1,1,0,0.0,0,0,1,0,0,1,1,0,0,1,1,outward,COC
385,0,1,0,0,0,1,0,0,1,1,0,0.0,0,0,0,0,0.0,0,1,1,0,0,0.0,0,0.0,1,1,0.0,1,0.0,0.0,1,1,0,0.0,0,1,1,0,1,0,1,0,0,1,0,outward,COC
386,0,1,0,0,0,1,0,0,1,1,0,0.0,0,0,0,0,0.0,0,1,0,0,0,0.0,0,0.0,1,1,0.0,1,0.0,0.0,1,0,0,0.0,1,1,1,0,1,1,1,0,0,1,0,outward,COC
387,0,1,0,0,0,1,0,0,1,0,1,0.0,1,0,0,0,0.0,0,1,0,0,0,0.0,0,0.0,1,1,0.0,1,0.0,0.0,1,1,0,0.0,0,0,1,0,0,1,1,0,0,1,0,outward,COC
388,1,1,0,0,0,1,0,0,1,0,1,0.0,0,0,0,0,0.0,0,1,1,0,1,0.0,0,0.0,1,1,0.0,1,0.0,0.0,1,1,0,0.0,1,0,1,0,1,1,1,0,0,1,0,outward,COC
389,0,1,0,1,0,1,0,1,1,0,0,0.0,1,0,0,0,0.0,0,1,0,0,0,0.0,0,0.0,1,1,0.0,1,0.0,0.0,1,1,0,0.0,0,1,1,0,0,1,1,0,0,1,0,outward,COC
390,1,1,0,0,0,1,0,0,1,0,0,0.0,0,0,0,0,0.0,0,1,0,0,0,0.0,0,0.0,1,1,0.0,0,0.0,0.0,1,1,0,0.0,1,1,1,0,1,1,1,0,0,1,1,outward,COC
391,1,1,0,0,0,1,0,1,1,0,1,0.0,0,0,0,0,0.0,0,1,0,0,0,0.0,0,0.0,0,1,0.0,1,0.0,0.0,1,0,0,0.0,1,0,1,0,1,1,0,0,0,1,1,outward,COC
392,0,1,0,0,0,1,0,1,1,1,0,0.0,1,0,0,0,0.0,0,1,1,0,0,0.0,0,0.0,1,0,0.0,1,0.0,0.0,1,1,0,0.0,0,1,1,0,1,1,1,0,0,1,0,outward,COC
393,0,0,0,0,0,1,0,0,1,1,0,0.0,0,0,0,0,0.0,0,0,0,0,0,0.0,0,0.0,1,1,0.0,1,0.0,0.0,1,1,0,0.0,0,0,1,0,0,1,1,1,0,1,1,outward,COC
394,0,0,0,0,0,1,0,0,1,1,0,0.0,0,0,0,0,0.0,0,1,0,0,0,0.0,0,0.0,1,1,0.0,1,0.0,0.0,1,1,0,0.0,1,0,1,0,0,1,0,0,0,1,1,outward,COC
395,1,0,1,0,0,1,0,0,1,0,1,0.0,0,0,1,1,0.0,0,1,1,0,0,0.0,0,0.0,1,1,0.0,1,0.0,0.0,1,1,0,0.0,1,0,1,0,1,0,0,0,0,1,1,outward,COC
396,1,1,0,0,0,1,0,0,1,1,1,0.0,1,0,0,0,0.0,0,1,0,0,0,0.0,0,0.0,1,1,0.0,0,0.0,0.0,1,1,0,0.0,0,0,1,0,1,0,1,0,0,1,1,outward,COC
397,1,1,0,0,0,1,0,0,1,0,1,0.0,1,0,0,0,0.0,0,1,0,0,0,0.0,0,0.0,1,1,0.0,0,0.0,0.0,1,1,0,0.0,0,0,1,0,1,0,0,0,0,1,1,outward,COC
398,1,0,0,0,0,1,0,0,1,0,1,0.0,0,0,0,0,0.0,0,1,0,0,0,0.0,0,0.0,1,1,0.0,0,0.0,0.0,1,1,0,0.0,1,1,1,0,1,1,1,0,0,1,1,outward,COC
399,1,1,0,0,0,1,0,1,1,0,1,0.0,0,0,0,0,0.0,1,1,0,0,0,0.0,0,0.0,1,1,0.0,0,0.0,0.0,1,1,0,0.0,1,0,1,0,1,0,1,0,0,1,0,outward,COC
400,1,1,0,0,0,1,0,0,1,0,0,0.0,0,0,0,0,0.0,0,1,0,0,0,0.0,0,0.0,1,1,0.0,0,0.0,0.0,1,1,0,0.0,1,0,1,0,0,0,1,0,0,1,1,outward,COC
401,1,0,0,0,0,1,0,1,1,0,1,0.0,0,0,0,0,0.0,1,1,0,0,0,0.0,0,0.0,1,1,0.0,0,0.0,0.0,1,1,0,0.0,1,1,1,0,1,0,1,0,0,1,0,outward,COC
402,1,1,0,0,0,1,0,1,1,0,0,0.0,0,0,0,0,0.0,0,1,1,0,1,0.0,0,0.0,1,1,0.0,0,0.0,0.0,1,1,0,0.0,0,0,1,0,1,0,1,0,0,1,0,outward,COC
403,1,0,0,0,0,1,0,0,1,0,0,0.0,0,0,0,0,0.0,0,1,0,0,0,0.0,0,0.0,1,1,0.0,0,0.0,0.0,1,1,0,0.0,0,0,1,0,1,0,1,0,0,1,1,outward,COC
404,1,1,1,0,0,1,0,0,1,0,0,0.0,0,0,0,0,0.0,0,1,0,0,0,0.0,0,0.0,0,1,0.0,0,0.0,0.0,1,1,0,0.0,1,0,1,0,1,0,0,0,0,1,0,outward,COC
405,1,0,0,0,0,1,0,1,1,0,0,0.0,0,0,1,0,0.0,0,1,0,0,0,0.0,0,0.0,1,1,0.0,0,0.0,0.0,1,1,0,0.0,1,1,1,0,0,0,0,0,0,1,0,outward,COC
406,1,1,0,1,0,1,0,1,1,0,1,0.0,1,0,0,0,0.0,0,1,1,0,0,0.0,0,0.0,1,1,0.0,0,0.0,0.0,1,1,0,0.0,1,0,1,0,1,0,1,0,0,0,0,outward,COC
407,1,1,0,1,0,1,0,1,1,1,1,0.0,0,0,0,0,0.0,0,1,0,0,0,0.0,0,0.0,1,1,0.0,0,0.0,0.0,1,1,0,0.0,1,0,1,0,1,0,1,0,0,1,0,outward,COC
408,1,0,0,0,0,1,0,1,1,1,0,0.0,0,0,1,0,0.0,0,1,0,0,0,0.0,0,0.0,1,1,0.0,0,0.0,0.0,1,1,0,0.0,0,0,1,0,1,0,1,0,0,0,0,outward,COC
409,1,0,0,1,0,1,0,1,1,0,1,0.0,0,0,0,0,0.0,0,1,0,0,0,0.0,0,0.0,1,1,0.0,1,0.0,0.0,1,1,0,0.0,1,0,1,0,1,0,0,0,0,1,0,outward,COC
410,1,1,0,0,0,1,0,1,1,0,0,0.0,1,0,1,0,0.0,0,1,0,0,0,0.0,0,0.0,1,1,0.0,1,0.0,0.0,1,1,0,0.0,0,0,1,0,1,0,1,0,0,1,0,outward,COC
411,1,1,0,0,0,1,0,1,1,1,0,0.0,0,0,1,0,0.0,0,1,1,0,0,0.0,0,0.0,1,1,0.0,0,0.0,0.0,1,1,0,0.0,0,1,1,0,1,0,1,0,0,0,0,outward,COC
412,1,0,0,0,0,1,0,1,1,1,1,0.0,0,0,1,0,0.0,0,1,1,0,0,0.0,0,0.0,1,1,0.0,0,0.0,0.0,1,1,0,0.0,1,0,1,0,1,0,1,0,0,1,0,outward,COC
413,1,1,0,0,0,1,0,1,1,0,1,0.0,0,0,1,0,0.0,0,1,0,0,0,0.0,0,0.0,1,1,0.0,0,0.0,0.0,1,1,0,0.0,0,1,1,0,1,0,0,0,0,1,1,outward,COC
414,1,0,0,0,0,1,0,1,1,1,0,0.0,0,0,1,0,0.0,0,1,0,0,0,0.0,0,0.0,1,1,0.0,0,0.0,0.0,1,1,0,0.0,1,0,1,0,1,0,1,0,0,1,0,outward,COC
415,1,1,0,0,0,1,0,1,1,0,0,0.0,0,0,0,0,0.0,0,1,1,0,0,0.0,0,0.0,1,1,0.0,1,0.0,0.0,1,1,0,0.0,1,1,1,0,1,0,1,0,0,1,0,outward,COC
416,1,1,0,0,0,1,0,1,1,0,0,0.0,0,0,1,1,0.0,0,1,1,0,0,0.0,0,0.0,1,1,0.0,1,0.0,0.0,1,1,0,0.0,1,0,1,0,1,0,1,0,0,1,0,outward,COC
417,1,1,0,0,0,1,0,0,1,0,0,0.0,0,0,1,0,0.0,0,1,0,0,0,0.0,0,0.0,1,1,0.0,1,0.0,0.0,1,1,0,0.0,0,0,1,0,1,0,0,0,0,0,0,outward,COC
418,1,1,0,0,0,1,0,0,1,1,0,0.0,1,0,0,0,0.0,0,1,1,0,0,0.0,0,0.0,0,1,0.0,0,0.0,0.0,1,1,0,0.0,1,1,1,0,1,0,1,0,0,0,0,outward,COC
419,1,1,0,0,0,1,0,1,1,0,1,0.0,0,0,0,0,0.0,0,1,1,0,0,0.0,0,0.0,1,1,0.0,1,0.0,0.0,1,1,0,0.0,1,0,1,0,1,0,1,0,0,1,0,outward,COC
420,1,1,0,0,0,1,0,0,1,0,0,0.0,0,0,0,0,0.0,0,1,0,0,0,0.0,0,0.0,1,1,0.0,0,0.0,0.0,1,1,0,0.0,0,0,1,0,1,0,1,0,0,1,0,outward,COC
421,0,1,0,0,0,1,0,0,1,1,0,0.0,0,0,0,0,0.0,0,1,1,0,0,0.0,0,0.0,1,1,0.0,1,0.0,0.0,1,1,0,0.0,0,0,1,0,1,0,1,0,0,1,1,outward,COC
422,1,0,0,0,0,1,0,1,1,0,1,0.0,0,0,0,0,0.0,0,1,1,0,0,0.0,0,0.0,1,1,0.0,1,0.0,0.0,1,1,0,0.0,0,0,1,0,1,0,1,0,0,1,0,outward,COC
423,1,0,0,1,0,1,0,0,1,0,0,0.0,0,0,0,0,0.0,0,1,1,0,0,0.0,0,0.0,1,1,0.0,1,0.0,0.0,1,1,0,0.0,0,0,1,0,1,0,1,0,0,0,0,outward,COC
424,1,1,0,0,0,1,0,1,1,1,0,0.0,0,0,0,0,0.0,0,1,0,0,0,0.0,0,0.0,1,1,0.0,0,0.0,0.0,1,1,0,0.0,1,1,1,0,1,0,0,0,0,1,0,outward,COC
425,1,0,0,0,0,1,0,0,1,1,0,0.0,0,0,0,0,0.0,0,1,0,0,0,0.0,0,0.0,1,1,0.0,0,0.0,0.0,1,1,0,0.0,0,0,1,0,1,0,1,0,0,1,0,outward,COC
426,1,1,0,0,0,1,0,0,1,0,1,0.0,0,0,1,0,0.0,0,1,0,0,0,0.0,0,0.0,1,1,0.0,0,0.0,0.0,1,1,0,0.0,0,0,1,0,1,0,1,0,0,1,0,outward,COC
427,1,0,0,0,0,1,0,1,1,0,1,0.0,0,0,0,0,0.0,0,1,0,0,0,0.0,0,0.0,1,1,0.0,0,0.0,0.0,1,1,0,0.0,1,1,1,0,1,0,1,0,0,1,0,outward,COC
428,1,1,0,0,0,1,0,1,1,0,0,0.0,0,0,1,0,0.0,0,1,0,0,0,0.0,0,0.0,1,1,0.0,1,0.0,0.0,1,1,0,0.0,1,1,1,0,1,0,1,0,0,1,0,outward,COC
429,1,0,0,0,0,1,0,1,1,1,0,0.0,1,0,1,0,0.0,0,1,1,0,0,0.0,0,0.0,1,1,0.0,1,0.0,0.0,1,1,0,0.0,1,1,1,0,0,0,1,0,0,1,0,outward,COC
430,1,1,0,0,0,1,0,1,1,0,0,0.0,0,0,1,0,0.0,0,1,1,0,0,0.0,0,0.0,1,1,0.0,1,0.0,0.0,1,1,0,0.0,0,1,1,0,1,0,1,0,0,1,1,outward,COC
431,1,0,0,1,0,1,0,1,1,1,0,0.0,0,0,0,0,0.0,0,1,0,0,0,0.0,0,0.0,1,1,0.0,0,0.0,0.0,1,1,0,0.0,1,1,1,0,1,0,0,0,0,1,0,outward,COC
432,1,0,0,0,0,1,0,0,1,1,0,0.0,0,0,1,0,0.0,0,1,0,0,0,0.0,0,0.0,1,1,0.0,0,0.0,0.0,1,1,0,0.0,0,0,1,0,1,0,1,0,0,1,1,outward,COC
433,1,1,0,0,0,1,0,1,1,1,1,0.0,0,0,0,0,0.0,0,1,0,0,0,0.0,0,0.0,1,1,0.0,0,0.0,0.0,1,0,0,0.0,1,0,1,0,1,0,1,0,0,0,0,outward,COC
434,1,1,0,1,0,1,0,1,1,1,1,0.0,0,0,0,0,0.0,0,1,0,0,0,0.0,0,0.0,1,1,0.0,0,0.0,0.0,1,1,0,0.0,1,1,1,0,1,0,1,0,0,0,0,outward,COC
435,1,1,0,0,0,1,0,1,1,0,0,0.0,1,0,0,0,0.0,0,1,1,0,0,0.0,0,0.0,1,1,0.0,0,0.0,0.0,1,1,0,0.0,0,1,1,0,1,0,1,0,0,1,0,outward,COC
436,1,1,0,0,0,1,0,0,1,0,0,0.0,0,0,1,0,0.0,0,1,0,0,0,0.0,0,0.0,1,1,0.0,1,0.0,0.0,1,0,0,0.0,1,0,1,0,1,0,1,0,0,1,0,outward,COC
437,1,1,0,0,0,1,0,0,1,1,1,0.0,0,0,1,0,0.0,0,1,0,0,0,0.0,0,0.0,1,1,0.0,0,0.0,0.0,1,1,0,0.0,1,1,1,0,1,0,0,1,0,0,0,outward,COC
438,1,0,0,0,1,1,0,0,1,1,1,0.0,0,0,1,0,0.0,0,1,1,0,0,0.0,0,0.0,1,1,0.0,0,0.0,0.0,1,1,0,0.0,0,0,1,0,1,0,0,1,0,0,0,outward,COC
439,1,0,0,0,0,1,0,0,0,0,0,0.0,0,0,1,0,0.0,0,1,1,0,0,0.0,0,0.0,0,1,0.0,0,0.0,0.0,1,1,0,0.0,0,1,1,0,1,0,0,1,0,1,1,outward,COC
440,1,0,0,0,1,1,0,0,0,0,1,0.0,0,0,1,0,0.0,0,1,1,0,0,0.0,0,0.0,0,1,0.0,0,0.0,0.0,1,1,0,0.0,0,1,1,0,1,0,0,1,0,1,0,outward,COC
441,1,1,0,0,0,1,0,1,1,0,0,0.0,0,0,1,0,0.0,1,1,1,0,0,0.0,0,0.0,1,0,0.0,0,0.0,0.0,1,1,0,0.0,1,1,1,0,0,0,1,1,0,1,1,outward,COC
442,1,0,0,0,0,1,0,0,1,0,0,0.0,0,0,1,0,0.0,0,1,0,0,0,0.0,0,0.0,0,0,0.0,0,0.0,0.0,1,1,0,0.0,1,1,1,0,0,0,1,0,0,1,1,outward,COC
443,1,0,0,0,0,1,0,0,0,1,0,0.0,0,0,1,1,0.0,0,1,0,0,0,0.0,0,0.0,1,1,0.0,0,0.0,0.0,1,1,0,0.0,1,0,1,0,1,0,1,1,0,0,0,outward,COC
444,1,0,0,0,0,1,0,0,1,1,0,0.0,0,0,1,0,0.0,0,1,1,0,0,0.0,0,0.0,1,1,0.0,0,0.0,0.0,1,1,0,0.0,1,0,1,0,1,0,1,1,1,0,0,outward,COC
445,1,0,0,0,0,1,0,0,0,1,0,0.0,0,0,1,0,0.0,0,1,0,0,0,0.0,0,0.0,1,1,0.0,0,0.0,0.0,1,1,0,0.0,0,0,1,0,1,0,0,1,1,0,0,outward,COC
446,1,0,1,0,0,1,0,1,0,1,0,0.0,0,0,0,0,0.0,1,1,1,0,0,0.0,0,0.0,1,1,0.0,0,0.0,0.0,1,1,0,0.0,0,0,1,0,1,0,1,1,0,1,0,outward,COC
447,1,0,1,0,0,1,0,0,1,1,0,0.0,0,0,1,0,0.0,1,1,1,0,0,0.0,0,0.0,1,1,0.0,0,0.0,0.0,1,1,0,0.0,1,1,1,0,1,0,1,1,1,1,0,outward,COC
448,1,1,0,0,0,1,0,0,0,1,1,0.0,0,0,0,0,0.0,0,1,1,0,0,0.0,0,0.0,1,1,0.0,0,0.0,0.0,1,1,0,0.0,1,1,1,0,1,0,0,1,1,1,1,outward,COC
449,1,1,0,0,0,1,0,1,1,1,1,0.0,0,0,0,0,0.0,0,1,0,0,0,0.0,0,0.0,1,1,0.0,0,0.0,0.0,1,1,0,0.0,1,1,1,0,0,0,1,1,1,1,0,outward,COC
450,1,1,1,0,0,1,0,1,1,0,1,0.0,0,0,1,0,0.0,1,1,0,0,0,0.0,0,0.0,1,1,0.0,0,0.0,0.0,1,1,0,0.0,0,1,1,0,0,0,0,1,1,1,1,outward,COC
451,1,1,0,0,0,1,0,0,0,0,0,0.0,1,0,1,1,0.0,1,1,1,0,0,0.0,0,0.0,1,0,0.0,0,0.0,0.0,1,1,0,0.0,1,0,1,0,0,0,0,1,1,0,0,outward,COC
452,1,1,0,0,0,1,0,0,0,0,0,0.0,0,0,1,0,0.0,0,1,1,0,0,0.0,0,0.0,1,0,0.0,0,0.0,0.0,1,1,0,0.0,1,1,1,0,1,0,1,1,1,1,0,outward,COC
453,1,0,1,0,0,1,0,0,1,1,1,0.0,0,0,0,0,0.0,0,1,0,0,0,0.0,0,0.0,1,0,0.0,0,0.0,0.0,1,1,0,0.0,1,0,1,0,0,0,1,1,1,1,1,outward,COC
454,1,0,1,0,0,1,0,0,0,0,1,0.0,1,0,0,0,0.0,1,1,1,0,0,0.0,0,0.0,1,1,0.0,0,0.0,0.0,1,1,0,0.0,1,0,1,0,1,0,0,1,1,1,0,outward,COC
455,1,1,1,0,1,1,0,0,1,1,1,0.0,0,0,1,1,0.0,0,1,0,0,0,0.0,0,0.0,0,1,0.0,0,0.0,0.0,1,1,0,0.0,1,0,1,0,1,1,1,1,1,0,0,outward,COC
456,1,1,0,0,1,1,0,0,1,1,1,0.0,1,0,1,0,0.0,0,1,1,0,0,0.0,0,0.0,1,1,0.0,0,0.0,0.0,1,1,0,0.0,1,0,1,0,1,1,0,1,0,1,0,outward,COC
457,1,1,0,0,0,0,0,0,0,0,1,0.0,0,0,1,0,0.0,0,1,1,0,0,0.0,0,0.0,1,1,0.0,0,0.0,0.0,1,1,0,0.0,1,0,1,0,1,0,0,1,1,1,0,outward,COC
458,1,1,0,0,0,1,0,0,1,0,1,0.0,0,0,1,0,0.0,0,1,0,0,0,0.0,0,0.0,1,0,0.0,1,0.0,0.0,1,1,0,0.0,1,0,1,1,1,0,0,1,1,1,1,outward,COC
459,1,1,0,0,0,1,0,0,1,1,1,0.0,0,0,1,0,0.0,0,1,1,0,0,0.0,0,0.0,1,1,0.0,0,0.0,0.0,1,1,0,0.0,1,0,1,0,1,0,0,1,1,1,0,outward,COC
460,1,1,0,0,0,1,0,1,1,0,1,0.0,0,0,1,0,0.0,0,1,0,0,0,0.0,0,0.0,1,1,0.0,1,0.0,0.0,1,1,0,0.0,0,0,1,0,0,0,0,1,1,1,1,outward,COC
461,1,1,0,0,0,1,0,0,1,0,0,0.0,1,0,1,0,0.0,0,1,1,0,0,0.0,0,0.0,1,1,0.0,0,0.0,0.0,1,1,0,0.0,1,1,1,0,0,0,0,1,1,1,0,outward,COC
462,1,1,0,0,0,1,0,0,0,0,1,0.0,0,0,1,0,0.0,1,1,0,0,0,0.0,0,0.0,1,1,0.0,0,0.0,0.0,1,1,0,0.0,1,1,1,1,1,0,0,1,1,1,0,outward,COC
463,1,1,0,0,1,1,0,0,1,1,0,0.0,0,0,0,0,0.0,0,1,1,0,0,0.0,0,0.0,1,1,0.0,0,0.0,0.0,1,1,0,0.0,1,0,1,0,1,0,1,1,0,1,0,outward,COC
464,1,1,0,0,0,1,1,1,1,0,1,0.0,0,0,1,1,0.0,0,1,0,0,0,0.0,0,0.0,0,0,0.0,0,0.0,0.0,1,1,0,0.0,1,0,1,1,1,0,0,1,0,1,0,outward,COC
465,1,1,0,0,0,1,0,1,1,1,1,0.0,0,0,1,1,0.0,0,1,1,0,0,0.0,0,0.0,1,1,0.0,0,0.0,0.0,1,1,0,0.0,0,0,1,0,1,0,0,1,0,1,0,outward,COC
466,1,0,0,0,0,1,0,0,1,0,0,0.0,0,0,1,1,0.0,0,1,1,0,0,0.0,0,0.0,1,1,0.0,1,0.0,0.0,1,1,0,0.0,0,1,1,0,1,0,1,1,0,1,0,outward,COC
467,1,1,0,0,0,1,0,0,1,1,1,0.0,0,0,1,0,0.0,0,1,0,0,0,0.0,0,0.0,1,1,0.0,1,0.0,0.0,1,0,0,0.0,1,0,1,0,1,0,0,0,0,1,0,outward,COC
468,1,0,0,0,0,1,0,1,1,0,0,0.0,0,0,1,0,0.0,0,1,1,0,0,0.0,0,0.0,1,0,0.0,0,0.0,0.0,1,1,0,0.0,1,0,1,0,1,0,0,1,0,1,0,outward,COC
469,1,1,0,0,0,1,0,0,1,1,1,0.0,0,0,1,0,0.0,0,1,0,0,0,0.0,0,0.0,1,1,0.0,0,0.0,0.0,1,1,0,0.0,1,1,1,0,1,0,0,1,0,1,0,outward,COC
470,1,1,0,0,0,1,0,1,1,0,1,0.0,0,0,1,1,0.0,1,1,1,0,0,0.0,0,0.0,0,1,0.0,1,0.0,0.0,1,1,0,0.0,1,0,1,0,1,0,0,1,0,1,0,outward,COC
471,1,1,0,0,0,1,0,1,1,1,1,0.0,1,0,1,0,0.0,0,1,1,0,0,0.0,0,0.0,1,1,0.0,0,0.0,0.0,1,1,0,0.0,1,0,1,0,1,0,1,1,0,1,0,outward,COC
472,1,1,0,0,0,1,0,0,1,1,0,0.0,0,0,1,0,0.0,0,1,1,0,0,0.0,0,0.0,0,1,0.0,0,0.0,0.0,1,1,0,0.0,0,0,1,0,0,0,0,1,1,1,0,outward,COC
473,1,0,0,0,0,1,0,0,1,1,1,0.0,1,0,1,0,0.0,0,1,1,0,0,0.0,0,0.0,1,1,0.0,0,0.0,0.0,1,0,0,0.0,0,0,1,0,1,0,1,1,0,1,0,outward,COC
474,1,0,0,0,0,1,0,1,1,0,0,0.0,0,0,0,0,0.0,1,1,0,0,0,0.0,0,0.0,1,0,0.0,0,0.0,0.0,1,1,0,0.0,1,1,1,0,0,0,0,1,1,1,0,outward,COC
475,1,1,0,0,1,1,0,0,1,1,1,0.0,1,0,0,0,0.0,0,1,1,0,0,0.0,0,0.0,1,1,0.0,1,0.0,0.0,1,1,0,0.0,1,1,1,0,1,0,0,1,0,1,1,outward,COC
476,1,0,1,0,0,1,0,0,0,0,1,0.0,0,0,1,0,0.0,0,1,1,0,0,0.0,0,0.0,1,1,0.0,0,0.0,0.0,1,1,0,0.0,1,0,1,0,1,0,0,1,0,1,0,outward,COC
477,1,0,0,0,0,1,0,0,1,1,1,0.0,0,0,0,0,0.0,0,1,1,0,0,0.0,0,0.0,1,1,0.0,1,0.0,0.0,1,1,0,0.0,1,0,1,0,0,0,0,1,0,1,0,outward,COC
478,1,0,0,0,0,1,0,0,1,0,0,0.0,1,0,1,0,0.0,1,1,0,0,0,0.0,0,0.0,1,1,0.0,1,0.0,0.0,1,1,0,0.0,1,0,1,0,0,0,0,1,0,1,0,outward,COC
479,1,1,0,0,1,1,1,0,1,0,1,0.0,0,0,1,0,0.0,0,1,1,0,0,0.0,0,0.0,1,1,0.0,1,0.0,0.0,1,1,0,0.0,1,1,1,0,1,0,0,1,0,1,0,outward,COC
480,1,1,1,0,0,1,0,1,1,0,1,0.0,0,0,1,0,0.0,0,1,0,0,0,0.0,0,0.0,1,1,0.0,1,0.0,0.0,1,1,0,0.0,1,1,1,0,1,0,1,0,0,1,1,outward,COC
481,1,1,0,0,0,1,0,0,0,1,1,0.0,0,0,1,0,0.0,0,1,1,0,0,0.0,0,0.0,1,1,0.0,1,0.0,0.0,1,1,0,0.0,0,1,1,0,0,0,0,1,0,1,0,outward,COC
482,1,1,0,0,0,1,0,0,1,0,0,0.0,0,0,1,0,0.0,0,1,0,0,0,0.0,0,0.0,1,1,0.0,0,0.0,0.0,1,1,0,0.0,0,1,1,0,1,0,0,1,0,1,1,outward,COC
483,1,1,0,0,0,1,0,0,0,0,0,0.0,1,0,1,0,0.0,0,1,0,0,0,0.0,0,0.0,0,1,0.0,0,0.0,0.0,1,1,0,0.0,1,0,1,0,1,0,1,1,0,0,0,outward,COC
484,1,0,0,0,1,1,0,0,1,0,1,0.0,1,0,1,0,0.0,1,1,0,0,0,0.0,0,0.0,1,1,0.0,1,0.0,0.0,1,1,0,0.0,1,0,1,0,1,0,1,1,0,1,0,outward,COC
485,1,0,0,0,1,1,1,1,1,0,0,0.0,0,0,1,0,0.0,0,1,1,0,0,0.0,0,0.0,1,1,0.0,1,0.0,0.0,1,1,0,0.0,1,0,1,0,1,0,1,0,0,1,0,outward,COC
486,1,1,0,0,0,1,0,0,1,0,0,0.0,0,0,1,0,0.0,0,1,1,0,0,0.0,0,0.0,1,1,0.0,0,0.0,0.0,1,1,0,0.0,1,1,1,0,0,0,1,1,0,1,0,outward,COC
487,1,1,0,0,0,1,0,0,1,0,1,0.0,0,0,1,0,0.0,0,1,0,0,0,0.0,0,0.0,0,1,0.0,0,0.0,0.0,1,1,0,0.0,1,0,1,0,1,0,1,1,0,1,0,outward,COC
488,1,1,0,0,1,1,0,0,1,0,1,0.0,0,0,0,0,0.0,0,1,0,0,0,0.0,0,0.0,1,1,0.0,0,0.0,0.0,1,1,0,0.0,1,1,1,0,1,0,1,1,0,0,0,outward,COC
489,1,1,0,0,0,1,0,1,1,0,1,0.0,0,0,0,0,0.0,0,1,0,0,0,0.0,0,0.0,1,1,0.0,0,0.0,0.0,1,1,0,0.0,1,1,1,0,0,0,0,1,0,1,1,outward,COC
490,1,1,0,0,0,1,0,1,1,0,1,0.0,0,0,0,0,0.0,0,1,1,0,0,0.0,0,0.0,1,1,0.0,0,0.0,0.0,1,1,0,0.0,0,1,1,0,1,0,1,1,0,1,0,outward,COC
491,1,0,0,0,0,1,0,0,1,1,1,0.0,0,0,1,1,0.0,0,1,0,0,0,0.0,0,0.0,1,1,0.0,1,0.0,0.0,1,1,0,0.0,0,1,1,0,0,0,0,1,0,1,1,outward,COC
492,1,1,0,0,0,1,0,0,1,1,0,0.0,0,0,1,1,0.0,0,1,1,0,0,0.0,0,0.0,1,1,0.0,0,0.0,0.0,1,1,0,0.0,1,0,1,0,1,0,0,0,0,1,0,outward,COC
493,1,0,0,0,0,1,0,0,1,1,1,0.0,0,0,0,0,0.0,1,1,0,0,0,0.0,1,0.0,1,1,0.0,0,0.0,0.0,1,1,0,0.0,1,1,1,0,1,0,1,1,0,1,0,outward,COC
494,1,0,0,0,0,1,0,0,0,0,1,0.0,0,0,1,0,0.0,0,1,1,0,0,0.0,0,0.0,1,1,0.0,0,0.0,0.0,1,1,0,0.0,0,1,1,0,1,0,0,1,0,1,0,outward,COC
495,1,0,0,0,0,1,1,1,1,0,1,0.0,0,0,0,0,0.0,0,1,0,0,0,0.0,0,0.0,1,1,0.0,1,0.0,0.0,1,1,0,0.0,1,0,1,0,0,0,1,1,0,1,1,outward,COC
496,1,0,0,0,0,1,0,0,1,1,1,0.0,0,0,1,0,0.0,0,1,1,0,0,0.0,0,0.0,1,1,0.0,0,0.0,0.0,1,1,0,0.0,0,0,1,0,1,1,1,1,0,1,0,outward,COC
497,1,1,1,0,0,1,0,0,1,1,1,0.0,0,0,0,0,0.0,0,1,1,0,0,0.0,0,0.0,1,1,0.0,0,0.0,0.0,1,1,0,0.0,1,0,1,0,1,1,1,1,0,1,1,outward,COC
498,1,1,0,0,0,1,0,0,0,1,0,0.0,0,0,1,0,0.0,0,1,1,0,0,0.0,0,0.0,0,1,0.0,1,0.0,0.0,1,1,0,0.0,1,0,1,0,1,1,1,1,0,1,0,outward,COC
499,1,0,0,0,1,1,0,0,1,0,1,0.0,0,0,1,1,0.0,0,1,0,0,0,0.0,0,0.0,1,1,0.0,0,0.0,0.0,1,1,0,0.0,0,0,1,0,1,1,1,0,0,1,0,outward,COC
500,1,1,0,0,0,1,0,0,1,0,1,0.0,0,0,1,0,0.0,0,1,0,0,0,0.0,0,0.0,1,1,0.0,0,0.0,0.0,1,1,0,0.0,0,1,1,0,1,1,0,0,0,0,0,outward,COC
