meta,ALA331.P,ALA423.P,ALA423.P,ALA77.P,ALA77.P,ALA81.P,ASN353.P,ASN353.P,ASP421.P,ASP421.P,ASP79.P,ASP79.P,ASP79.P,ASP79.P,GLU428.P,GLU428.P,GLY153.P,GLY323.P,GLY425.P,GLY426.P,GLY75.P,LEU322.P,LEU322.P,LEU329.P,LEU329.P,MET424.P,MET427.P,MET427.P,PHE114.P,PHE114.P,PHE114.P,PHE320.P,PHE320.P,PHE320.P,PHE320.P,PHE326.P,PHE326.P,PHE326.P,PHE326.P,PHE332.P,PHE332.P,PHE332.P,PHE76.P,PHE76.P,PHE76.P,SER149.P,SER321.P,SER422.P,SER429.P,THR349.P,THR349.P,TYR156.P,TYR156.P,TYR156.P,TYR156.P,TYR156.P,TYR335.P,VAL152.P,VAL152.P,VAL259.P,VAL259.P,VAL328.P,VAL328.P,VAL430.P,VAL78.P,meta,meta
frame,Hydrophobic,Hydrophobic,VdWContact,Hydrophobic,VdWContact,Hydrophobic,Hydrophobic,VdWContact,Hydrophobic,VdWContact,Cationic,HBDonor,Hydrophobic,VdWContact,Hydrophobic,VdWContact,VdWContact,VdWContact,VdWContact,VdWContact,VdWContact,Hydrophobic,VdWContact,Hydrophobic,VdWContact,Hydrophobic,Hydrophobic,VdWContact,Hydrophobic,PiStacking,VdWContact,CationPi,HBDonor,Hydrophobic,VdWContact,CationPi,Hydrophobic,PiStacking,VdWContact,Hydrophobic,PiStacking,VdWContact,Hydrophobic,PiStacking,VdWContact,VdWContact,VdWContact,VdWContact,VdWContact,Hydrophobic,VdWContact,CationPi,HBDonor,Hydrophobic,PiStacking,VdWContact,Hydrophobic,Hydrophobic,VdWContact,Hydrophobic,VdWContact,Hydrophobic,VdWContact,Hydrophobic,VdWContact,bond_type,drug_name
0,0.0,0,0,0.0,0,0,0.0,0.0,0.0,0.0,1,1,1,1,0.0,0.0,0,0,0,1,0.0,0.0,0,0.0,0.0,0.0,0,0,0.0,0.0,0.0,0,1,1,1,0.0,1,0,1,0.0,0.0,0.0,1,0,1,1,1,1,0.0,0.0,0.0,0.0,0.0,1,0,0,0.0,1,1,0.0,0.0,0,0,0,0.0,inward,MAPB
1,0.0,0,0,0.0,0,0,0.0,0.0,0.0,0.0,1,1,1,1,0.0,0.0,0,0,0,1,0.0,0.0,0,0.0,0.0,0.0,0,0,0.0,0.0,0.0,0,1,1,1,0.0,1,0,1,0.0,0.0,0.0,0,0,0,1,1,1,0.0,0.0,0.0,0.0,0.0,1,0,0,0.0,1,0,0.0,0.0,0,0,0,0.0,inward,MAPB
2,0.0,0,0,0.0,0,0,0.0,0.0,0.0,0.0,1,1,0,1,0.0,0.0,0,0,0,1,0.0,0.0,0,0.0,0.0,0.0,0,0,0.0,0.0,0.0,0,1,1,1,0.0,1,0,1,0.0,0.0,0.0,1,0,1,1,1,1,0.0,0.0,0.0,0.0,0.0,1,0,1,0.0,1,0,0.0,0.0,0,0,0,0.0,inward,MAPB
3,0.0,0,0,0.0,0,0,0.0,0.0,0.0,0.0,1,1,1,1,0.0,0.0,0,0,0,0,0.0,0.0,1,0.0,0.0,0.0,0,0,0.0,0.0,0.0,0,1,1,1,0.0,1,0,0,0.0,0.0,0.0,1,0,0,1,1,1,0.0,0.0,0.0,0.0,0.0,1,0,1,0.0,1,1,0.0,0.0,0,0,0,0.0,inward,MAPB
4,0.0,0,0,0.0,0,0,0.0,0.0,0.0,0.0,1,1,0,1,0.0,0.0,0,0,0,0,0.0,0.0,0,0.0,0.0,0.0,0,0,0.0,0.0,0.0,0,1,1,1,0.0,1,0,0,0.0,0.0,0.0,1,0,1,1,1,1,0.0,0.0,0.0,0.0,0.0,1,0,1,0.0,1,0,0.0,0.0,0,0,0,0.0,inward,MAPB
5,0.0,0,0,0.0,0,1,0.0,0.0,0.0,0.0,1,1,0,1,0.0,0.0,0,0,0,0,0.0,0.0,0,0.0,0.0,0.0,1,0,0.0,0.0,0.0,0,1,1,1,0.0,1,0,1,0.0,0.0,0.0,1,0,0,1,1,0,0.0,0.0,0.0,0.0,0.0,1,0,1,0.0,1,0,0.0,0.0,0,0,0,0.0,inward,MAPB
6,0.0,0,0,0.0,0,0,0.0,0.0,0.0,0.0,1,1,1,1,0.0,0.0,0,0,0,0,0.0,0.0,0,0.0,0.0,0.0,0,0,0.0,0.0,0.0,0,1,1,1,0.0,1,0,0,0.0,0.0,0.0,1,0,1,1,0,1,0.0,0.0,0.0,0.0,0.0,1,0,1,0.0,1,0,0.0,0.0,0,0,0,0.0,inward,MAPB
7,0.0,1,0,0.0,0,0,0.0,0.0,0.0,0.0,1,1,0,1,0.0,0.0,0,0,0,0,0.0,0.0,0,0.0,0.0,0.0,0,0,0.0,0.0,0.0,0,1,1,1,0.0,1,0,0,0.0,0.0,0.0,1,0,1,0,0,1,0.0,0.0,0.0,0.0,0.0,1,0,0,0.0,1,0,0.0,0.0,0,0,0,0.0,inward,MAPB
8,0.0,0,0,0.0,0,0,0.0,0.0,0.0,0.0,1,1,1,1,0.0,0.0,0,0,0,0,0.0,0.0,0,0.0,0.0,0.0,0,0,0.0,0.0,0.0,0,1,1,1,0.0,1,0,1,0.0,0.0,0.0,1,0,1,1,1,0,0.0,0.0,0.0,0.0,0.0,1,0,0,0.0,1,1,0.0,0.0,1,0,0,0.0,inward,MAPB
9,0.0,0,0,0.0,0,0,0.0,0.0,0.0,0.0,1,1,1,1,0.0,0.0,0,0,0,0,0.0,0.0,0,0.0,0.0,0.0,0,0,0.0,0.0,0.0,0,1,1,1,0.0,1,0,1,0.0,0.0,0.0,1,0,1,0,1,1,0.0,0.0,0.0,0.0,0.0,1,0,1,0.0,1,1,0.0,0.0,1,0,0,0.0,inward,MAPB
10,0.0,0,0,0.0,1,0,0.0,0.0,0.0,0.0,1,1,1,1,0.0,0.0,0,0,0,0,0.0,0.0,0,0.0,0.0,0.0,0,0,0.0,0.0,0.0,0,1,1,1,0.0,1,0,0,0.0,0.0,0.0,0,0,1,0,0,0,0.0,0.0,0.0,0.0,0.0,1,0,1,0.0,1,1,0.0,0.0,0,0,0,0.0,inward,MAPB
11,0.0,0,0,0.0,0,0,0.0,0.0,0.0,0.0,1,1,1,1,0.0,0.0,0,0,0,0,0.0,0.0,1,0.0,0.0,0.0,0,0,0.0,0.0,0.0,0,1,1,1,0.0,1,0,1,0.0,0.0,0.0,1,0,1,0,0,1,0.0,0.0,0.0,0.0,0.0,1,0,0,0.0,1,1,0.0,0.0,1,1,0,0.0,inward,MAPB
12,0.0,0,0,0.0,0,0,0.0,0.0,0.0,0.0,1,1,1,1,0.0,0.0,0,1,0,0,0.0,0.0,0,0.0,0.0,0.0,0,0,0.0,0.0,0.0,0,1,1,1,0.0,1,0,0,0.0,0.0,0.0,1,0,0,1,1,1,0.0,0.0,0.0,0.0,0.0,1,0,1,0.0,1,1,0.0,0.0,1,1,0,0.0,inward,MAPB
13,0.0,0,0,0.0,0,0,0.0,0.0,0.0,0.0,1,1,1,1,0.0,0.0,0,0,0,0,0.0,0.0,1,0.0,0.0,0.0,0,0,0.0,0.0,0.0,0,1,1,1,0.0,1,1,1,0.0,0.0,0.0,1,0,1,1,1,1,0.0,0.0,0.0,0.0,0.0,1,0,0,0.0,1,0,0.0,0.0,1,1,0,0.0,inward,MAPB
14,0.0,0,0,0.0,0,0,0.0,0.0,0.0,0.0,1,1,1,1,0.0,0.0,0,1,0,0,0.0,0.0,0,0.0,0.0,0.0,0,0,0.0,0.0,0.0,0,1,1,1,0.0,1,0,1,0.0,0.0,0.0,1,0,1,0,1,1,0.0,0.0,0.0,0.0,0.0,1,0,1,0.0,1,0,0.0,0.0,1,0,0,0.0,inward,MAPB
15,0.0,0,0,0.0,0,0,0.0,0.0,0.0,0.0,1,1,1,1,0.0,0.0,0,1,0,0,0.0,0.0,1,0.0,0.0,0.0,0,0,0.0,0.0,0.0,0,1,1,1,0.0,1,1,0,0.0,0.0,0.0,1,0,1,1,0,1,0.0,0.0,0.0,0.0,0.0,1,0,0,0.0,1,1,0.0,0.0,1,0,0,0.0,inward,MAPB
16,0.0,0,0,0.0,0,0,0.0,0.0,0.0,0.0,1,1,1,1,0.0,0.0,0,0,0,0,0.0,0.0,0,0.0,0.0,0.0,0,0,0.0,0.0,0.0,0,1,1,1,0.0,1,0,1,0.0,0.0,0.0,1,0,1,1,1,1,0.0,0.0,0.0,0.0,0.0,1,0,0,0.0,1,1,0.0,0.0,1,0,0,0.0,inward,MAPB
17,0.0,0,0,0.0,0,0,0.0,0.0,0.0,0.0,1,1,1,1,0.0,0.0,0,1,0,0,0.0,0.0,0,0.0,0.0,0.0,0,0,0.0,0.0,0.0,0,1,1,1,0.0,1,0,1,0.0,0.0,0.0,1,0,0,1,0,1,0.0,0.0,0.0,0.0,0.0,1,0,0,0.0,1,0,0.0,0.0,1,0,0,0.0,inward,MAPB
18,0.0,0,0,0.0,0,0,0.0,0.0,0.0,0.0,1,1,1,1,0.0,0.0,0,0,0,0,0.0,0.0,0,0.0,0.0,0.0,0,0,0.0,0.0,0.0,0,1,1,1,0.0,1,1,0,0.0,0.0,0.0,1,0,1,1,1,1,0.0,0.0,0.0,0.0,0.0,1,0,0,0.0,1,0,0.0,0.0,1,0,0,0.0,inward,MAPB
19,0.0,0,0,0.0,1,0,0.0,0.0,0.0,0.0,1,1,1,1,0.0,0.0,0,0,0,0,0.0,0.0,0,0.0,0.0,0.0,0,0,0.0,0.0,0.0,0,1,1,1,0.0,1,1,1,0.0,0.0,0.0,1,0,1,1,0,1,0.0,0.0,0.0,0.0,0.0,1,0,1,0.0,1,1,0.0,0.0,1,0,0,0.0,inward,MAPB
20,0.0,0,0,0.0,0,0,0.0,0.0,0.0,0.0,1,1,1,1,0.0,0.0,0,1,0,0,0.0,0.0,0,0.0,0.0,0.0,0,0,0.0,0.0,0.0,0,1,1,1,0.0,1,1,0,0.0,0.0,0.0,1,0,1,0,1,1,0.0,0.0,0.0,0.0,0.0,1,0,1,0.0,1,1,0.0,0.0,1,0,0,0.0,inward,MAPB
21,0.0,0,0,0.0,0,0,0.0,0.0,0.0,0.0,1,1,1,1,0.0,0.0,0,0,0,0,0.0,0.0,0,0.0,0.0,0.0,0,0,0.0,0.0,0.0,0,1,1,1,0.0,1,1,0,0.0,0.0,0.0,0,0,1,0,0,1,0.0,0.0,0.0,0.0,0.0,1,0,1,0.0,1,1,0.0,0.0,0,0,0,0.0,inward,MAPB
22,0.0,0,0,0.0,0,0,0.0,0.0,0.0,0.0,1,1,1,1,0.0,0.0,0,0,0,0,0.0,0.0,0,0.0,0.0,0.0,0,0,0.0,0.0,0.0,0,1,1,1,0.0,1,1,0,0.0,0.0,0.0,1,0,1,0,0,1,0.0,0.0,0.0,0.0,0.0,1,0,1,0.0,1,0,0.0,0.0,1,0,0,0.0,inward,MAPB
23,0.0,0,0,0.0,0,0,0.0,0.0,0.0,0.0,1,1,1,1,0.0,0.0,0,0,0,0,0.0,0.0,0,0.0,0.0,0.0,0,0,0.0,0.0,0.0,0,1,1,1,0.0,1,1,0,0.0,0.0,0.0,1,0,1,0,1,0,0.0,0.0,0.0,0.0,0.0,1,0,0,0.0,1,1,0.0,0.0,1,0,0,0.0,inward,MAPB
24,0.0,0,0,0.0,0,0,0.0,0.0,0.0,0.0,1,1,1,1,0.0,0.0,0,0,0,0,0.0,0.0,0,0.0,0.0,0.0,0,0,0.0,0.0,0.0,0,1,1,1,0.0,1,1,0,0.0,0.0,0.0,1,0,1,0,1,1,0.0,0.0,0.0,0.0,0.0,1,0,0,0.0,1,0,0.0,0.0,1,0,0,0.0,inward,MAPB
25,0.0,0,0,0.0,0,0,0.0,0.0,0.0,0.0,1,1,1,1,0.0,0.0,0,0,0,0,0.0,0.0,0,0.0,0.0,0.0,0,0,0.0,0.0,0.0,0,1,1,1,0.0,1,0,1,0.0,0.0,0.0,1,0,1,1,1,0,0.0,0.0,0.0,0.0,0.0,1,0,0,0.0,1,0,0.0,0.0,1,0,0,0.0,inward,MAPB
26,0.0,0,0,0.0,0,0,0.0,0.0,0.0,0.0,1,1,1,1,0.0,0.0,0,0,0,0,0.0,0.0,1,0.0,0.0,0.0,0,0,0.0,0.0,0.0,0,1,1,1,0.0,1,0,0,0.0,0.0,0.0,1,0,1,1,1,0,0.0,0.0,0.0,0.0,0.0,1,0,1,0.0,1,1,0.0,0.0,0,0,0,0.0,inward,MAPB
27,0.0,0,0,0.0,0,0,0.0,0.0,0.0,0.0,1,1,1,1,0.0,0.0,0,0,0,0,0.0,0.0,0,0.0,0.0,0.0,0,0,0.0,0.0,0.0,0,1,1,1,0.0,1,0,0,0.0,0.0,0.0,0,0,1,1,1,1,0.0,0.0,0.0,0.0,0.0,1,0,1,0.0,1,1,0.0,0.0,0,0,0,0.0,inward,MAPB
28,0.0,0,0,0.0,1,0,0.0,0.0,0.0,0.0,1,1,1,1,0.0,0.0,0,1,0,0,0.0,0.0,1,0.0,0.0,0.0,0,0,0.0,0.0,0.0,0,1,1,1,0.0,1,1,0,0.0,0.0,0.0,1,0,1,0,1,1,0.0,0.0,0.0,0.0,0.0,1,0,1,0.0,1,0,0.0,0.0,1,0,0,0.0,inward,MAPB
29,0.0,0,0,0.0,0,0,0.0,0.0,0.0,0.0,1,1,1,1,0.0,0.0,0,0,0,0,0.0,0.0,0,0.0,0.0,0.0,0,0,0.0,0.0,0.0,0,1,1,1,0.0,1,1,0,0.0,0.0,0.0,1,0,0,0,1,1,0.0,0.0,0.0,0.0,0.0,1,0,1,0.0,1,1,0.0,0.0,1,0,0,0.0,inward,MAPB
30,0.0,0,0,0.0,0,0,0.0,0.0,0.0,0.0,1,1,1,1,0.0,0.0,0,1,0,0,0.0,0.0,0,0.0,0.0,0.0,0,0,0.0,0.0,0.0,0,1,1,1,0.0,1,1,0,0.0,0.0,0.0,1,0,0,1,1,1,0.0,0.0,0.0,0.0,0.0,1,0,0,0.0,1,1,0.0,0.0,1,1,0,0.0,inward,MAPB
31,0.0,0,0,0.0,0,0,0.0,0.0,0.0,0.0,1,1,1,1,0.0,0.0,0,1,0,0,0.0,0.0,0,0.0,0.0,0.0,0,0,0.0,0.0,0.0,0,1,1,1,0.0,1,0,0,0.0,0.0,0.0,1,0,1,1,1,1,0.0,0.0,0.0,0.0,0.0,1,0,0,0.0,1,0,0.0,0.0,1,0,0,0.0,inward,MAPB
32,0.0,0,0,0.0,0,0,0.0,0.0,0.0,0.0,1,1,1,1,0.0,0.0,0,0,0,0,0.0,0.0,1,0.0,0.0,0.0,0,0,0.0,0.0,0.0,0,1,1,1,0.0,1,1,0,0.0,0.0,0.0,1,0,1,1,1,0,0.0,0.0,0.0,0.0,0.0,1,0,1,0.0,1,1,0.0,0.0,1,0,0,0.0,inward,MAPB
33,0.0,0,0,0.0,0,0,0.0,0.0,0.0,0.0,1,1,1,1,0.0,0.0,0,1,0,1,0.0,0.0,0,0.0,0.0,0.0,0,0,0.0,0.0,0.0,0,1,1,1,0.0,1,1,0,0.0,0.0,0.0,1,0,1,0,1,1,0.0,0.0,0.0,0.0,0.0,1,0,1,0.0,1,1,0.0,0.0,1,0,0,0.0,inward,MAPB
34,0.0,0,0,0.0,0,0,0.0,0.0,0.0,0.0,1,1,1,1,0.0,0.0,0,0,0,0,0.0,0.0,0,0.0,0.0,0.0,0,0,0.0,0.0,0.0,0,1,1,1,0.0,1,0,0,0.0,0.0,0.0,1,0,1,0,1,1,0.0,0.0,0.0,0.0,0.0,1,0,1,0.0,1,0,0.0,0.0,1,0,0,0.0,inward,MAPB
35,0.0,0,0,0.0,0,0,0.0,0.0,0.0,0.0,1,1,1,1,0.0,0.0,0,1,0,0,0.0,0.0,0,0.0,0.0,0.0,0,0,0.0,0.0,0.0,0,1,1,1,0.0,1,0,0,0.0,0.0,0.0,1,0,1,1,0,1,0.0,0.0,0.0,0.0,0.0,1,0,0,0.0,1,1,0.0,0.0,0,0,0,0.0,inward,MAPB
36,0.0,0,0,0.0,0,0,0.0,0.0,0.0,0.0,1,1,1,1,0.0,0.0,0,1,0,0,0.0,0.0,0,0.0,0.0,0.0,0,0,0.0,0.0,0.0,0,1,1,1,0.0,1,0,0,0.0,0.0,0.0,1,0,1,0,1,0,0.0,0.0,0.0,0.0,0.0,1,0,0,0.0,1,1,0.0,0.0,0,0,0,0.0,inward,MAPB
37,0.0,0,0,0.0,1,0,0.0,0.0,0.0,0.0,1,1,1,1,0.0,0.0,0,0,0,0,0.0,0.0,1,0.0,0.0,0.0,0,0,0.0,0.0,0.0,0,1,1,1,0.0,1,0,1,0.0,0.0,0.0,1,0,1,1,1,1,0.0,0.0,0.0,0.0,0.0,1,0,0,0.0,1,0,0.0,0.0,1,0,0,0.0,inward,MAPB
38,0.0,0,0,0.0,0,0,0.0,0.0,0.0,0.0,1,1,0,1,0.0,0.0,1,1,0,0,0.0,0.0,0,0.0,0.0,0.0,0,0,0.0,0.0,0.0,0,1,1,1,0.0,1,0,0,0.0,0.0,0.0,1,0,1,0,1,0,0.0,0.0,0.0,0.0,0.0,1,0,0,0.0,1,0,0.0,0.0,1,0,1,0.0,inward,MAPB
39,0.0,0,0,0.0,0,0,0.0,0.0,0.0,0.0,1,1,0,1,0.0,0.0,0,0,0,1,0.0,0.0,0,0.0,0.0,0.0,0,0,0.0,0.0,0.0,0,1,1,1,0.0,1,1,1,0.0,0.0,0.0,1,0,1,1,1,0,0.0,0.0,0.0,0.0,0.0,1,0,1,0.0,1,1,0.0,0.0,1,0,0,0.0,inward,MAPB
40,0.0,0,0,0.0,0,0,0.0,0.0,0.0,0.0,1,1,0,1,0.0,0.0,0,1,0,0,0.0,0.0,1,0.0,0.0,0.0,0,0,0.0,0.0,0.0,0,1,1,1,0.0,1,0,1,0.0,0.0,0.0,1,0,1,1,1,1,0.0,0.0,0.0,0.0,0.0,1,0,1,0.0,0,0,0.0,0.0,1,1,0,0.0,inward,MAPB
41,0.0,0,0,0.0,0,0,0.0,0.0,0.0,0.0,1,1,1,1,0.0,0.0,0,0,0,1,0.0,0.0,0,0.0,0.0,0.0,1,1,0.0,0.0,0.0,0,1,1,1,0.0,1,0,0,0.0,0.0,0.0,1,0,1,0,1,1,0.0,0.0,0.0,0.0,0.0,0,0,0,0.0,1,0,0.0,0.0,0,0,0,0.0,inward,MAPB
42,0.0,0,0,0.0,0,0,0.0,0.0,0.0,0.0,1,1,0,1,0.0,0.0,0,0,0,1,0.0,0.0,1,0.0,0.0,0.0,0,0,0.0,0.0,0.0,0,1,1,1,0.0,1,0,0,0.0,0.0,0.0,1,0,1,1,0,0,0.0,0.0,0.0,0.0,0.0,1,0,0,0.0,1,0,0.0,0.0,0,0,0,0.0,inward,MAPB
43,0.0,0,0,0.0,0,0,0.0,0.0,0.0,0.0,1,1,1,1,0.0,0.0,1,1,0,0,0.0,0.0,1,0.0,0.0,0.0,0,0,0.0,0.0,0.0,0,1,1,1,0.0,1,0,0,0.0,0.0,0.0,1,0,1,1,1,1,0.0,0.0,0.0,0.0,0.0,1,0,1,0.0,1,0,0.0,0.0,0,0,0,0.0,inward,MAPB
44,0.0,0,0,0.0,0,0,0.0,0.0,0.0,0.0,1,1,1,1,0.0,0.0,0,1,0,1,0.0,0.0,0,0.0,0.0,0.0,0,0,0.0,0.0,0.0,0,1,1,1,0.0,1,0,0,0.0,0.0,0.0,1,0,1,1,1,1,0.0,0.0,0.0,0.0,0.0,1,0,0,0.0,1,1,0.0,0.0,0,0,0,0.0,inward,MAPB
45,0.0,0,0,0.0,0,0,0.0,0.0,0.0,0.0,1,1,1,1,0.0,0.0,0,0,0,0,0.0,0.0,0,0.0,0.0,0.0,0,0,0.0,0.0,0.0,0,1,1,1,0.0,1,1,1,0.0,0.0,0.0,1,0,1,1,1,1,0.0,0.0,0.0,0.0,0.0,1,0,1,0.0,1,1,0.0,0.0,0,0,0,0.0,inward,MAPB
46,0.0,0,0,0.0,0,0,0.0,0.0,0.0,0.0,1,1,1,1,0.0,0.0,1,0,0,0,0.0,0.0,0,0.0,0.0,0.0,0,0,0.0,0.0,0.0,0,1,1,1,0.0,1,0,1,0.0,0.0,0.0,0,0,1,1,0,0,0.0,0.0,0.0,0.0,0.0,1,0,1,0.0,1,0,0.0,0.0,1,0,0,0.0,inward,MAPB
47,0.0,0,0,0.0,0,0,0.0,0.0,0.0,0.0,1,1,1,1,0.0,0.0,0,1,0,1,0.0,0.0,0,0.0,0.0,0.0,0,0,0.0,0.0,0.0,0,1,1,1,0.0,1,0,1,0.0,0.0,0.0,1,0,1,1,0,1,0.0,0.0,0.0,0.0,0.0,1,0,0,0.0,1,0,0.0,0.0,0,0,0,0.0,inward,MAPB
48,0.0,0,0,0.0,0,0,0.0,0.0,0.0,0.0,1,1,0,1,0.0,0.0,0,0,0,0,0.0,0.0,0,0.0,0.0,0.0,0,0,0.0,0.0,0.0,0,1,1,1,0.0,1,0,0,0.0,0.0,0.0,0,0,0,1,0,0,0.0,0.0,0.0,0.0,0.0,1,0,0,0.0,0,0,0.0,0.0,0,0,0,0.0,inward,MAPB
49,0.0,0,0,0.0,0,0,0.0,0.0,0.0,0.0,1,1,0,1,0.0,0.0,0,0,0,0,0.0,0.0,0,0.0,0.0,0.0,0,0,0.0,0.0,0.0,0,1,1,1,0.0,1,1,0,0.0,0.0,0.0,1,0,1,1,0,1,0.0,0.0,0.0,0.0,0.0,0,0,0,0.0,1,1,0.0,0.0,1,0,0,0.0,inward,MAPB
50,0.0,0,0,0.0,0,0,0.0,0.0,0.0,0.0,1,1,0,1,0.0,0.0,0,1,0,0,0.0,0.0,0,0.0,0.0,0.0,0,0,0.0,0.0,0.0,0,1,1,1,0.0,1,0,1,0.0,0.0,0.0,1,0,1,1,1,1,0.0,0.0,0.0,0.0,0.0,1,0,0,0.0,1,0,0.0,0.0,0,0,0,0.0,inward,MAPB
51,0.0,0,0,0.0,0,0,0.0,0.0,0.0,0.0,1,1,1,1,0.0,0.0,0,0,0,1,0.0,0.0,0,0.0,0.0,0.0,0,0,0.0,0.0,0.0,0,1,1,1,0.0,1,0,0,0.0,0.0,0.0,1,1,1,1,1,1,0.0,0.0,0.0,0.0,0.0,1,0,0,0.0,0,0,0.0,0.0,1,0,0,0.0,inward,MAPB
52,0.0,0,0,0.0,0,0,0.0,0.0,0.0,0.0,1,1,1,1,0.0,0.0,0,0,0,1,0.0,0.0,0,0.0,0.0,0.0,0,0,0.0,0.0,0.0,0,1,1,1,0.0,1,0,0,0.0,0.0,0.0,1,0,1,1,0,1,0.0,0.0,0.0,0.0,0.0,1,0,0,0.0,1,0,0.0,0.0,0,0,0,0.0,inward,MAPB
53,0.0,0,0,0.0,0,0,0.0,0.0,0.0,0.0,1,1,0,1,0.0,0.0,0,1,0,1,0.0,0.0,0,0.0,0.0,0.0,0,0,0.0,0.0,0.0,0,1,1,1,0.0,1,0,0,0.0,0.0,0.0,1,0,1,1,1,1,0.0,0.0,0.0,0.0,0.0,1,0,1,0.0,1,0,0.0,0.0,0,0,0,0.0,inward,MAPB
54,0.0,0,0,0.0,0,0,0.0,0.0,0.0,0.0,1,1,0,1,0.0,0.0,0,0,0,1,0.0,0.0,0,0.0,0.0,0.0,0,0,0.0,0.0,0.0,0,1,1,1,0.0,1,0,1,0.0,0.0,0.0,0,0,0,1,1,1,0.0,0.0,0.0,0.0,0.0,1,0,1,0.0,1,0,0.0,0.0,0,0,0,0.0,inward,MAPB
55,0.0,0,0,0.0,1,0,0.0,0.0,0.0,0.0,1,1,0,1,0.0,0.0,0,0,0,0,0.0,0.0,0,0.0,0.0,0.0,0,0,0.0,0.0,0.0,0,1,1,1,0.0,1,1,0,0.0,0.0,0.0,1,0,1,1,0,1,0.0,0.0,0.0,0.0,0.0,1,0,0,0.0,1,0,0.0,0.0,0,0,0,0.0,inward,MAPB
56,0.0,0,0,0.0,0,0,0.0,0.0,0.0,0.0,1,1,1,1,0.0,0.0,0,0,1,0,0.0,0.0,0,0.0,0.0,0.0,0,0,0.0,0.0,0.0,0,1,1,1,0.0,1,0,0,0.0,0.0,0.0,1,1,1,0,1,1,0.0,0.0,0.0,0.0,0.0,1,0,1,0.0,0,0,0.0,0.0,1,0,0,0.0,inward,MAPB
57,0.0,0,0,0.0,0,0,0.0,0.0,0.0,0.0,1,1,0,1,0.0,0.0,0,0,0,0,0.0,0.0,0,0.0,0.0,0.0,0,0,0.0,0.0,0.0,0,1,1,1,0.0,1,0,0,0.0,0.0,0.0,1,0,1,1,1,1,0.0,0.0,0.0,0.0,0.0,1,0,1,0.0,1,0,0.0,0.0,0,0,0,0.0,inward,MAPB
58,0.0,0,0,0.0,0,0,0.0,0.0,0.0,0.0,1,1,0,1,0.0,0.0,0,0,0,0,0.0,0.0,0,0.0,0.0,0.0,0,0,0.0,0.0,0.0,0,1,1,1,0.0,1,0,0,0.0,0.0,0.0,1,0,1,1,0,0,0.0,0.0,0.0,0.0,0.0,1,0,1,0.0,1,0,0.0,0.0,0,0,0,0.0,inward,MAPB
59,0.0,0,0,0.0,1,0,0.0,0.0,0.0,0.0,1,1,1,1,0.0,0.0,0,0,0,0,0.0,0.0,0,0.0,0.0,0.0,0,0,0.0,0.0,0.0,0,1,1,1,0.0,1,1,1,0.0,0.0,0.0,1,0,1,1,1,1,0.0,0.0,0.0,0.0,0.0,1,0,0,0.0,1,0,0.0,0.0,0,0,0,0.0,inward,MAPB
60,0.0,0,0,0.0,0,0,0.0,0.0,0.0,0.0,1,1,0,1,0.0,0.0,0,0,0,1,0.0,0.0,0,0.0,0.0,0.0,0,0,0.0,0.0,0.0,0,1,1,1,0.0,1,0,1,0.0,0.0,0.0,1,0,1,1,0,1,0.0,0.0,0.0,0.0,0.0,1,0,1,0.0,1,0,0.0,0.0,0,0,0,0.0,inward,MAPB
61,0.0,0,0,0.0,0,0,0.0,0.0,0.0,0.0,1,1,0,1,0.0,0.0,0,0,0,1,0.0,0.0,0,0.0,0.0,0.0,0,0,0.0,0.0,0.0,0,1,1,1,0.0,1,0,1,0.0,0.0,0.0,1,0,1,1,1,1,0.0,0.0,0.0,0.0,0.0,1,0,1,0.0,1,0,0.0,0.0,0,0,0,0.0,inward,MAPB
62,0.0,0,0,0.0,0,0,0.0,0.0,0.0,0.0,1,1,0,1,0.0,0.0,0,0,0,0,0.0,0.0,0,0.0,0.0,0.0,0,0,0.0,0.0,0.0,0,1,1,1,0.0,1,0,1,0.0,0.0,0.0,1,0,1,1,1,0,0.0,0.0,0.0,0.0,0.0,1,0,1,0.0,1,1,0.0,0.0,0,0,0,0.0,inward,MAPB
63,0.0,0,0,0.0,0,0,0.0,0.0,0.0,0.0,1,1,0,1,0.0,0.0,0,0,0,0,0.0,0.0,0,0.0,0.0,0.0,0,0,0.0,0.0,0.0,0,1,1,1,0.0,1,0,0,0.0,0.0,0.0,1,0,1,1,0,1,0.0,0.0,0.0,0.0,0.0,1,0,1,0.0,1,0,0.0,0.0,0,0,0,0.0,inward,MAPB
64,0.0,0,0,0.0,0,1,0.0,0.0,0.0,0.0,1,1,1,1,0.0,0.0,1,0,0,0,0.0,0.0,0,0.0,0.0,0.0,0,0,0.0,0.0,0.0,0,1,1,1,0.0,1,0,0,0.0,0.0,0.0,1,0,0,1,0,1,0.0,0.0,0.0,0.0,0.0,1,0,0,0.0,1,1,0.0,0.0,0,0,0,0.0,inward,MAPB
65,0.0,0,0,0.0,0,0,0.0,0.0,0.0,0.0,1,1,0,1,0.0,0.0,0,0,0,1,0.0,0.0,0,0.0,0.0,0.0,0,0,0.0,0.0,0.0,0,1,1,1,0.0,1,1,0,0.0,0.0,0.0,1,0,1,0,1,1,0.0,0.0,0.0,0.0,0.0,1,0,0,0.0,1,1,0.0,0.0,0,0,0,0.0,inward,MAPB
66,0.0,0,0,0.0,0,0,0.0,0.0,0.0,0.0,1,1,0,1,0.0,0.0,0,0,0,1,0.0,0.0,0,0.0,0.0,0.0,0,0,0.0,0.0,0.0,0,1,1,1,0.0,1,0,1,0.0,0.0,0.0,1,0,1,1,1,0,0.0,0.0,0.0,0.0,0.0,1,0,0,0.0,1,0,0.0,0.0,0,0,0,0.0,inward,MAPB
67,0.0,0,0,0.0,0,0,0.0,0.0,0.0,0.0,1,1,0,1,0.0,0.0,0,1,0,0,0.0,0.0,1,0.0,0.0,0.0,0,0,0.0,0.0,0.0,0,1,1,1,0.0,1,0,1,0.0,0.0,0.0,1,0,1,0,0,0,0.0,0.0,0.0,0.0,0.0,1,0,0,0.0,1,0,0.0,0.0,0,0,0,0.0,inward,MAPB
68,0.0,0,0,0.0,0,0,0.0,0.0,0.0,0.0,1,1,0,1,0.0,0.0,0,0,0,0,0.0,0.0,0,0.0,0.0,0.0,0,0,0.0,0.0,0.0,0,1,1,1,0.0,1,0,0,0.0,0.0,0.0,1,0,1,1,1,0,0.0,0.0,0.0,0.0,0.0,1,0,1,0.0,1,0,0.0,0.0,0,0,0,0.0,inward,MAPB
69,0.0,0,0,0.0,0,0,0.0,0.0,0.0,0.0,1,1,0,1,0.0,0.0,0,1,0,1,0.0,0.0,0,0.0,0.0,0.0,0,0,0.0,0.0,0.0,0,1,1,1,0.0,1,0,0,0.0,0.0,0.0,1,0,1,1,1,0,0.0,0.0,0.0,0.0,0.0,1,0,1,0.0,1,1,0.0,0.0,1,0,0,0.0,inward,MAPB
70,0.0,0,0,0.0,0,0,0.0,0.0,0.0,0.0,1,1,0,1,0.0,0.0,0,1,0,1,0.0,0.0,0,0.0,0.0,0.0,0,0,0.0,0.0,0.0,0,1,1,1,0.0,1,0,0,0.0,0.0,0.0,1,0,1,0,1,1,0.0,0.0,0.0,0.0,0.0,1,0,0,0.0,1,1,0.0,0.0,0,0,0,0.0,inward,MAPB
71,0.0,0,0,0.0,0,0,0.0,0.0,0.0,0.0,1,1,1,1,0.0,0.0,0,0,1,0,0.0,0.0,0,0.0,0.0,0.0,0,0,0.0,0.0,0.0,0,1,1,1,0.0,1,1,0,0.0,0.0,0.0,1,0,1,0,1,0,0.0,0.0,0.0,0.0,0.0,1,0,0,0.0,1,0,0.0,0.0,1,1,0,0.0,inward,MAPB
72,0.0,0,0,0.0,0,0,0.0,0.0,0.0,0.0,1,1,1,1,0.0,0.0,0,1,0,1,0.0,0.0,0,0.0,0.0,0.0,0,0,0.0,0.0,0.0,0,1,1,1,0.0,1,0,0,0.0,0.0,0.0,1,0,0,1,1,0,0.0,0.0,0.0,0.0,0.0,1,0,1,0.0,1,0,0.0,0.0,0,0,0,0.0,inward,MAPB
73,0.0,0,0,0.0,0,0,0.0,0.0,0.0,0.0,1,1,0,1,0.0,0.0,0,0,0,0,0.0,0.0,1,0.0,0.0,0.0,0,0,0.0,0.0,0.0,0,1,1,1,0.0,1,1,0,0.0,0.0,0.0,1,0,1,1,1,0,0.0,0.0,0.0,0.0,0.0,1,0,0,0.0,1,0,0.0,0.0,0,0,0,0.0,inward,MAPB
74,0.0,0,0,0.0,0,0,0.0,0.0,0.0,0.0,1,1,0,1,0.0,0.0,0,0,0,1,0.0,0.0,0,0.0,0.0,0.0,0,0,0.0,0.0,0.0,0,1,1,1,0.0,1,0,1,0.0,0.0,0.0,1,0,0,1,1,1,0.0,0.0,0.0,0.0,0.0,1,0,0,0.0,1,0,0.0,0.0,1,0,0,0.0,inward,MAPB
75,0.0,0,0,0.0,0,0,0.0,0.0,0.0,0.0,1,1,0,1,0.0,0.0,0,0,0,1,0.0,0.0,0,0.0,0.0,0.0,0,0,0.0,0.0,0.0,0,1,1,1,0.0,1,1,0,0.0,0.0,0.0,1,0,1,1,0,0,0.0,0.0,0.0,0.0,0.0,1,0,0,0.0,1,0,0.0,0.0,1,0,0,0.0,inward,MAPB
76,0.0,0,0,0.0,0,0,0.0,0.0,0.0,0.0,1,1,0,1,0.0,0.0,0,0,0,1,0.0,0.0,0,0.0,0.0,0.0,0,0,0.0,0.0,0.0,0,1,1,1,0.0,1,0,0,0.0,0.0,0.0,1,0,1,1,1,0,0.0,0.0,0.0,0.0,0.0,1,0,0,0.0,1,0,0.0,0.0,0,0,0,0.0,inward,MAPB
77,0.0,0,0,0.0,0,0,0.0,0.0,0.0,0.0,1,1,1,1,0.0,0.0,0,0,1,0,0.0,0.0,0,0.0,0.0,0.0,0,0,0.0,0.0,0.0,0,1,1,1,0.0,1,0,0,0.0,0.0,0.0,1,0,1,0,0,0,0.0,0.0,0.0,0.0,0.0,1,0,0,0.0,1,0,0.0,0.0,1,0,0,0.0,inward,MAPB
78,0.0,0,0,0.0,0,0,0.0,0.0,0.0,0.0,1,1,0,1,0.0,0.0,0,0,0,1,0.0,0.0,0,0.0,0.0,0.0,0,0,0.0,0.0,0.0,0,1,1,1,0.0,1,1,0,0.0,0.0,0.0,1,0,1,1,1,1,0.0,0.0,0.0,0.0,0.0,1,0,1,0.0,1,0,0.0,0.0,1,1,0,0.0,inward,MAPB
79,0.0,0,0,0.0,0,0,0.0,0.0,0.0,0.0,1,1,0,1,0.0,0.0,0,0,0,0,0.0,0.0,0,0.0,0.0,0.0,0,0,0.0,0.0,0.0,0,1,1,1,0.0,1,0,0,0.0,0.0,0.0,1,0,0,1,0,0,0.0,0.0,0.0,0.0,0.0,1,0,0,0.0,1,1,0.0,0.0,0,0,0,0.0,inward,MAPB
80,0.0,0,0,0.0,0,0,0.0,0.0,0.0,0.0,1,1,0,1,0.0,0.0,0,0,0,0,0.0,0.0,0,0.0,0.0,0.0,0,0,0.0,0.0,0.0,0,1,1,1,0.0,1,0,1,0.0,0.0,0.0,1,0,1,1,0,0,0.0,0.0,0.0,0.0,0.0,1,0,0,0.0,1,0,0.0,0.0,1,0,0,0.0,inward,MAPB
81,0.0,0,0,0.0,0,0,0.0,0.0,0.0,0.0,1,0,0,1,0.0,0.0,0,0,0,0,0.0,0.0,0,0.0,0.0,0.0,0,0,0.0,0.0,0.0,0,0,1,0,0.0,1,0,0,0.0,0.0,0.0,1,0,1,1,1,0,0.0,0.0,0.0,0.0,0.0,1,0,0,0.0,1,0,0.0,0.0,0,0,0,0.0,inward,MAPB
82,0.0,0,0,0.0,0,0,0.0,0.0,0.0,0.0,1,1,0,1,0.0,0.0,1,0,0,0,0.0,0.0,0,0.0,0.0,0.0,0,0,0.0,0.0,0.0,0,1,1,1,0.0,1,0,0,0.0,0.0,0.0,1,0,1,1,1,0,0.0,0.0,0.0,0.0,0.0,1,0,0,0.0,1,0,0.0,0.0,0,0,0,0.0,inward,MAPB
83,0.0,0,0,0.0,0,0,0.0,0.0,0.0,0.0,1,1,0,1,0.0,0.0,0,0,0,1,0.0,0.0,1,0.0,0.0,0.0,0,0,0.0,0.0,0.0,0,1,1,1,0.0,1,0,0,0.0,0.0,0.0,1,0,0,1,1,0,0.0,0.0,0.0,0.0,0.0,1,0,0,0.0,1,0,0.0,0.0,0,0,0,0.0,inward,MAPB
84,0.0,0,0,0.0,0,0,0.0,0.0,0.0,0.0,1,1,0,1,0.0,0.0,0,0,0,0,0.0,0.0,0,0.0,0.0,0.0,0,0,0.0,0.0,0.0,0,1,1,1,0.0,1,0,0,0.0,0.0,0.0,1,0,1,1,1,0,0.0,0.0,0.0,0.0,0.0,1,0,1,0.0,1,0,0.0,0.0,1,0,0,0.0,inward,MAPB
85,0.0,0,0,0.0,0,0,0.0,0.0,0.0,0.0,1,1,0,1,0.0,0.0,0,0,0,0,0.0,0.0,0,0.0,0.0,0.0,0,0,0.0,0.0,0.0,0,0,1,1,0.0,1,0,1,0.0,0.0,0.0,1,0,1,1,0,1,0.0,0.0,0.0,0.0,0.0,1,0,1,0.0,1,0,0.0,0.0,0,0,0,0.0,inward,MAPB
86,0.0,0,0,0.0,0,0,0.0,0.0,0.0,0.0,1,1,0,1,0.0,0.0,0,1,0,0,0.0,0.0,0,0.0,0.0,0.0,0,0,0.0,0.0,0.0,0,1,1,1,0.0,1,0,0,0.0,0.0,0.0,1,0,1,1,0,0,0.0,0.0,0.0,0.0,0.0,1,0,0,0.0,1,0,0.0,0.0,1,0,0,0.0,inward,MAPB
87,0.0,0,0,0.0,0,0,0.0,0.0,0.0,0.0,1,0,0,1,0.0,0.0,1,0,0,0,0.0,0.0,0,0.0,0.0,0.0,0,0,0.0,0.0,0.0,0,1,1,1,0.0,1,0,1,0.0,0.0,0.0,1,0,1,1,0,0,0.0,0.0,0.0,0.0,0.0,1,0,0,0.0,1,0,0.0,0.0,0,0,0,0.0,inward,MAPB
88,0.0,0,0,0.0,0,0,0.0,0.0,0.0,0.0,1,0,0,1,0.0,0.0,0,0,0,0,0.0,0.0,0,0.0,0.0,0.0,0,0,0.0,0.0,0.0,0,1,1,1,0.0,1,0,0,0.0,0.0,0.0,1,0,1,1,1,0,0.0,0.0,0.0,0.0,0.0,1,0,0,0.0,1,0,0.0,0.0,0,0,0,0.0,inward,MAPB
89,0.0,0,0,0.0,0,0,0.0,0.0,0.0,0.0,1,1,0,1,0.0,0.0,0,0,0,1,0.0,0.0,0,0.0,0.0,0.0,0,0,0.0,0.0,0.0,0,1,1,1,0.0,1,0,1,0.0,0.0,0.0,1,0,1,1,1,0,0.0,0.0,0.0,0.0,0.0,1,0,1,0.0,1,1,0.0,0.0,0,0,0,0.0,inward,MAPB
90,0.0,0,0,0.0,0,0,0.0,0.0,0.0,0.0,1,1,0,1,0.0,0.0,0,0,0,0,0.0,0.0,1,0.0,0.0,0.0,0,0,0.0,0.0,0.0,0,1,1,1,0.0,1,0,1,0.0,0.0,0.0,1,0,1,1,0,1,0.0,0.0,0.0,0.0,0.0,1,0,0,0.0,1,0,0.0,0.0,0,0,0,0.0,inward,MAPB
91,0.0,0,0,0.0,0,0,0.0,0.0,0.0,0.0,1,1,0,1,0.0,0.0,0,0,0,1,0.0,0.0,0,0.0,0.0,0.0,0,0,0.0,0.0,0.0,0,1,1,1,0.0,1,1,1,0.0,0.0,0.0,1,0,1,1,1,0,0.0,0.0,0.0,0.0,0.0,0,0,0,0.0,1,0,0.0,0.0,1,0,0,0.0,inward,MAPB
92,0.0,0,0,0.0,0,0,0.0,0.0,0.0,0.0,1,1,0,1,0.0,0.0,0,0,0,1,0.0,0.0,0,0.0,0.0,0.0,0,0,0.0,0.0,0.0,0,1,1,1,0.0,1,0,0,0.0,0.0,0.0,1,0,1,0,0,0,0.0,0.0,0.0,0.0,0.0,1,0,0,0.0,1,0,0.0,0.0,1,0,0,0.0,inward,MAPB
93,0.0,0,0,0.0,0,0,0.0,0.0,0.0,0.0,1,1,0,1,0.0,0.0,0,0,0,1,0.0,0.0,0,0.0,0.0,0.0,0,0,0.0,0.0,0.0,0,1,1,1,0.0,1,0,0,0.0,0.0,0.0,1,0,1,1,0,1,0.0,0.0,0.0,0.0,0.0,1,0,0,0.0,1,0,0.0,0.0,1,0,0,0.0,inward,MAPB
94,0.0,0,0,0.0,0,0,0.0,0.0,0.0,0.0,1,1,0,1,0.0,0.0,0,0,0,1,0.0,0.0,1,0.0,0.0,0.0,0,0,0.0,0.0,0.0,0,1,1,1,0.0,1,0,1,0.0,0.0,0.0,1,0,1,1,0,1,0.0,0.0,0.0,0.0,0.0,1,0,0,0.0,1,0,0.0,0.0,0,0,0,0.0,inward,MAPB
95,0.0,0,0,0.0,0,0,0.0,0.0,0.0,0.0,1,1,0,1,0.0,0.0,0,0,0,0,0.0,0.0,0,0.0,0.0,0.0,0,0,0.0,0.0,0.0,0,1,1,1,0.0,1,0,1,0.0,0.0,0.0,1,0,1,0,1,0,0.0,0.0,0.0,0.0,0.0,1,0,1,0.0,1,0,0.0,0.0,0,0,0,0.0,inward,MAPB
96,0.0,0,0,0.0,0,0,0.0,0.0,0.0,0.0,1,1,1,1,0.0,0.0,0,0,0,1,0.0,0.0,0,0.0,0.0,0.0,0,0,0.0,0.0,0.0,0,1,1,1,0.0,1,0,1,0.0,0.0,0.0,1,0,1,0,0,0,0.0,0.0,0.0,0.0,0.0,1,0,1,0.0,1,0,0.0,0.0,0,0,0,0.0,inward,MAPB
97,0.0,0,0,0.0,0,0,0.0,0.0,0.0,0.0,1,1,0,1,0.0,0.0,0,0,0,1,0.0,0.0,1,0.0,0.0,0.0,0,0,0.0,0.0,0.0,0,1,1,1,0.0,1,0,1,0.0,0.0,0.0,1,0,0,1,1,0,0.0,0.0,0.0,0.0,0.0,1,0,1,0.0,1,0,0.0,0.0,1,0,0,0.0,inward,MAPB
98,0.0,0,0,0.0,0,0,0.0,0.0,0.0,0.0,1,1,0,1,0.0,0.0,0,0,0,0,0.0,0.0,0,0.0,0.0,0.0,0,0,0.0,0.0,0.0,0,1,1,1,0.0,1,0,1,0.0,0.0,0.0,1,0,1,0,1,0,0.0,0.0,0.0,0.0,0.0,1,0,0,0.0,1,0,0.0,0.0,0,0,0,0.0,inward,MAPB
99,0.0,0,0,0.0,0,0,0.0,0.0,0.0,0.0,1,1,0,1,0.0,0.0,0,0,0,0,0.0,0.0,0,0.0,0.0,0.0,0,0,0.0,0.0,0.0,0,1,1,1,0.0,1,0,1,0.0,0.0,0.0,1,0,1,1,1,1,0.0,0.0,0.0,0.0,0.0,1,0,0,0.0,0,0,0.0,0.0,0,0,0,0.0,inward,MAPB
100,0.0,0,0,0.0,0,0,0.0,0.0,0.0,0.0,1,1,0,1,0.0,0.0,0,0,0,0,0.0,0.0,0,0.0,0.0,0.0,0,0,0.0,0.0,0.0,0,1,1,1,0.0,1,0,0,0.0,0.0,0.0,1,0,0,1,0,1,0.0,0.0,0.0,0.0,0.0,1,0,1,0.0,1,0,0.0,0.0,0,0,0,0.0,inward,MAPB
101,0.0,0,0,0.0,0,0,0.0,0.0,0.0,0.0,1,1,0,1,0.0,0.0,0,0,0,1,0.0,0.0,0,0.0,0.0,0.0,0,0,0.0,0.0,0.0,0,1,1,1,0.0,1,0,1,0.0,0.0,0.0,1,0,1,1,1,0,0.0,0.0,0.0,0.0,0.0,1,0,0,0.0,1,0,0.0,0.0,0,0,0,0.0,inward,MAPB
102,0.0,0,0,0.0,0,0,0.0,0.0,0.0,0.0,1,1,0,1,0.0,0.0,0,0,0,1,0.0,0.0,0,0.0,0.0,0.0,0,0,0.0,0.0,0.0,0,1,1,1,0.0,1,0,1,0.0,0.0,0.0,1,0,0,1,1,1,0.0,0.0,0.0,0.0,0.0,1,0,1,0.0,1,1,0.0,0.0,0,0,0,0.0,inward,MAPB
103,0.0,0,0,0.0,0,0,0.0,0.0,0.0,0.0,1,1,0,1,0.0,0.0,1,0,0,0,0.0,0.0,0,0.0,0.0,0.0,0,0,0.0,0.0,0.0,0,1,1,1,0.0,1,0,0,0.0,0.0,0.0,1,0,1,1,0,0,0.0,0.0,0.0,0.0,0.0,1,0,1,0.0,1,0,0.0,0.0,0,0,0,0.0,inward,MAPB
104,0.0,0,0,0.0,0,0,0.0,0.0,0.0,0.0,1,1,0,1,0.0,0.0,0,0,0,1,0.0,0.0,0,0.0,0.0,0.0,0,0,0.0,0.0,0.0,0,1,1,1,0.0,1,0,0,0.0,0.0,0.0,1,0,0,0,0,1,0.0,0.0,0.0,0.0,0.0,1,0,1,0.0,1,0,0.0,0.0,0,0,0,0.0,inward,MAPB
105,0.0,0,0,0.0,0,0,0.0,0.0,0.0,0.0,1,1,0,1,0.0,0.0,1,0,0,1,0.0,0.0,0,0.0,0.0,0.0,0,0,0.0,0.0,0.0,0,1,1,1,0.0,1,0,1,0.0,0.0,0.0,1,0,1,1,0,1,0.0,0.0,0.0,0.0,0.0,1,0,1,0.0,1,0,0.0,0.0,0,0,0,0.0,inward,MAPB
106,0.0,0,0,0.0,0,0,0.0,0.0,0.0,0.0,1,1,0,1,0.0,0.0,1,0,0,0,0.0,0.0,0,0.0,0.0,0.0,0,0,0.0,0.0,0.0,0,1,1,1,0.0,1,0,0,0.0,0.0,0.0,1,0,1,1,1,1,0.0,0.0,0.0,0.0,0.0,1,0,0,0.0,1,1,0.0,0.0,0,0,0,0.0,inward,MAPB
107,0.0,0,0,0.0,0,0,0.0,0.0,0.0,0.0,1,1,0,1,0.0,0.0,1,0,0,0,0.0,0.0,0,0.0,0.0,0.0,0,0,0.0,0.0,0.0,0,1,1,1,0.0,1,0,1,0.0,0.0,0.0,1,0,1,1,1,1,0.0,0.0,0.0,0.0,0.0,1,1,0,0.0,1,1,0.0,0.0,0,0,0,0.0,inward,MAPB
108,0.0,0,0,0.0,0,0,0.0,0.0,0.0,0.0,1,1,0,1,0.0,0.0,1,1,0,0,0.0,0.0,0,0.0,0.0,0.0,0,0,0.0,0.0,0.0,0,1,1,1,0.0,1,0,1,0.0,0.0,0.0,1,0,0,0,0,1,0.0,0.0,0.0,0.0,0.0,1,1,1,0.0,1,1,0.0,0.0,0,0,0,0.0,inward,MAPB
109,0.0,0,0,0.0,1,0,0.0,0.0,0.0,0.0,1,1,0,1,0.0,0.0,1,1,0,1,0.0,0.0,0,0.0,0.0,0.0,0,0,0.0,0.0,0.0,0,1,1,1,0.0,1,0,1,0.0,0.0,0.0,1,0,1,1,1,0,0.0,0.0,0.0,0.0,0.0,1,0,1,0.0,1,0,0.0,0.0,0,0,0,0.0,inward,MAPB
110,0.0,0,0,0.0,0,0,0.0,0.0,0.0,0.0,1,1,0,1,0.0,0.0,0,1,0,0,0.0,0.0,0,0.0,0.0,0.0,0,0,0.0,0.0,0.0,0,1,1,1,0.0,1,0,0,0.0,0.0,0.0,1,0,1,1,1,1,0.0,0.0,0.0,0.0,0.0,1,0,1,0.0,1,1,0.0,0.0,1,0,0,0.0,inward,MAPB
111,0.0,0,0,0.0,0,0,0.0,0.0,0.0,0.0,1,1,0,1,0.0,0.0,0,0,0,0,0.0,0.0,0,0.0,0.0,0.0,0,0,0.0,0.0,0.0,0,1,1,1,0.0,1,0,1,0.0,0.0,0.0,1,0,1,1,1,1,0.0,0.0,0.0,0.0,0.0,1,0,1,0.0,1,0,0.0,0.0,0,0,0,0.0,inward,MAPB
112,0.0,0,0,0.0,0,0,0.0,0.0,0.0,0.0,1,1,0,1,0.0,0.0,1,0,0,0,0.0,0.0,0,0.0,0.0,0.0,0,0,0.0,0.0,0.0,0,1,1,1,0.0,1,0,0,0.0,0.0,0.0,1,0,1,1,1,0,0.0,0.0,0.0,0.0,0.0,1,0,1,0.0,1,0,0.0,0.0,1,0,0,0.0,inward,MAPB
113,0.0,0,0,0.0,0,0,0.0,0.0,0.0,0.0,1,1,1,1,0.0,0.0,0,0,0,0,0.0,0.0,0,0.0,0.0,0.0,0,0,0.0,0.0,0.0,0,1,1,1,0.0,1,1,0,0.0,0.0,0.0,1,0,1,1,0,0,0.0,0.0,0.0,0.0,0.0,1,0,1,0.0,1,1,0.0,0.0,0,0,0,0.0,inward,MAPB
114,0.0,0,0,0.0,0,0,0.0,0.0,0.0,0.0,1,1,0,1,0.0,0.0,0,1,0,0,0.0,0.0,1,0.0,0.0,0.0,0,0,0.0,0.0,0.0,0,1,1,1,0.0,1,0,1,0.0,0.0,0.0,1,0,0,1,1,0,0.0,0.0,0.0,0.0,0.0,1,0,1,0.0,1,1,0.0,0.0,0,0,0,0.0,inward,MAPB
115,0.0,0,0,0.0,0,0,0.0,0.0,0.0,0.0,1,1,0,1,0.0,0.0,0,0,0,1,0.0,0.0,0,0.0,0.0,0.0,0,0,0.0,0.0,0.0,0,1,1,1,0.0,1,0,0,0.0,0.0,0.0,1,0,1,1,1,0,0.0,0.0,0.0,0.0,0.0,1,0,1,0.0,1,0,0.0,0.0,1,0,0,0.0,inward,MAPB
116,0.0,0,0,0.0,0,0,0.0,0.0,0.0,0.0,1,1,1,1,0.0,0.0,1,0,0,1,0.0,0.0,0,0.0,0.0,0.0,0,0,0.0,0.0,0.0,1,1,0,1,0.0,1,0,1,0.0,0.0,0.0,1,0,1,1,1,0,0.0,0.0,0.0,0.0,0.0,1,0,1,0.0,1,1,0.0,0.0,0,0,0,0.0,inward,MAPB
117,0.0,0,0,0.0,0,0,0.0,0.0,0.0,0.0,1,1,1,1,0.0,0.0,0,0,0,0,0.0,0.0,0,0.0,0.0,0.0,0,0,0.0,0.0,0.0,0,1,0,1,0.0,1,0,0,0.0,0.0,0.0,1,0,1,1,1,0,0.0,0.0,0.0,0.0,0.0,1,0,1,0.0,1,0,0.0,0.0,0,0,0,0.0,inward,MAPB
118,0.0,0,0,0.0,0,0,0.0,0.0,0.0,0.0,1,1,0,1,0.0,0.0,0,0,0,0,0.0,0.0,0,0.0,0.0,0.0,0,0,0.0,0.0,0.0,0,1,1,1,0.0,1,0,1,0.0,0.0,0.0,1,0,1,1,0,0,0.0,0.0,0.0,0.0,0.0,1,0,0,0.0,1,1,0.0,0.0,0,0,0,0.0,inward,MAPB
119,0.0,0,0,0.0,0,0,0.0,0.0,0.0,0.0,1,1,1,1,0.0,0.0,0,0,0,0,0.0,0.0,0,0.0,0.0,0.0,0,0,0.0,0.0,0.0,0,1,1,1,0.0,1,0,0,0.0,0.0,0.0,1,0,1,0,0,0,0.0,0.0,0.0,0.0,0.0,1,0,1,0.0,1,1,0.0,0.0,1,0,0,0.0,inward,MAPB
120,0.0,0,0,0.0,0,1,0.0,0.0,0.0,0.0,1,1,0,1,0.0,0.0,0,0,0,0,0.0,0.0,0,0.0,0.0,0.0,0,0,0.0,0.0,0.0,0,1,1,1,0.0,1,0,1,0.0,0.0,0.0,1,0,1,1,1,0,0.0,0.0,0.0,0.0,0.0,1,0,1,0.0,1,0,0.0,0.0,0,0,0,0.0,inward,MAPB
121,0.0,0,0,0.0,0,0,0.0,0.0,0.0,0.0,1,1,0,1,0.0,0.0,0,0,0,0,0.0,0.0,0,0.0,0.0,0.0,0,0,0.0,0.0,0.0,0,0,1,1,0.0,1,0,1,0.0,0.0,0.0,1,0,0,1,1,1,0.0,0.0,0.0,0.0,0.0,1,0,1,0.0,1,0,0.0,0.0,0,0,0,0.0,inward,MAPB
122,0.0,0,0,0.0,0,0,0.0,0.0,0.0,0.0,1,1,0,1,0.0,0.0,0,0,0,0,0.0,0.0,0,0.0,0.0,0.0,0,0,0.0,0.0,0.0,0,1,1,1,0.0,1,0,1,0.0,0.0,0.0,1,0,1,1,1,0,0.0,0.0,0.0,0.0,0.0,1,0,0,0.0,1,0,0.0,0.0,0,0,0,0.0,inward,MAPB
123,0.0,0,0,0.0,0,0,0.0,0.0,0.0,0.0,1,1,0,1,0.0,0.0,0,0,0,0,0.0,0.0,0,0.0,0.0,0.0,0,0,0.0,0.0,0.0,0,0,1,1,0.0,1,0,1,0.0,0.0,0.0,1,0,1,1,0,1,0.0,0.0,0.0,0.0,0.0,1,0,0,0.0,1,0,0.0,0.0,0,0,0,0.0,inward,MAPB
124,0.0,0,0,0.0,0,0,0.0,0.0,0.0,0.0,1,1,1,1,0.0,0.0,0,0,0,0,0.0,0.0,0,0.0,0.0,0.0,0,0,0.0,0.0,0.0,1,1,1,1,0.0,1,0,0,0.0,0.0,0.0,1,0,1,0,1,1,0.0,0.0,0.0,0.0,0.0,1,0,0,0.0,1,1,0.0,0.0,0,0,0,0.0,inward,MAPB
125,0.0,0,0,0.0,1,0,0.0,0.0,0.0,0.0,1,1,1,1,0.0,0.0,0,0,0,0,0.0,0.0,1,0.0,0.0,0.0,0,0,0.0,0.0,0.0,0,1,1,1,0.0,1,1,0,0.0,0.0,0.0,1,0,1,0,1,1,0.0,0.0,0.0,0.0,0.0,1,0,1,0.0,1,0,0.0,0.0,1,0,0,0.0,inward,MAPB
126,0.0,0,0,0.0,0,0,0.0,0.0,0.0,0.0,1,1,1,1,0.0,0.0,0,0,0,1,0.0,0.0,1,0.0,0.0,0.0,0,0,0.0,0.0,0.0,0,1,1,1,0.0,1,0,0,0.0,0.0,0.0,1,0,1,0,0,0,0.0,0.0,0.0,0.0,0.0,1,0,0,0.0,1,1,0.0,0.0,1,0,0,0.0,inward,MAPB
127,0.0,0,0,0.0,0,0,0.0,0.0,0.0,0.0,1,1,1,1,0.0,0.0,0,0,0,0,0.0,0.0,0,0.0,0.0,0.0,0,0,0.0,0.0,0.0,0,1,1,1,0.0,1,1,0,0.0,0.0,0.0,1,0,0,1,1,0,0.0,0.0,0.0,0.0,0.0,1,0,1,0.0,1,1,0.0,0.0,1,1,0,0.0,inward,MAPB
128,0.0,0,0,0.0,0,0,0.0,0.0,0.0,0.0,1,1,1,1,0.0,0.0,0,0,0,1,0.0,0.0,0,0.0,0.0,0.0,0,0,0.0,0.0,0.0,0,1,1,1,0.0,1,0,0,0.0,0.0,0.0,1,0,1,0,1,1,0.0,0.0,0.0,0.0,0.0,1,0,1,0.0,1,0,0.0,0.0,1,0,0,0.0,inward,MAPB
129,0.0,0,0,0.0,0,0,0.0,0.0,0.0,0.0,1,1,1,1,0.0,0.0,0,0,0,1,0.0,0.0,0,0.0,0.0,0.0,0,0,0.0,0.0,0.0,0,1,1,1,0.0,1,0,1,0.0,0.0,0.0,1,0,1,0,1,0,0.0,0.0,0.0,0.0,0.0,1,0,0,0.0,1,0,0.0,0.0,1,0,0,0.0,inward,MAPB
130,0.0,0,0,0.0,0,0,0.0,0.0,0.0,0.0,1,1,1,1,0.0,0.0,0,0,0,0,0.0,0.0,0,0.0,0.0,0.0,0,0,0.0,0.0,0.0,1,1,1,1,0.0,1,1,1,0.0,0.0,0.0,1,0,1,1,1,0,0.0,0.0,0.0,0.0,0.0,1,0,1,0.0,1,0,0.0,0.0,1,1,0,0.0,inward,MAPB
131,0.0,0,0,0.0,0,0,0.0,0.0,0.0,0.0,1,1,1,1,0.0,0.0,0,0,0,0,0.0,0.0,1,0.0,0.0,0.0,0,0,0.0,0.0,0.0,0,1,1,1,0.0,1,1,0,0.0,0.0,0.0,1,0,1,1,1,0,0.0,0.0,0.0,0.0,0.0,1,0,0,0.0,1,0,0.0,0.0,1,0,0,0.0,inward,MAPB
132,0.0,0,0,0.0,0,0,0.0,0.0,0.0,0.0,1,1,1,1,0.0,0.0,0,0,0,0,0.0,0.0,0,0.0,0.0,0.0,0,0,0.0,0.0,0.0,0,1,0,1,0.0,1,1,0,0.0,0.0,0.0,1,0,1,1,1,0,0.0,0.0,0.0,0.0,0.0,1,0,1,0.0,1,0,0.0,0.0,1,0,0,0.0,inward,MAPB
133,0.0,0,0,0.0,0,0,0.0,0.0,0.0,0.0,1,1,1,1,0.0,0.0,0,1,0,0,0.0,0.0,0,0.0,0.0,0.0,0,0,0.0,0.0,0.0,0,1,1,1,0.0,1,0,0,0.0,0.0,0.0,1,0,1,0,1,0,0.0,0.0,0.0,0.0,0.0,1,0,0,0.0,1,1,0.0,0.0,0,0,0,0.0,inward,MAPB
134,0.0,0,0,0.0,0,0,0.0,0.0,0.0,0.0,1,1,0,1,0.0,0.0,0,1,0,1,0.0,0.0,0,0.0,0.0,0.0,0,0,0.0,0.0,0.0,0,1,1,1,0.0,1,0,1,0.0,0.0,0.0,1,0,0,1,0,0,0.0,0.0,0.0,0.0,0.0,1,0,1,0.0,1,0,0.0,0.0,0,0,0,0.0,inward,MAPB
135,0.0,0,0,0.0,0,0,0.0,0.0,0.0,0.0,1,1,0,1,0.0,0.0,0,0,0,1,0.0,0.0,0,0.0,0.0,0.0,0,0,0.0,0.0,0.0,0,0,1,1,0.0,1,0,0,0.0,0.0,0.0,1,0,1,1,1,0,0.0,0.0,0.0,0.0,0.0,1,0,0,0.0,1,1,0.0,0.0,0,0,0,0.0,inward,MAPB
136,0.0,0,0,0.0,0,0,0.0,0.0,0.0,0.0,1,1,1,1,0.0,0.0,0,1,0,0,0.0,0.0,0,0.0,0.0,0.0,0,0,0.0,0.0,0.0,0,1,1,1,0.0,1,0,1,0.0,0.0,0.0,1,0,1,0,1,0,0.0,0.0,0.0,0.0,0.0,1,0,1,0.0,1,1,0.0,0.0,0,0,0,0.0,inward,MAPB
137,0.0,0,0,0.0,0,0,0.0,0.0,0.0,0.0,1,1,1,1,0.0,0.0,0,0,0,1,0.0,0.0,0,0.0,0.0,0.0,0,0,0.0,0.0,0.0,0,1,0,1,0.0,1,0,0,0.0,0.0,0.0,1,0,1,0,0,1,0.0,0.0,0.0,0.0,0.0,1,1,1,0.0,1,1,0.0,0.0,0,0,0,0.0,inward,MAPB
138,0.0,0,0,0.0,0,0,0.0,0.0,0.0,0.0,1,1,0,1,0.0,0.0,0,0,0,0,0.0,0.0,0,0.0,0.0,0.0,0,0,0.0,0.0,0.0,0,1,1,1,0.0,1,0,0,0.0,0.0,0.0,1,0,1,0,0,0,0.0,0.0,0.0,0.0,0.0,1,0,0,0.0,1,0,0.0,0.0,1,0,0,0.0,inward,MAPB
139,0.0,0,0,0.0,0,0,0.0,0.0,0.0,0.0,1,0,0,1,0.0,0.0,1,0,0,0,0.0,0.0,0,0.0,0.0,0.0,0,0,0.0,0.0,0.0,0,0,1,1,0.0,1,0,0,0.0,0.0,0.0,1,0,1,1,0,1,0.0,0.0,0.0,0.0,0.0,1,0,1,0.0,1,0,0.0,0.0,0,0,0,0.0,inward,MAPB
140,0.0,0,0,0.0,0,0,0.0,0.0,0.0,0.0,1,1,0,1,0.0,0.0,0,0,0,0,0.0,0.0,0,0.0,0.0,0.0,0,0,0.0,0.0,0.0,0,1,1,1,0.0,1,0,0,0.0,0.0,0.0,1,0,1,1,1,0,0.0,0.0,0.0,0.0,0.0,1,0,1,0.0,1,0,0.0,0.0,1,1,0,0.0,inward,MAPB
141,0.0,0,0,0.0,0,0,0.0,0.0,0.0,0.0,1,1,0,1,0.0,0.0,0,0,0,1,0.0,0.0,1,0.0,0.0,0.0,0,0,0.0,0.0,0.0,0,1,1,1,0.0,1,0,0,0.0,0.0,0.0,1,0,1,1,0,1,0.0,0.0,0.0,0.0,0.0,1,0,0,0.0,1,0,0.0,0.0,1,0,0,0.0,inward,MAPB
142,0.0,0,0,0.0,0,0,0.0,0.0,0.0,0.0,1,1,0,1,0.0,0.0,0,0,0,1,0.0,0.0,0,0.0,0.0,0.0,0,0,0.0,0.0,0.0,0,1,1,1,0.0,1,0,0,0.0,0.0,0.0,1,0,1,0,1,0,0.0,0.0,0.0,0.0,0.0,1,0,1,0.0,1,0,0.0,0.0,1,0,0,0.0,inward,MAPB
143,0.0,0,0,0.0,0,0,0.0,0.0,0.0,0.0,1,1,0,1,0.0,0.0,0,0,0,1,0.0,0.0,0,0.0,0.0,0.0,0,0,0.0,0.0,0.0,0,1,1,1,0.0,1,0,1,0.0,0.0,0.0,1,0,1,1,1,1,0.0,0.0,0.0,0.0,0.0,1,0,1,0.0,1,1,0.0,0.0,0,0,0,0.0,inward,MAPB
144,0.0,0,0,0.0,0,0,0.0,0.0,0.0,0.0,1,1,1,1,0.0,0.0,0,1,0,0,0.0,0.0,0,0.0,0.0,0.0,0,0,0.0,0.0,0.0,0,1,1,1,0.0,1,0,1,0.0,0.0,0.0,1,0,1,1,1,0,0.0,0.0,0.0,0.0,0.0,1,1,1,0.0,1,1,0.0,0.0,0,0,0,0.0,inward,MAPB
145,0.0,0,0,0.0,0,0,0.0,0.0,0.0,0.0,1,1,1,1,0.0,0.0,0,0,0,1,0.0,0.0,0,0.0,0.0,0.0,0,0,0.0,0.0,0.0,0,1,1,1,0.0,1,0,1,0.0,0.0,0.0,1,0,0,0,1,0,0.0,0.0,0.0,0.0,0.0,1,0,1,0.0,1,0,0.0,0.0,1,1,0,0.0,inward,MAPB
146,0.0,0,0,0.0,0,0,0.0,0.0,0.0,0.0,1,1,0,1,0.0,0.0,0,0,0,0,0.0,0.0,0,0.0,0.0,0.0,0,0,0.0,0.0,0.0,0,1,0,1,0.0,1,1,0,0.0,0.0,0.0,1,0,0,0,0,0,0.0,0.0,0.0,0.0,0.0,1,0,0,0.0,1,0,0.0,0.0,1,0,0,0.0,inward,MAPB
147,0.0,0,0,0.0,0,0,0.0,0.0,0.0,0.0,1,1,1,1,0.0,0.0,0,0,0,0,0.0,0.0,1,0.0,0.0,0.0,0,0,0.0,0.0,0.0,0,1,1,1,0.0,1,0,0,0.0,0.0,0.0,1,0,1,0,1,1,0.0,0.0,0.0,0.0,0.0,1,0,1,0.0,1,0,0.0,0.0,0,0,0,0.0,inward,MAPB
148,0.0,0,0,0.0,0,0,0.0,0.0,0.0,0.0,1,1,1,1,0.0,0.0,0,0,0,0,0.0,0.0,0,0.0,0.0,0.0,0,0,0.0,0.0,0.0,0,1,1,1,0.0,1,0,1,0.0,0.0,0.0,1,0,1,1,0,1,0.0,0.0,0.0,0.0,0.0,1,1,0,0.0,1,0,0.0,0.0,0,0,0,0.0,inward,MAPB
149,0.0,0,0,0.0,0,0,0.0,0.0,0.0,0.0,1,1,1,1,0.0,0.0,0,1,0,0,0.0,0.0,0,0.0,0.0,0.0,0,0,0.0,0.0,0.0,0,1,1,1,0.0,1,0,0,0.0,0.0,0.0,1,0,1,0,1,0,0.0,0.0,0.0,0.0,0.0,1,0,0,0.0,1,1,0.0,0.0,0,0,0,0.0,inward,MAPB
150,0.0,0,0,0.0,0,0,0.0,0.0,0.0,0.0,1,1,1,1,0.0,0.0,0,0,0,1,0.0,0.0,0,0.0,0.0,0.0,0,0,0.0,0.0,0.0,0,1,1,1,0.0,1,0,0,0.0,0.0,0.0,1,0,1,0,1,1,0.0,0.0,0.0,0.0,0.0,1,0,0,0.0,1,0,0.0,0.0,1,0,0,0.0,inward,MAPB
151,0.0,0,0,0.0,0,0,0.0,0.0,0.0,0.0,1,1,0,1,0.0,0.0,0,1,0,0,0.0,0.0,1,0.0,0.0,0.0,0,0,0.0,0.0,0.0,0,1,1,1,0.0,1,1,0,0.0,0.0,0.0,1,0,0,1,1,1,0.0,0.0,0.0,0.0,0.0,1,0,0,0.0,1,0,0.0,0.0,0,0,0,0.0,inward,MAPB
152,0.0,0,0,0.0,0,0,0.0,0.0,0.0,0.0,1,1,1,1,0.0,0.0,0,0,0,0,0.0,0.0,0,0.0,0.0,0.0,0,0,0.0,0.0,0.0,0,1,1,1,0.0,1,0,0,0.0,0.0,0.0,1,0,1,0,1,1,0.0,0.0,0.0,0.0,0.0,1,0,1,0.0,1,0,0.0,0.0,0,0,0,0.0,inward,MAPB
153,0.0,0,0,0.0,0,0,0.0,0.0,0.0,0.0,1,1,0,1,0.0,0.0,0,1,0,0,0.0,0.0,1,0.0,0.0,0.0,0,0,0.0,0.0,0.0,0,1,1,1,0.0,1,0,1,0.0,0.0,0.0,1,0,1,0,1,1,0.0,0.0,0.0,0.0,0.0,1,0,0,0.0,0,0,0.0,0.0,0,0,0,0.0,inward,MAPB
154,0.0,0,0,0.0,0,0,0.0,0.0,0.0,0.0,1,1,0,1,0.0,0.0,0,1,0,1,0.0,0.0,0,0.0,0.0,0.0,0,0,0.0,0.0,0.0,0,1,1,1,0.0,1,0,1,0.0,0.0,0.0,1,0,1,0,0,0,0.0,0.0,0.0,0.0,0.0,1,1,0,0.0,1,0,0.0,0.0,1,0,0,0.0,inward,MAPB
155,0.0,0,0,0.0,0,0,0.0,0.0,0.0,0.0,1,1,0,1,0.0,0.0,0,1,0,0,0.0,0.0,1,0.0,0.0,0.0,0,0,0.0,0.0,0.0,0,1,1,1,0.0,1,0,0,0.0,0.0,0.0,1,0,1,0,1,0,0.0,0.0,0.0,0.0,0.0,1,1,1,0.0,1,0,0.0,0.0,0,0,0,0.0,inward,MAPB
156,0.0,0,0,0.0,0,0,0.0,0.0,0.0,0.0,1,1,0,1,0.0,0.0,0,0,0,0,0.0,0.0,1,0.0,0.0,0.0,0,0,0.0,0.0,0.0,0,1,1,1,0.0,1,0,0,0.0,0.0,0.0,1,0,1,0,0,0,0.0,0.0,0.0,0.0,0.0,1,0,0,0.0,1,0,0.0,0.0,0,0,0,0.0,inward,MAPB
157,0.0,0,0,0.0,0,0,0.0,0.0,0.0,0.0,1,1,0,1,0.0,0.0,0,1,0,0,0.0,0.0,0,0.0,0.0,0.0,0,0,0.0,0.0,0.0,0,1,1,1,0.0,1,0,0,0.0,0.0,0.0,1,0,0,0,1,1,0.0,0.0,0.0,0.0,0.0,1,1,0,0.0,1,1,0.0,0.0,0,0,0,0.0,inward,MAPB
158,0.0,0,0,0.0,0,0,0.0,0.0,0.0,0.0,1,1,0,1,0.0,0.0,0,1,0,0,0.0,0.0,0,0.0,0.0,0.0,0,0,0.0,0.0,0.0,0,1,1,1,0.0,1,0,1,0.0,0.0,0.0,1,0,0,0,0,1,0.0,0.0,0.0,0.0,0.0,1,0,0,0.0,1,0,0.0,0.0,0,0,0,0.0,inward,MAPB
159,0.0,0,0,0.0,0,0,0.0,0.0,0.0,0.0,1,1,1,1,0.0,0.0,0,1,0,0,0.0,0.0,0,0.0,0.0,0.0,0,0,0.0,0.0,0.0,0,1,1,1,0.0,1,0,1,0.0,0.0,0.0,1,0,1,0,1,1,0.0,0.0,0.0,0.0,0.0,1,0,1,0.0,1,1,0.0,0.0,0,0,0,0.0,inward,MAPB
160,0.0,0,0,0.0,1,0,0.0,0.0,0.0,0.0,1,1,0,1,0.0,0.0,0,0,0,1,0.0,0.0,0,0.0,0.0,0.0,0,0,0.0,0.0,0.0,0,1,1,1,0.0,1,0,0,0.0,0.0,0.0,1,0,1,1,1,0,0.0,0.0,0.0,0.0,0.0,1,0,0,0.0,1,0,0.0,0.0,0,0,0,0.0,inward,MAPB
161,0.0,0,1,0.0,0,0,0.0,0.0,0.0,0.0,1,1,0,1,0.0,0.0,0,0,0,1,0.0,0.0,0,0.0,0.0,0.0,0,0,0.0,0.0,0.0,0,1,1,1,0.0,1,0,0,0.0,0.0,0.0,1,0,1,0,1,1,0.0,0.0,0.0,0.0,0.0,1,1,0,0.0,1,1,0.0,0.0,0,0,0,0.0,inward,MAPB
162,0.0,0,0,0.0,0,0,0.0,0.0,0.0,0.0,1,1,0,1,0.0,0.0,0,0,0,0,0.0,0.0,0,0.0,0.0,0.0,0,0,0.0,0.0,0.0,0,1,1,1,0.0,1,0,0,0.0,0.0,0.0,1,0,1,0,1,0,0.0,0.0,0.0,0.0,0.0,1,0,1,0.0,1,1,0.0,0.0,0,0,0,0.0,inward,MAPB
163,0.0,0,0,0.0,0,0,0.0,0.0,0.0,0.0,1,1,0,1,0.0,0.0,0,0,0,1,0.0,0.0,0,0.0,0.0,0.0,0,0,0.0,0.0,0.0,0,1,1,1,0.0,1,0,0,0.0,0.0,0.0,1,0,1,0,1,0,0.0,0.0,0.0,0.0,0.0,1,1,1,0.0,1,1,0.0,0.0,0,0,0,0.0,inward,MAPB
164,0.0,0,0,0.0,0,0,0.0,0.0,0.0,0.0,1,1,0,1,0.0,0.0,0,0,0,0,0.0,0.0,0,0.0,0.0,0.0,0,0,0.0,0.0,0.0,0,1,1,1,0.0,1,0,1,0.0,0.0,0.0,1,0,1,0,1,0,0.0,0.0,0.0,0.0,0.0,1,0,1,0.0,1,1,0.0,0.0,0,0,0,0.0,inward,MAPB
165,0.0,0,0,0.0,0,0,0.0,0.0,0.0,0.0,1,1,0,1,0.0,0.0,1,0,0,0,0.0,0.0,0,0.0,0.0,0.0,0,0,0.0,0.0,0.0,0,1,1,1,0.0,1,0,1,0.0,0.0,0.0,1,0,1,0,1,0,0.0,0.0,0.0,0.0,0.0,1,1,0,0.0,1,0,0.0,0.0,0,0,0,0.0,inward,MAPB
166,0.0,0,0,0.0,0,0,0.0,0.0,0.0,0.0,1,1,0,1,0.0,0.0,0,1,0,0,0.0,0.0,0,0.0,0.0,0.0,0,0,0.0,0.0,0.0,0,1,1,1,0.0,1,0,0,0.0,0.0,0.0,1,0,1,1,1,1,0.0,0.0,0.0,0.0,0.0,1,0,0,0.0,1,1,0.0,0.0,0,0,0,0.0,inward,MAPB
167,0.0,0,0,0.0,0,0,0.0,0.0,0.0,0.0,1,1,0,1,0.0,0.0,0,0,0,1,0.0,0.0,0,0.0,0.0,0.0,0,0,0.0,0.0,0.0,0,1,1,1,0.0,1,0,0,0.0,0.0,0.0,1,0,1,0,1,1,0.0,0.0,0.0,0.0,0.0,1,1,0,0.0,1,0,0.0,0.0,0,0,0,0.0,inward,MAPB
168,0.0,0,0,0.0,0,0,0.0,0.0,0.0,0.0,1,1,0,1,0.0,0.0,0,1,0,0,0.0,0.0,0,0.0,0.0,0.0,0,0,0.0,0.0,0.0,0,1,1,1,0.0,1,0,0,0.0,0.0,0.0,1,0,1,0,1,0,0.0,0.0,0.0,0.0,0.0,1,0,1,0.0,1,1,0.0,0.0,0,0,0,0.0,inward,MAPB
169,0.0,0,0,0.0,0,0,0.0,0.0,0.0,0.0,1,1,1,1,0.0,0.0,0,1,0,1,0.0,0.0,0,0.0,0.0,0.0,0,0,0.0,0.0,0.0,0,1,1,1,0.0,1,0,0,0.0,0.0,0.0,1,0,0,0,1,0,0.0,0.0,0.0,0.0,0.0,1,0,0,0.0,1,1,0.0,0.0,0,0,0,0.0,inward,MAPB
170,0.0,0,0,0.0,0,0,0.0,0.0,0.0,0.0,1,0,0,1,0.0,0.0,0,1,0,0,0.0,0.0,1,0.0,0.0,0.0,0,0,0.0,0.0,0.0,0,0,1,1,0.0,1,0,0,0.0,0.0,0.0,1,0,1,1,1,0,0.0,0.0,0.0,0.0,0.0,1,0,0,0.0,1,1,0.0,0.0,0,0,0,0.0,inward,MAPB
171,0.0,0,0,0.0,0,0,0.0,0.0,0.0,0.0,1,1,1,1,0.0,0.0,0,0,0,0,0.0,0.0,0,0.0,0.0,0.0,0,0,0.0,0.0,0.0,0,1,1,1,0.0,1,0,1,0.0,0.0,0.0,1,0,0,1,0,0,0.0,0.0,0.0,0.0,0.0,1,0,0,0.0,0,0,0.0,0.0,1,0,0,0.0,inward,MAPB
172,0.0,0,0,0.0,0,0,0.0,0.0,0.0,0.0,1,1,0,1,0.0,0.0,0,0,0,1,0.0,0.0,0,0.0,0.0,0.0,0,0,0.0,0.0,0.0,0,1,1,1,0.0,1,0,0,0.0,0.0,0.0,1,0,0,1,0,1,0.0,0.0,0.0,0.0,0.0,1,0,1,0.0,1,0,0.0,0.0,0,0,0,0.0,inward,MAPB
173,0.0,0,0,0.0,0,0,0.0,0.0,0.0,0.0,1,1,1,1,0.0,0.0,0,1,1,0,0.0,0.0,0,0.0,0.0,0.0,0,0,0.0,0.0,0.0,0,1,1,1,0.0,0,0,0,0.0,0.0,0.0,1,1,1,0,1,0,0.0,0.0,0.0,0.0,0.0,0,0,0,0.0,0,0,0.0,0.0,1,0,0,0.0,inward,MAPB
174,0.0,0,0,0.0,0,0,0.0,0.0,0.0,0.0,1,1,1,1,0.0,0.0,0,0,1,1,0.0,0.0,0,0.0,0.0,0.0,0,0,0.0,0.0,0.0,0,1,1,1,0.0,1,0,0,0.0,0.0,0.0,1,0,1,0,1,0,0.0,0.0,0.0,0.0,0.0,1,0,0,0.0,0,0,0.0,0.0,0,0,0,0.0,inward,MAPB
175,0.0,0,0,0.0,0,0,0.0,0.0,0.0,0.0,1,1,1,1,0.0,0.0,0,1,0,0,0.0,0.0,1,0.0,0.0,0.0,0,0,0.0,0.0,0.0,0,1,1,1,0.0,1,0,1,0.0,0.0,0.0,1,0,1,1,1,1,0.0,0.0,0.0,0.0,0.0,1,0,1,0.0,1,0,0.0,0.0,1,1,0,0.0,inward,MAPB
176,0.0,0,0,0.0,0,0,0.0,0.0,0.0,0.0,1,1,1,1,0.0,0.0,0,1,0,0,0.0,0.0,0,0.0,0.0,0.0,0,0,0.0,0.0,0.0,0,1,1,1,0.0,1,1,0,0.0,0.0,0.0,1,0,1,0,1,1,0.0,0.0,0.0,0.0,0.0,1,0,0,0.0,1,0,0.0,0.0,1,0,0,0.0,inward,MAPB
177,0.0,0,0,0.0,0,0,0.0,0.0,0.0,0.0,1,1,1,1,0.0,0.0,0,0,0,0,0.0,0.0,0,0.0,0.0,0.0,0,0,0.0,0.0,0.0,0,1,1,1,0.0,1,0,0,0.0,0.0,0.0,1,0,1,1,1,1,0.0,0.0,0.0,0.0,0.0,1,0,0,0.0,1,0,0.0,0.0,1,1,0,0.0,inward,MAPB
178,0.0,0,0,0.0,0,0,0.0,0.0,0.0,0.0,1,1,1,1,0.0,0.0,0,1,0,1,0.0,0.0,0,0.0,0.0,0.0,0,0,0.0,0.0,0.0,0,1,1,1,0.0,1,0,1,0.0,0.0,0.0,1,0,1,1,1,0,0.0,0.0,0.0,0.0,0.0,1,0,1,0.0,1,0,0.0,0.0,1,0,0,0.0,inward,MAPB
179,0.0,0,0,0.0,0,0,0.0,0.0,0.0,0.0,1,1,0,1,0.0,0.0,0,0,0,1,0.0,0.0,0,0.0,0.0,0.0,0,0,0.0,0.0,0.0,0,1,1,1,0.0,1,0,0,0.0,0.0,0.0,1,0,1,0,0,1,0.0,0.0,0.0,0.0,0.0,1,0,0,0.0,1,0,0.0,0.0,0,0,0,0.0,inward,MAPB
180,0.0,0,0,0.0,0,0,0.0,0.0,0.0,0.0,1,1,0,1,0.0,0.0,0,0,0,0,0.0,0.0,0,0.0,0.0,0.0,0,0,0.0,0.0,0.0,0,1,1,1,0.0,1,0,1,0.0,0.0,0.0,1,0,1,0,0,1,0.0,0.0,0.0,0.0,0.0,1,0,0,0.0,0,0,0.0,0.0,1,0,0,0.0,inward,MAPB
181,0.0,0,0,0.0,0,0,0.0,0.0,0.0,0.0,1,1,0,1,0.0,0.0,0,1,0,0,0.0,0.0,1,0.0,0.0,0.0,0,0,0.0,0.0,0.0,0,1,1,1,0.0,1,0,1,0.0,0.0,0.0,1,0,1,1,0,0,0.0,0.0,0.0,0.0,0.0,1,0,0,0.0,1,0,0.0,0.0,1,0,0,0.0,inward,MAPB
182,0.0,1,1,0.0,0,0,0.0,0.0,0.0,0.0,1,1,0,1,0.0,0.0,0,0,0,1,0.0,0.0,0,0.0,0.0,0.0,0,0,0.0,0.0,0.0,0,1,1,1,0.0,1,0,0,0.0,0.0,0.0,1,0,1,0,1,1,0.0,0.0,0.0,0.0,0.0,1,0,1,0.0,1,0,0.0,0.0,0,0,0,0.0,inward,MAPB
183,0.0,0,0,0.0,0,0,0.0,0.0,0.0,0.0,1,1,1,1,0.0,0.0,1,0,0,0,0.0,0.0,0,0.0,0.0,0.0,0,0,0.0,0.0,0.0,0,1,1,1,0.0,1,0,0,0.0,0.0,0.0,1,0,0,0,1,0,0.0,0.0,0.0,0.0,0.0,1,0,1,0.0,1,0,0.0,0.0,0,0,0,0.0,inward,MAPB
184,0.0,0,0,0.0,0,0,0.0,0.0,0.0,0.0,1,1,1,1,0.0,0.0,0,0,0,1,0.0,0.0,1,0.0,0.0,0.0,0,0,0.0,0.0,0.0,0,1,1,1,0.0,1,0,0,0.0,0.0,0.0,1,0,1,1,1,0,0.0,0.0,0.0,0.0,0.0,1,0,1,0.0,1,0,0.0,0.0,0,0,0,0.0,inward,MAPB
185,0.0,0,0,0.0,0,0,0.0,0.0,0.0,0.0,1,1,1,1,0.0,0.0,0,0,0,1,0.0,0.0,0,0.0,0.0,0.0,0,0,0.0,0.0,0.0,0,1,1,1,0.0,1,0,0,0.0,0.0,0.0,1,0,1,1,1,1,0.0,0.0,0.0,0.0,0.0,1,0,1,0.0,1,0,0.0,0.0,0,0,0,0.0,inward,MAPB
186,0.0,0,0,0.0,0,0,0.0,0.0,0.0,0.0,1,1,0,1,0.0,0.0,0,1,0,1,0.0,0.0,0,0.0,0.0,0.0,0,0,0.0,0.0,0.0,0,1,1,1,0.0,1,0,0,0.0,0.0,0.0,1,0,1,1,1,0,0.0,0.0,0.0,0.0,0.0,1,0,1,0.0,1,1,0.0,0.0,1,0,0,0.0,inward,MAPB
187,0.0,0,0,0.0,0,0,0.0,0.0,0.0,0.0,1,1,0,1,0.0,0.0,0,0,0,1,0.0,0.0,0,0.0,0.0,0.0,0,0,0.0,0.0,0.0,0,1,1,1,0.0,1,0,0,0.0,0.0,0.0,1,0,1,1,1,1,0.0,0.0,0.0,0.0,0.0,1,0,1,0.0,1,1,0.0,0.0,1,0,0,0.0,inward,MAPB
