ligand,Ligand,Ligand,Ligand,Ligand,Ligand,Ligand,Ligand,Ligand,Ligand,Ligand,Ligand,Ligand,Ligand,Ligand,Ligand,Ligand,Ligand,Ligand,Ligand,Ligand,Ligand,Ligand,Ligand,Ligand,Ligand,Ligand,Ligand,Ligand,Ligand,Ligand,Ligand,Ligand,Ligand,Ligand,Ligand,Ligand,Ligand,Ligand,Ligand,Ligand,Ligand,Ligand,Ligand,Ligand,Ligand,Ligand,Ligand,Ligand
protein,ARG74,ARG74,ARG74,ARG74,ARG92,ARG92,ARG92,ARG92,ASN72,ASN72,ASN72,ASN72,ASN87,ASP73,ASP73,GLU46,GLU46,GLU48,GLU68,GLY47,HIE66,ILE71,ILE71,ILE75,LEU65,LEU65,LEU91,LEU91,LYS88,LYS88,LYS90,LYS90,LYS90,LYS90,LYS90,PRO67,PRO67,PRO93,SER69,THR76,THR76,TYR96,TYR96,TYR96,TYR96,TYR96,VAL89,VAL89
interaction,HBAcceptor,Hydrophobic,PiCation,VdWContact,HBAcceptor,Hydrophobic,PiCation,VdWContact,HBAcceptor,HBDonor,Hydrophobic,VdWContact,VdWContact,HBAcceptor,VdWContact,Hydrophobic,VdWContact,Hydrophobic,VdWContact,VdWContact,VdWContact,Hydrophobic,VdWContact,VdWContact,Hydrophobic,VdWContact,Hydrophobic,VdWContact,Hydrophobic,VdWContact,HBAcceptor,HBDonor,Hydrophobic,PiCation,VdWContact,Hydrophobic,VdWContact,VdWContact,VdWContact,Hydrophobic,VdWContact,HBAcceptor,HBDonor,Hydrophobic,PiStacking,VdWContact,Hydrophobic,VdWContact
Frame,,,,,,,,,,,,,,,,,,,,,,,,,,,,,,,,,,,,,,,,,,,,,,,,
0,0,1,1,1,0,1,0,1,1,0,1,1,0.0,0.0,0.0,0,0,0.0,,0.0,0,0,0,0,1,0,1,0,0.0,0.0,0,1,1,0,1,0,0,,,0,0,0.0,0,1,0,0,1,0
10,0,1,1,1,0,0,0,1,1,0,1,1,0.0,0.0,0.0,0,0,0.0,,0.0,0,0,0,0,0,0,1,1,0.0,0.0,0,1,1,0,1,1,0,,,0,0,0.0,0,1,0,0,0,0
20,0,1,0,0,1,1,1,1,0,0,0,1,0.0,0.0,0.0,0,0,0.0,,0.0,0,0,0,0,0,0,1,0,0.0,0.0,0,0,0,0,1,0,0,,,0,0,0.0,0,1,0,0,1,0
30,1,1,1,1,0,1,0,1,1,0,0,1,0.0,0.0,0.0,0,0,0.0,,0.0,0,0,0,0,0,0,1,0,0.0,0.0,0,1,1,0,1,0,0,,,0,0,0.0,0,0,0,0,1,0
40,1,1,0,1,0,1,1,1,1,0,0,1,0.0,0.0,0.0,0,0,0.0,,0.0,0,0,0,0,0,0,1,0,0.0,0.0,0,1,1,0,1,1,0,,,1,0,0.0,0,1,0,0,1,0
50,0,1,0,1,1,1,1,1,1,0,0,1,0.0,0.0,0.0,0,0,0.0,,0.0,0,0,0,0,1,0,1,1,0.0,0.0,0,1,1,0,1,0,0,,,1,1,0.0,0,1,0,0,1,0
60,0,1,0,1,1,1,0,1,1,0,0,1,0.0,0.0,0.0,1,0,0.0,,0.0,0,0,0,0,0,0,1,1,0.0,0.0,0,1,1,0,1,1,0,,,1,0,0.0,1,1,0,1,1,0
70,1,1,0,1,1,1,0,1,1,0,0,1,0.0,0.0,0.0,1,0,0.0,,0.0,0,0,0,0,0,0,1,0,0.0,0.0,0,1,1,0,1,1,0,,,1,0,0.0,0,1,0,1,0,0
80,0,1,0,1,1,1,0,1,1,0,0,1,0.0,0.0,0.0,0,0,0.0,,0.0,0,0,0,0,1,0,1,1,0.0,0.0,0,1,1,0,1,0,0,,,1,0,0.0,0,1,0,0,0,0
90,0,1,0,1,1,1,0,1,0,0,0,1,0.0,0.0,0.0,0,0,0.0,,0.0,0,0,0,0,1,1,1,1,0.0,0.0,0,1,1,0,1,1,0,,,1,0,0.0,1,1,0,1,0,0
100,0,1,1,0,1,0,0,1,1,0,0,1,0.0,0.0,0.0,0,0,0.0,,0.0,0,0,0,0,0,0,1,1,0.0,0.0,0,1,1,0,1,0,0,,,0,0,0.0,1,1,0,1,0,0
110,0,1,0,0,1,1,0,1,0,0,0,0,0.0,0.0,0.0,0,0,0.0,,0.0,0,0,0,0,0,0,1,0,0.0,0.0,0,1,1,0,1,0,0,,,0,0,0.0,0,1,0,0,1,0
120,0,1,0,1,1,1,0,1,1,0,0,1,0.0,0.0,0.0,0,0,0.0,,0.0,0,0,0,0,0,0,1,1,0.0,0.0,0,1,1,0,1,1,0,,,0,1,0.0,0,1,0,1,0,0
130,0,1,0,1,1,1,0,1,0,0,0,1,0.0,0.0,0.0,1,1,0.0,,0.0,0,0,0,0,1,0,1,0,0.0,0.0,0,1,1,0,1,1,0,,,0,0,0.0,0,1,0,1,0,0
140,0,1,0,1,1,1,0,1,0,0,0,0,0.0,0.0,0.0,1,0,0.0,,0.0,0,0,0,0,1,0,1,0,0.0,0.0,0,1,0,0,1,0,0,,,0,0,0.0,1,1,0,1,0,0
150,0,1,0,0,1,1,0,1,1,0,0,1,0.0,0.0,0.0,0,0,0.0,,0.0,0,0,0,0,0,0,1,1,0.0,0.0,0,1,1,0,1,1,0,,,1,0,0.0,1,1,0,1,1,0
160,0,1,0,0,1,1,0,1,1,0,0,1,0.0,0.0,0.0,1,0,0.0,,0.0,0,0,0,0,0,0,1,1,0.0,0.0,0,1,1,0,1,0,0,,,1,0,0.0,0,1,0,0,0,0
170,0,1,1,0,1,0,0,1,0,0,0,1,0.0,0.0,0.0,0,0,0.0,,0.0,0,0,0,0,1,0,1,1,0.0,0.0,0,0,1,0,1,0,0,,,0,0,0.0,1,1,0,1,1,0
180,0,1,0,1,1,1,0,1,1,0,0,1,0.0,0.0,0.0,0,0,0.0,,0.0,0,0,0,0,1,1,1,0,0.0,0.0,0,1,1,0,1,0,0,,,1,0,0.0,1,1,0,1,0,0
190,1,1,0,1,1,1,0,1,0,0,0,0,0.0,0.0,0.0,0,0,0.0,,0.0,0,0,0,0,1,0,1,1,0.0,0.0,0,1,0,0,1,0,0,,,0,0,0.0,1,1,0,1,1,0
200,0,1,1,1,1,0,0,1,0,0,0,1,0.0,0.0,0.0,0,0,0.0,,0.0,0,0,0,0,1,0,1,1,0.0,0.0,0,0,1,0,0,0,0,,,0,0,0.0,0,1,0,0,0,0
210,0,1,0,1,1,1,0,1,0,0,0,0,0.0,0.0,0.0,0,0,0.0,,0.0,0,0,0,1,1,0,1,1,0.0,0.0,0,0,0,0,1,0,0,,,0,0,0.0,0,1,0,1,1,0
220,0,1,1,1,1,1,0,1,0,0,0,1,0.0,0.0,0.0,0,0,0.0,,0.0,0,0,0,0,1,0,1,0,0.0,0.0,0,0,0,0,0,0,0,,,1,0,0.0,0,1,0,0,1,0
230,0,1,1,1,1,1,0,1,0,0,0,0,0.0,0.0,0.0,0,0,0.0,,0.0,0,0,0,1,0,0,1,1,0.0,0.0,0,0,1,0,1,0,0,,,1,0,0.0,0,1,0,0,0,0
240,0,1,1,0,1,1,0,1,0,0,0,1,0.0,0.0,0.0,0,0,0.0,,0.0,0,0,0,0,1,0,1,0,0.0,0.0,0,0,0,0,0,0,0,,,0,0,0.0,0,1,0,1,0,0
250,0,1,0,1,1,0,0,1,1,0,0,1,0.0,0.0,0.0,0,0,0.0,,0.0,0,0,0,0,1,0,1,1,0.0,0.0,0,1,1,0,1,0,0,,,0,0,0.0,0,1,0,1,1,1
260,0,1,1,1,1,0,0,1,1,0,0,1,0.0,0.0,0.0,0,0,0.0,,0.0,0,0,0,1,1,0,1,0,0.0,0.0,0,0,1,1,1,1,0,,,1,0,0.0,0,1,0,1,1,0
270,0,1,0,1,1,0,0,1,0,0,0,0,0.0,0.0,0.0,0,0,0.0,,0.0,0,0,0,0,1,0,1,0,0.0,0.0,0,0,1,0,1,0,0,,,1,0,0.0,0,1,0,0,1,0
280,0,1,0,1,1,0,0,1,0,0,0,0,0.0,0.0,0.0,0,0,0.0,,0.0,0,0,0,0,1,0,1,0,0.0,0.0,0,0,1,0,0,0,0,,,1,0,0.0,0,1,0,1,1,0
290,1,0,0,1,1,0,0,1,0,0,0,0,0.0,0.0,0.0,0,0,0.0,,0.0,0,0,0,0,1,1,1,1,0.0,0.0,0,1,1,0,1,0,0,,,1,0,0.0,0,1,0,1,1,0
300,1,1,0,1,1,0,0,1,0,0,1,1,0.0,0.0,0.0,0,0,0.0,,0.0,0,0,0,0,1,0,1,0,0.0,0.0,0,1,1,0,1,0,0,,,0,0,0.0,0,1,0,0,1,0
310,0,1,1,1,1,1,0,1,0,0,0,0,0.0,0.0,0.0,0,0,0.0,,0.0,0,0,0,0,0,0,1,0,0.0,0.0,0,1,0,0,1,0,0,,,0,0,0.0,0,1,0,1,1,0
320,0,1,0,1,0,0,0,0,0,0,0,0,0.0,0.0,0.0,0,0,0.0,,0.0,0,0,0,0,1,0,1,0,0.0,0.0,0,1,1,0,1,0,0,,,1,0,0.0,0,1,0,0,1,0
330,1,1,0,1,1,1,0,1,0,0,0,0,0.0,0.0,0.0,0,0,0.0,,0.0,0,0,0,0,1,1,1,1,0.0,0.0,0,1,1,0,1,0,0,,,1,0,0.0,0,1,0,0,1,0
340,1,1,0,1,0,1,0,1,0,0,1,1,0.0,0.0,0.0,0,0,0.0,,0.0,0,0,0,0,1,0,1,1,0.0,0.0,0,1,1,0,1,0,0,,,1,0,0.0,0,1,0,1,0,0
350,1,1,0,1,1,0,0,1,0,0,0,0,0.0,0.0,0.0,0,0,0.0,,0.0,0,0,0,0,1,0,1,1,0.0,0.0,0,1,1,0,1,0,0,,,1,0,0.0,0,1,0,1,0,0
360,1,1,0,1,0,0,0,0,0,0,0,0,0.0,0.0,0.0,0,0,0.0,,0.0,0,0,0,0,1,0,1,0,0.0,0.0,0,0,1,0,1,0,0,,,1,0,0.0,0,1,0,0,1,0
370,0,1,0,1,1,1,0,1,0,0,0,0,0.0,0.0,0.0,0,0,0.0,,0.0,0,0,0,0,0,0,1,1,0.0,0.0,0,1,1,0,1,0,0,,,1,0,0.0,0,1,0,0,0,0
380,0,1,1,1,1,1,1,1,0,0,0,0,0.0,0.0,0.0,1,0,0.0,,0.0,0,0,0,0,0,0,1,1,0.0,0.0,0,1,0,0,1,0,0,,,0,0,0.0,0,0,0,0,1,1
390,1,1,1,1,0,1,1,1,0,0,0,0,0.0,0.0,0.0,0,1,0.0,,0.0,0,0,0,0,1,0,1,0,0.0,0.0,0,1,1,0,1,0,0,,,0,1,0.0,0,0,0,0,1,0
400,0,1,1,1,0,1,1,1,0,0,0,1,0.0,0.0,0.0,1,0,0.0,,0.0,0,0,0,0,0,0,1,0,0.0,0.0,0,1,1,0,1,0,0,,,0,0,0.0,0,1,0,1,1,0
410,0,1,0,1,0,1,1,1,1,0,0,1,0.0,0.0,0.0,0,0,0.0,,0.0,0,0,0,0,0,0,1,0,0.0,0.0,0,1,1,0,1,0,0,,,1,0,0.0,0,1,0,0,1,0
420,0,1,0,1,1,0,0,1,1,0,0,1,0.0,0.0,0.0,0,0,0.0,,0.0,0,0,0,0,1,0,1,0,0.0,0.0,0,0,1,0,1,0,0,,,0,0,0.0,0,1,0,1,1,0
430,0,1,0,1,0,1,0,1,1,0,0,1,0.0,0.0,0.0,0,0,0.0,,0.0,0,0,0,0,0,0,1,0,0.0,0.0,0,1,0,0,1,0,0,,,0,0,0.0,0,1,0,1,0,0
440,0,1,0,0,0,0,0,0,0,0,0,1,0.0,0.0,0.0,0,0,0.0,,0.0,0,0,0,0,1,0,1,0,0.0,0.0,0,1,1,0,1,0,0,,,1,0,0.0,0,1,0,0,1,0
450,0,1,0,1,1,0,0,1,1,0,0,1,0.0,0.0,0.0,0,0,0.0,,0.0,0,0,0,0,0,0,1,1,0.0,0.0,0,0,1,0,1,0,0,,,0,0,0.0,0,1,0,0,1,1
460,0,1,0,0,1,1,0,1,1,0,0,1,0.0,0.0,0.0,1,0,0.0,,0.0,0,0,0,0,1,0,1,1,0.0,0.0,0,0,1,0,1,1,1,,,1,0,0.0,0,1,0,0,0,0
470,0,1,1,1,1,1,0,1,1,0,0,1,0.0,0.0,0.0,0,0,0.0,,0.0,0,0,0,0,0,0,1,1,0.0,0.0,0,1,1,0,1,0,0,,,1,0,0.0,0,0,0,0,1,0
480,0,1,0,1,0,0,0,1,1,0,0,1,0.0,0.0,0.0,0,0,0.0,,0.0,0,0,0,1,1,0,1,0,0.0,0.0,0,1,1,0,1,0,0,,,1,0,0.0,0,1,0,0,0,0
490,0,1,1,0,0,1,0,1,1,0,0,1,0.0,0.0,0.0,1,0,0.0,,0.0,0,0,0,0,0,0,0,0,0.0,0.0,0,1,1,0,1,0,0,,,0,0,0.0,0,1,0,0,1,0
500,0,1,0,1,1,0,0,1,0,0,0,1,0.0,0.0,0.0,0,0,0.0,,0.0,0,0,0,0,1,0,1,0,0.0,0.0,0,0,1,0,1,0,0,,,1,1,0.0,0,1,0,0,1,0
510,0,1,0,0,0,1,0,1,0,0,0,1,0.0,0.0,0.0,1,1,0.0,,0.0,0,0,0,0,1,0,1,1,0.0,0.0,0,0,1,0,1,1,0,,,1,1,0.0,0,1,0,0,0,0
520,0,1,0,0,0,1,0,1,1,0,0,1,0.0,0.0,0.0,1,0,0.0,,0.0,0,0,0,0,1,0,1,1,0.0,0.0,0,0,1,0,1,1,1,,,1,1,0.0,0,1,1,0,1,0
530,0,1,0,1,1,1,0,1,1,0,0,1,0.0,0.0,0.0,1,0,0.0,,0.0,0,0,0,0,0,0,1,0,0.0,0.0,0,0,1,0,0,1,0,,,1,0,0.0,0,1,0,1,0,0
540,0,1,0,1,1,0,0,1,1,0,0,1,0.0,0.0,0.0,1,1,0.0,,0.0,0,0,0,0,1,0,1,1,0.0,0.0,0,0,1,0,1,0,0,,,1,0,0.0,0,1,0,0,1,0
550,0,1,0,0,1,1,0,1,1,0,0,1,0.0,0.0,0.0,1,1,0.0,,0.0,0,0,0,0,0,0,1,1,0.0,0.0,0,0,1,0,1,1,1,,,1,0,0.0,0,1,0,0,1,0
560,0,1,0,1,1,1,0,1,1,0,0,1,0.0,0.0,0.0,1,0,0.0,,0.0,0,0,0,0,1,0,1,0,0.0,0.0,0,0,1,0,1,1,1,,,1,0,0.0,0,1,0,1,1,0
570,0,1,1,0,1,0,0,1,1,0,0,1,0.0,0.0,0.0,1,1,0.0,,0.0,0,0,0,1,0,0,1,1,0.0,0.0,0,0,1,0,0,1,0,,,1,0,0.0,0,1,0,1,1,0
580,0,1,1,1,1,0,0,1,1,0,0,1,0.0,0.0,0.0,0,0,0.0,,0.0,0,0,0,0,1,0,1,1,0.0,0.0,0,1,1,0,1,1,1,,,1,0,0.0,0,1,0,1,1,1
590,0,1,0,1,0,1,0,0,0,0,0,1,0.0,0.0,0.0,0,0,0.0,,0.0,0,0,0,0,1,1,1,0,0.0,0.0,0,1,1,0,1,0,0,,,1,0,0.0,0,1,0,1,1,1
600,0,1,0,1,1,0,1,1,0,0,0,1,0.0,0.0,0.0,0,0,0.0,,0.0,0,0,0,0,1,0,1,0,0.0,0.0,0,1,1,0,1,0,0,,,1,1,0.0,1,1,0,1,1,0
610,0,1,1,1,1,0,0,1,0,0,0,1,0.0,0.0,0.0,0,0,0.0,,0.0,0,0,0,0,0,0,1,1,0.0,0.0,0,0,1,0,1,0,0,,,1,0,0.0,0,1,0,1,1,0
620,0,1,0,1,1,1,0,1,1,0,0,1,0.0,0.0,0.0,0,0,0.0,,0.0,0,0,0,0,0,0,1,0,0.0,0.0,0,0,0,0,1,1,0,,,1,0,0.0,0,1,0,1,1,0
630,0,1,1,1,1,1,0,1,1,0,0,1,0.0,0.0,0.0,0,0,0.0,,0.0,0,0,0,0,1,0,1,0,0.0,0.0,0,0,1,0,0,0,0,,,0,0,0.0,0,1,0,1,0,0
640,0,1,1,1,0,1,0,1,1,0,0,1,0.0,0.0,0.0,1,0,0.0,,0.0,0,0,0,0,1,0,1,1,0.0,0.0,0,1,1,0,1,0,0,,,1,0,0.0,0,1,1,0,1,0
650,0,1,1,1,0,0,0,1,1,0,0,1,0.0,0.0,0.0,1,0,0.0,,0.0,0,0,0,0,0,0,1,1,0.0,0.0,0,1,1,0,1,0,0,,,1,1,0.0,0,1,0,0,1,0
660,0,1,0,1,0,1,0,1,1,0,0,1,0.0,0.0,0.0,1,0,0.0,,0.0,0,0,0,0,1,1,1,0,0.0,0.0,0,0,1,0,1,1,0,,,1,0,0.0,0,1,0,0,1,0
670,0,1,0,1,1,1,0,1,1,0,0,1,0.0,0.0,0.0,0,0,0.0,,0.0,0,0,0,0,0,0,1,0,0.0,0.0,0,1,1,0,1,0,0,,,1,0,0.0,0,1,0,1,0,0
680,0,1,0,1,1,1,0,1,1,0,0,1,0.0,0.0,0.0,0,0,0.0,,0.0,0,0,0,1,0,0,1,1,0.0,0.0,0,0,1,0,1,0,0,,,1,0,0.0,0,1,0,0,0,0
690,0,1,0,0,1,0,0,1,1,0,0,1,0.0,0.0,0.0,0,0,0.0,,0.0,0,0,0,0,0,0,1,0,0.0,0.0,0,0,0,0,0,0,0,,,1,0,0.0,0,1,0,0,0,0
700,0,1,0,0,1,1,0,1,1,0,0,1,0.0,0.0,0.0,1,0,0.0,,0.0,0,0,0,0,1,1,1,1,0.0,0.0,0,0,1,0,1,1,1,,,1,0,0.0,0,1,0,0,1,0
710,0,1,0,1,0,0,1,1,1,0,0,1,0.0,0.0,0.0,1,0,0.0,,1.0,0,0,0,0,1,0,1,1,0.0,0.0,0,0,1,0,1,1,0,,,0,0,0.0,0,1,0,1,1,0
720,0,1,0,1,1,1,1,1,1,0,0,1,0.0,0.0,0.0,1,1,0.0,,0.0,0,0,0,0,1,1,1,1,0.0,0.0,0,0,1,0,1,1,1,,,0,0,0.0,0,1,1,1,1,0
730,0,1,0,1,1,1,1,1,1,0,0,1,0.0,0.0,0.0,1,0,0.0,,0.0,0,0,0,0,1,0,1,1,0.0,0.0,0,0,1,0,0,1,0,,,1,0,0.0,0,1,0,0,0,0
740,0,1,0,0,1,1,0,1,1,0,0,1,0.0,0.0,0.0,1,0,0.0,,0.0,0,0,0,0,0,0,1,1,0.0,0.0,0,0,1,0,0,1,0,,,0,0,0.0,0,1,0,1,1,0
750,0,1,0,1,1,1,0,1,0,0,1,0,0.0,0.0,0.0,1,0,0.0,,0.0,0,0,0,1,0,0,1,1,0.0,0.0,0,0,1,0,0,1,1,,,0,1,0.0,0,1,0,0,1,0
760,0,1,0,1,1,1,1,1,1,0,0,1,0.0,0.0,0.0,1,0,0.0,,0.0,0,0,0,1,1,0,1,1,0.0,0.0,0,0,1,0,1,1,0,,,1,1,0.0,0,1,0,1,1,0
770,0,1,0,1,1,1,1,1,1,0,0,1,0.0,0.0,0.0,1,0,0.0,,0.0,0,0,0,0,1,0,1,1,0.0,0.0,0,0,1,0,1,1,1,,,0,0,0.0,0,1,1,1,0,0
780,0,1,0,1,1,1,0,1,0,0,0,0,0.0,0.0,0.0,1,0,0.0,,0.0,0,0,0,1,1,1,1,1,0.0,0.0,0,0,1,0,1,0,1,,,0,0,0.0,0,1,1,0,0,0
790,0,1,0,1,1,0,1,1,1,0,0,1,0.0,0.0,0.0,1,1,0.0,,0.0,0,0,0,1,1,0,1,1,0.0,0.0,0,0,1,0,1,0,0,,,1,0,0.0,0,1,0,1,1,0
800,0,1,0,1,1,0,0,1,0,0,0,1,0.0,0.0,0.0,0,0,0.0,,0.0,0,0,0,0,1,0,1,1,0.0,0.0,0,0,1,0,1,0,0,,,0,0,0.0,0,1,0,1,1,0
810,0,1,0,1,1,0,0,1,0,0,0,1,0.0,0.0,0.0,0,0,0.0,,0.0,0,0,0,0,1,0,1,0,0.0,0.0,0,1,1,0,1,0,0,,,0,0,0.0,0,1,0,0,1,0
820,0,1,0,1,0,1,0,1,1,0,0,1,0.0,0.0,0.0,0,0,0.0,,0.0,0,0,0,0,0,0,1,1,0.0,0.0,0,0,1,0,1,0,0,,,1,0,0.0,0,1,0,1,1,0
830,0,1,0,0,1,0,0,1,0,0,0,0,0.0,0.0,0.0,0,0,0.0,,0.0,0,0,0,0,0,0,1,1,0.0,0.0,0,1,1,0,1,0,0,,,0,0,0.0,0,1,0,1,0,0
840,0,1,0,1,0,1,0,1,1,0,0,1,0.0,0.0,0.0,0,0,0.0,,0.0,0,0,0,0,1,0,1,0,0.0,0.0,0,0,1,0,1,1,0,,,0,0,0.0,0,0,0,0,0,0
850,0,1,0,1,0,1,1,1,1,0,0,1,0.0,0.0,0.0,0,0,0.0,,0.0,0,0,0,0,1,0,1,1,0.0,0.0,0,1,1,0,1,0,0,,,1,1,0.0,0,0,0,0,1,0
860,0,1,0,1,0,1,0,0,1,0,0,1,0.0,0.0,0.0,0,1,0.0,,0.0,0,0,0,0,1,0,1,1,0.0,0.0,0,1,1,0,1,0,0,,,1,0,0.0,0,1,0,0,1,0
870,0,1,0,1,0,0,0,0,0,0,0,0,0.0,0.0,0.0,0,0,0.0,,0.0,0,0,0,0,0,0,0,0,0.0,0.0,0,1,1,0,1,0,0,,,0,0,0.0,0,0,0,0,1,0
880,0,1,0,1,0,1,0,1,1,0,0,1,0.0,0.0,0.0,0,0,0.0,,0.0,0,0,0,1,0,0,1,1,0.0,0.0,0,1,1,0,1,0,0,,,0,1,0.0,0,0,0,0,1,1
890,0,1,0,0,1,0,0,1,0,0,0,1,0.0,0.0,0.0,0,0,0.0,,0.0,0,0,0,0,1,0,1,1,0.0,0.0,0,0,1,0,1,1,0,,,0,0,0.0,0,1,0,1,1,0
900,0,1,0,1,1,0,0,1,1,0,0,1,0.0,0.0,0.0,0,0,0.0,,0.0,0,0,0,0,0,0,1,0,0.0,0.0,0,0,1,0,1,1,0,,,0,0,0.0,0,1,0,0,1,0
910,0,1,0,1,1,1,0,1,0,0,0,1,0.0,0.0,0.0,0,0,0.0,,0.0,0,0,0,0,0,0,1,1,0.0,0.0,0,1,1,0,1,0,0,,,1,0,0.0,0,1,0,1,1,1
920,0,1,0,1,1,0,0,1,0,0,0,1,0.0,0.0,0.0,0,0,0.0,,0.0,0,0,0,1,1,1,1,0,0.0,0.0,0,0,1,0,0,0,0,,,1,0,0.0,0,1,0,0,1,0
930,0,1,0,1,1,1,0,1,0,0,0,1,0.0,0.0,0.0,0,0,0.0,,0.0,0,0,0,0,1,1,1,1,0.0,0.0,0,0,1,0,1,0,0,,,0,0,0.0,0,1,0,0,1,0
940,0,1,1,0,1,0,0,1,1,0,0,1,0.0,0.0,0.0,0,0,0.0,,0.0,0,0,0,0,1,0,1,0,0.0,0.0,0,0,0,0,1,1,0,,,1,0,0.0,0,1,0,1,1,1
950,0,1,0,1,1,0,0,1,0,0,0,1,0.0,0.0,0.0,0,0,0.0,,0.0,0,0,0,0,0,0,1,1,0.0,0.0,0,0,1,0,1,0,0,,,1,0,0.0,0,0,0,0,1,0
960,0,1,1,1,1,0,0,1,0,0,0,0,0.0,0.0,0.0,0,0,0.0,,0.0,0,0,0,0,0,0,1,0,0.0,0.0,0,0,0,0,0,0,0,,,1,0,0.0,0,1,0,1,0,0
970,0,1,1,1,1,1,0,1,0,0,0,1,0.0,0.0,0.0,0,0,0.0,,0.0,0,0,0,0,1,0,1,1,0.0,0.0,0,0,0,0,0,0,0,,,1,0,0.0,0,1,0,0,0,0
980,0,1,0,0,1,1,0,1,0,0,0,1,0.0,0.0,0.0,0,0,0.0,,0.0,0,0,0,0,0,0,1,0,0.0,0.0,0,0,0,0,0,0,0,,,1,0,0.0,0,1,0,0,0,0
990,0,1,0,1,1,1,0,1,0,0,0,1,0.0,0.0,0.0,0,0,0.0,,0.0,0,0,0,0,1,0,1,1,0.0,0.0,0,1,1,0,1,0,0,,,1,0,0.0,0,1,0,0,0,0
1000,0,1,1,0,1,1,0,1,0,0,0,1,0.0,0.0,0.0,0,0,0.0,,0.0,0,0,0,0,1,0,1,1,0.0,0.0,0,0,1,0,1,0,0,,,0,1,0.0,0,1,0,1,0,0
1010,0,1,0,1,1,0,0,1,0,0,0,0,0.0,0.0,0.0,0,0,0.0,,0.0,0,0,0,0,1,0,1,1,0.0,0.0,0,0,1,0,1,0,0,,,1,0,0.0,0,1,0,1,1,0
1020,0,1,0,1,1,1,0,1,0,0,0,0,0.0,0.0,0.0,0,0,0.0,,0.0,0,0,0,0,0,0,1,1,0.0,0.0,0,1,1,0,1,0,0,,,1,0,0.0,0,1,0,0,1,0
1030,0,1,0,1,1,1,0,1,0,0,0,1,0.0,0.0,0.0,0,0,0.0,,0.0,0,0,0,0,1,0,1,1,0.0,0.0,0,0,0,0,0,0,0,,,1,0,0.0,0,1,0,0,0,0
1040,0,1,0,1,1,1,0,1,0,0,0,1,0.0,0.0,0.0,0,0,0.0,,0.0,0,0,0,1,0,0,1,0,0.0,0.0,0,0,1,0,1,1,0,,,1,1,0.0,0,1,0,1,1,0
1050,0,1,0,1,1,1,0,1,0,0,0,0,0.0,0.0,0.0,0,0,0.0,,0.0,0,0,0,0,0,0,1,0,0.0,0.0,0,0,1,0,1,0,0,,,1,0,0.0,0,1,0,0,1,0
1060,0,1,0,1,1,1,0,1,0,0,0,1,0.0,0.0,0.0,0,0,0.0,,0.0,0,0,0,0,1,0,1,1,0.0,0.0,0,0,1,0,1,0,0,,,1,1,0.0,0,1,0,0,0,0
1070,0,1,1,0,1,1,0,1,0,0,0,0,0.0,0.0,0.0,0,0,0.0,,0.0,0,0,0,0,1,0,1,1,0.0,0.0,0,0,0,0,0,0,0,,,1,0,0.0,0,1,0,1,0,0
1080,0,1,0,1,0,1,0,0,0,0,1,0,0.0,0.0,0.0,0,0,0.0,,0.0,0,0,0,0,0,0,1,0,0.0,0.0,0,1,1,0,1,1,0,,,1,0,0.0,0,1,0,0,0,0
1090,0,1,1,1,1,1,0,1,0,0,1,0,0.0,0.0,0.0,0,0,0.0,,0.0,0,0,0,0,1,0,1,0,0.0,0.0,0,1,1,0,1,1,0,,,1,0,0.0,0,1,0,1,0,0
1100,0,1,0,1,0,1,0,1,0,0,0,0,0.0,0.0,0.0,0,1,0.0,,0.0,0,0,0,0,1,0,1,1,0.0,0.0,0,0,1,0,1,0,0,,,1,0,0.0,0,1,0,0,1,0
1110,0,1,1,1,1,0,0,1,0,0,1,0,0.0,0.0,0.0,0,0,0.0,,0.0,0,0,0,0,0,0,1,0,0.0,0.0,0,1,1,0,1,1,0,,,1,1,0.0,0,1,0,1,1,1
1120,0,1,0,1,0,0,0,1,0,0,1,0,0.0,0.0,0.0,0,0,0.0,,0.0,0,0,0,0,1,0,1,1,0.0,0.0,0,1,1,0,1,0,0,,,1,0,0.0,0,1,0,0,1,0
1130,0,1,0,1,1,1,0,1,0,0,1,1,0.0,0.0,0.0,0,0,0.0,,0.0,0,0,0,0,0,0,1,0,0.0,0.0,0,1,1,0,1,1,0,,,1,0,0.0,0,1,0,1,1,0
1140,0,1,1,0,1,0,0,1,0,0,1,0,0.0,0.0,0.0,0,0,0.0,,0.0,0,0,0,0,1,0,1,0,0.0,0.0,0,1,1,0,1,0,0,,,1,1,0.0,0,1,0,0,1,1
1150,0,1,0,1,1,0,0,1,0,0,1,0,0.0,0.0,0.0,0,0,0.0,,0.0,0,0,0,0,1,1,1,1,0.0,0.0,0,0,0,0,0,0,0,,,1,1,0.0,0,1,0,0,1,0
1160,0,1,0,1,1,0,0,1,0,0,0,0,0.0,0.0,0.0,0,0,0.0,,0.0,0,0,0,0,0,0,1,0,0.0,0.0,0,1,1,0,1,0,0,,,1,1,0.0,0,1,0,0,1,0
1170,1,1,0,1,0,1,0,1,0,1,0,1,0.0,0.0,0.0,0,0,0.0,,0.0,0,0,0,0,0,0,1,0,0.0,0.0,0,1,1,0,1,0,0,,,1,0,0.0,0,0,0,0,1,0
1180,1,1,1,1,1,1,0,1,0,0,0,0,0.0,0.0,0.0,0,0,0.0,,0.0,0,0,0,0,0,0,1,0,0.0,0.0,0,0,1,0,1,0,0,,,1,1,0.0,0,0,0,0,1,0
1190,1,1,1,1,1,1,0,1,0,0,0,0,0.0,0.0,0.0,0,0,0.0,,0.0,0,0,0,1,0,0,1,0,0.0,0.0,0,1,1,0,1,0,0,,,1,1,0.0,0,0,0,0,1,0
1200,1,1,0,1,1,1,0,1,0,0,0,0,0.0,0.0,0.0,0,0,0.0,,0.0,0,0,0,0,0,0,1,0,0.0,0.0,0,1,1,0,1,0,0,,,1,1,0.0,0,0,0,0,0,0
1210,1,1,1,1,1,1,0,1,0,0,0,0,0.0,0.0,0.0,0,0,0.0,,0.0,0,0,0,0,0,0,1,0,0.0,0.0,0,1,0,0,1,0,0,,,0,1,0.0,0,0,0,0,1,0
1220,1,0,1,1,1,1,0,1,0,0,0,0,0.0,0.0,0.0,0,0,0.0,,0.0,0,0,0,0,1,0,1,1,0.0,0.0,0,1,1,0,1,0,0,,,1,1,0.0,0,0,0,0,1,1
1230,1,1,0,1,1,1,0,1,0,0,0,0,0.0,0.0,0.0,0,0,0.0,,0.0,0,0,0,0,0,0,1,1,0.0,0.0,0,1,1,0,1,0,0,,,1,1,0.0,0,0,0,0,1,1
1240,1,1,0,1,1,1,0,1,0,0,0,0,0.0,0.0,0.0,0,0,0.0,,0.0,0,0,0,0,0,0,1,1,0.0,0.0,1,1,1,0,1,0,0,,,1,1,0.0,0,0,0,0,1,0
1250,1,1,1,1,0,0,1,0,0,0,0,0,0.0,0.0,0.0,0,0,0.0,,0.0,0,0,0,0,0,0,1,0,0.0,0.0,0,1,0,0,1,0,0,,,1,1,0.0,0,0,0,0,1,0
1260,1,1,1,1,0,0,1,0,0,0,0,0,0.0,0.0,0.0,0,0,0.0,,0.0,0,0,0,0,0,0,1,0,0.0,0.0,0,1,1,0,1,0,0,,,1,0,0.0,0,0,0,0,1,0
1270,1,1,1,1,0,0,0,1,0,0,0,0,0.0,0.0,0.0,0,0,0.0,,0.0,0,0,0,0,1,0,1,0,0.0,0.0,0,1,1,0,1,0,0,,,1,0,0.0,0,0,0,0,1,1
1280,0,1,0,0,0,0,1,0,0,0,0,0,0.0,0.0,0.0,0,0,0.0,,0.0,0,0,0,0,1,0,1,0,0.0,0.0,0,1,1,0,1,0,0,,,1,0,0.0,0,0,0,0,1,0
1290,1,1,1,1,0,0,1,1,0,0,0,0,0.0,0.0,0.0,0,1,0.0,,0.0,0,0,0,0,0,0,1,0,0.0,0.0,0,1,1,0,1,0,0,,,1,1,0.0,0,0,0,0,1,0
1300,0,1,0,1,0,0,1,0,0,0,0,0,0.0,0.0,0.0,0,0,0.0,,0.0,0,0,0,0,1,0,1,0,0.0,0.0,0,1,1,0,1,0,0,,,1,0,0.0,0,0,0,0,1,1
1310,1,1,1,1,0,0,1,1,0,0,0,0,0.0,0.0,0.0,1,1,0.0,,0.0,0,0,0,0,0,0,0,0,0.0,0.0,0,1,1,0,1,0,0,,,0,1,0.0,0,0,0,0,1,0
1320,1,1,1,1,0,0,1,0,0,0,0,0,0.0,0.0,0.0,1,1,0.0,,0.0,0,0,0,0,0,0,1,0,0.0,0.0,0,1,0,0,1,0,0,,,1,0,0.0,0,0,0,0,1,0
1330,1,1,1,1,0,0,1,1,0,0,0,0,0.0,0.0,0.0,0,0,0.0,,0.0,0,0,0,0,0,0,1,0,0.0,0.0,0,1,0,0,1,0,0,,,1,0,0.0,0,0,0,0,1,0
1340,1,1,1,1,0,1,0,0,0,0,0,0,0.0,0.0,0.0,1,0,0.0,,0.0,0,0,0,0,1,0,1,0,0.0,0.0,0,1,1,0,1,0,0,,,1,1,0.0,0,0,0,0,1,1
1350,1,1,1,1,0,1,1,0,0,0,0,0,0.0,0.0,0.0,0,0,0.0,,0.0,0,0,0,0,0,0,1,0,0.0,0.0,0,1,1,0,1,0,0,,,1,0,0.0,0,0,0,0,0,0
1360,0,1,1,1,0,1,1,1,0,0,0,0,0.0,0.0,0.0,0,1,0.0,,0.0,0,0,0,1,1,0,1,0,0.0,0.0,0,1,0,0,1,0,0,,,1,1,0.0,0,0,0,0,0,0
1370,1,1,1,1,0,1,1,1,0,0,0,0,0.0,0.0,0.0,0,0,0.0,,0.0,0,0,0,0,0,0,1,0,0.0,0.0,0,1,1,0,1,0,0,,,1,0,0.0,0,0,0,0,1,0
1380,1,1,0,1,1,1,1,1,0,0,0,0,0.0,0.0,0.0,0,0,0.0,,0.0,0,0,0,0,0,0,1,0,0.0,0.0,0,1,1,0,1,0,0,,,0,1,0.0,0,0,0,0,1,0
1390,1,1,0,1,1,1,1,1,0,1,0,1,0.0,0.0,0.0,0,0,0.0,,0.0,0,0,0,0,1,0,1,0,0.0,0.0,0,0,0,0,0,0,0,,,1,0,0.0,0,0,0,0,1,0
1400,1,1,0,1,0,1,1,1,0,1,0,1,0.0,0.0,0.0,0,0,0.0,,0.0,0,0,0,0,1,0,1,0,0.0,0.0,1,1,1,0,1,0,0,,,1,1,0.0,0,0,0,0,1,1
1410,0,1,0,0,1,1,0,1,0,0,0,1,0.0,0.0,0.0,0,0,0.0,,0.0,0,0,0,0,1,0,1,0,0.0,0.0,0,1,1,0,1,0,0,,,1,1,0.0,0,1,0,1,1,0
1420,1,1,0,1,1,1,1,1,0,0,0,0,0.0,0.0,0.0,0,0,0.0,,0.0,0,0,0,0,0,0,1,1,0.0,0.0,0,1,1,0,1,0,0,,,0,0,0.0,1,1,0,1,1,0
1430,1,1,1,1,1,0,0,1,0,1,1,1,0.0,0.0,0.0,0,0,0.0,,0.0,0,0,0,0,1,0,1,1,0.0,0.0,0,1,0,0,1,0,0,,,0,0,0.0,0,1,0,1,1,0
1440,1,1,1,1,1,1,0,1,0,1,0,1,0.0,0.0,0.0,0,0,0.0,,0.0,0,0,0,0,0,0,1,1,0.0,0.0,0,1,1,0,1,0,0,,,1,0,0.0,0,1,0,0,1,0
1450,0,1,0,1,1,1,1,1,0,1,0,1,0.0,0.0,0.0,0,0,0.0,,0.0,0,0,0,1,1,0,1,1,0.0,0.0,0,1,1,0,1,0,0,,,1,1,0.0,0,1,0,0,1,0
1460,1,1,0,1,0,1,0,1,0,1,0,1,0.0,0.0,0.0,0,0,0.0,,0.0,0,0,0,0,1,0,1,0,0.0,0.0,0,1,0,0,1,0,0,,,1,0,0.0,0,1,0,0,1,0
1470,1,1,0,1,1,1,0,1,0,1,0,1,0.0,0.0,0.0,0,0,0.0,,0.0,0,0,0,0,1,0,1,0,0.0,0.0,1,1,1,0,1,1,0,,,1,1,0.0,0,1,0,1,0,0
1480,0,1,1,1,1,1,0,1,0,0,0,1,0.0,0.0,0.0,0,0,0.0,,0.0,0,0,0,0,1,0,1,0,0.0,0.0,0,1,1,0,1,1,0,,,1,0,0.0,0,1,0,1,1,0
1490,0,1,0,1,1,1,0,1,0,0,1,0,0.0,0.0,0.0,1,0,0.0,,0.0,0,0,0,0,1,0,1,1,0.0,0.0,0,0,1,0,1,1,0,,,1,1,0.0,0,1,0,0,0,0
1500,0,1,1,0,1,1,0,1,0,0,1,0,0.0,0.0,0.0,1,0,0.0,,0.0,0,0,0,0,1,0,1,1,0.0,0.0,0,0,1,0,1,1,0,,,1,1,0.0,0,1,0,0,1,1
1510,0,1,0,1,0,0,1,1,0,0,1,1,0.0,0.0,0.0,1,1,0.0,,0.0,0,0,0,0,1,0,1,1,0.0,0.0,0,0,1,0,1,1,1,,,1,0,0.0,0,1,0,1,0,0
1520,0,1,0,0,0,1,1,1,0,0,0,0,0.0,0.0,0.0,1,0,0.0,,0.0,0,0,0,0,1,0,1,1,0.0,0.0,0,0,1,0,1,1,1,,,1,1,0.0,0,1,0,0,1,0
1530,0,1,0,1,1,1,1,1,0,0,0,0,0.0,0.0,0.0,1,0,0.0,,0.0,0,0,0,0,0,0,1,1,0.0,0.0,0,0,1,0,1,1,0,,,1,0,0.0,0,1,0,1,1,0
1540,1,1,1,1,0,0,1,1,0,0,0,0,0.0,0.0,0.0,1,0,0.0,,0.0,0,0,0,0,0,0,1,1,0.0,0.0,0,0,1,0,0,1,0,,,1,0,0.0,0,1,1,1,0,0
1550,0,1,1,0,1,1,1,1,0,0,0,0,0.0,0.0,0.0,1,1,0.0,,0.0,0,0,0,0,1,0,1,1,0.0,0.0,0,0,1,0,1,1,0,,,1,1,0.0,0,1,0,1,0,0
1560,0,1,1,1,1,1,0,1,0,0,0,0,0.0,0.0,0.0,1,0,0.0,,0.0,0,0,0,0,1,0,0,0,0.0,0.0,0,0,1,0,0,1,0,,,1,1,0.0,0,1,0,0,0,0
1570,0,1,1,1,1,1,0,1,0,0,0,0,0.0,0.0,0.0,1,0,0.0,,0.0,0,0,0,0,1,0,1,1,0.0,0.0,0,0,1,0,0,1,1,,,0,1,0.0,0,1,0,0,0,0
1580,1,1,1,1,1,1,1,1,0,0,0,0,0.0,0.0,0.0,0,0,0.0,,0.0,0,0,0,0,0,0,1,1,0.0,0.0,0,0,1,0,1,0,0,,,0,0,0.0,0,1,0,0,1,1
1590,1,1,0,1,1,1,0,1,0,0,0,0,0.0,0.0,0.0,0,0,0.0,,0.0,0,0,0,0,0,0,1,0,0.0,0.0,0,0,1,0,1,1,0,,,0,0,0.0,0,1,0,1,1,1
1600,1,1,0,1,1,1,1,1,0,0,0,0,0.0,0.0,0.0,0,0,0.0,,0.0,0,0,0,0,1,0,1,1,0.0,0.0,0,1,0,0,1,0,0,,,0,0,0.0,0,1,0,1,1,0
1610,1,1,0,1,1,1,0,1,0,0,0,0,0.0,0.0,0.0,0,0,0.0,,0.0,0,0,0,0,0,0,1,1,0.0,0.0,0,1,1,0,1,0,0,,,0,0,0.0,0,1,0,0,1,0
1620,1,1,0,1,1,1,1,1,0,0,0,0,0.0,0.0,0.0,0,0,0.0,,0.0,0,0,0,0,1,0,1,0,0.0,0.0,0,1,1,0,1,1,0,,,0,0,0.0,0,1,0,1,0,0
1630,1,1,0,1,1,1,0,1,0,0,0,0,0.0,0.0,0.0,0,0,0.0,,0.0,0,0,0,0,1,0,1,0,0.0,0.0,0,1,1,0,1,1,0,,,0,1,0.0,0,1,0,1,1,0
1640,1,1,1,1,1,1,0,1,0,0,0,0,0.0,0.0,0.0,0,0,0.0,,0.0,0,0,0,0,0,0,1,1,0.0,0.0,0,1,1,0,1,0,0,,,0,0,0.0,0,1,0,1,1,0
1650,1,1,0,1,1,0,0,1,0,0,0,0,0.0,0.0,0.0,0,0,0.0,,0.0,0,0,0,0,1,0,1,0,0.0,0.0,0,1,1,0,1,1,0,,,0,0,0.0,0,1,0,1,1,0
1660,1,1,0,1,1,1,0,1,0,0,0,0,0.0,0.0,0.0,0,0,0.0,,0.0,0,0,0,0,0,0,1,0,0.0,0.0,0,1,1,0,1,1,0,,,0,1,0.0,0,1,0,0,1,0
1670,1,1,1,1,1,1,0,1,0,0,0,0,0.0,0.0,0.0,0,0,0.0,,0.0,0,0,0,0,0,0,1,0,0.0,0.0,0,1,1,0,1,1,0,,,0,0,0.0,0,1,0,0,1,1
1680,1,1,0,1,1,1,0,1,0,0,0,0,0.0,0.0,0.0,1,1,0.0,,0.0,0,0,0,0,1,0,1,0,0.0,0.0,0,1,1,0,1,1,0,,,0,0,0.0,0,1,0,1,1,0
1690,1,1,1,1,1,1,0,1,0,0,0,0,0.0,0.0,0.0,0,0,0.0,,0.0,0,0,0,0,0,0,1,0,0.0,0.0,0,1,1,0,1,1,0,,,1,0,0.0,0,1,0,1,1,0
1700,1,1,0,1,1,1,1,1,0,0,0,0,0.0,0.0,0.0,0,0,0.0,,0.0,0,0,0,0,1,0,1,1,0.0,0.0,0,1,1,0,1,1,0,,,0,1,0.0,0,1,0,0,1,0
1710,1,1,1,1,1,1,1,1,0,0,0,0,0.0,0.0,0.0,0,1,0.0,,0.0,0,0,0,0,1,0,1,0,0.0,0.0,0,1,1,0,1,0,0,,,0,1,0.0,0,1,0,1,1,0
1720,1,1,1,1,1,1,0,1,0,0,0,0,0.0,0.0,0.0,0,0,0.0,,0.0,0,0,0,0,1,0,1,0,0.0,0.0,0,1,1,0,1,0,0,,,0,1,0.0,0,1,0,0,1,0
1730,1,1,0,1,1,1,0,1,0,0,0,0,0.0,0.0,0.0,0,0,0.0,,0.0,0,0,0,0,1,0,1,0,0.0,0.0,0,0,0,0,1,0,0,,,0,1,0.0,0,1,0,1,1,0
1740,0,1,0,1,1,1,1,1,0,0,0,0,0.0,0.0,0.0,0,0,0.0,,0.0,0,0,0,0,0,0,1,0,0.0,0.0,0,0,1,0,0,0,0,,,1,1,0.0,0,1,0,0,1,1
1750,1,1,0,1,1,0,1,1,0,0,0,0,0.0,0.0,0.0,0,0,0.0,,0.0,0,0,0,0,0,0,1,0,0.0,0.0,0,1,1,0,1,1,0,,,0,1,0.0,0,1,0,0,1,0
1760,0,1,0,0,0,1,1,1,0,0,0,0,0.0,0.0,0.0,0,0,0.0,,0.0,0,0,0,0,0,0,1,0,0.0,0.0,0,1,1,0,1,1,0,,,1,0,0.0,0,1,0,0,1,0
1770,1,1,0,1,1,0,1,1,0,0,0,0,0.0,0.0,0.0,0,0,0.0,,0.0,0,0,0,0,1,0,1,0,0.0,0.0,0,0,1,0,1,1,0,,,1,0,0.0,0,1,0,1,1,1
1780,0,1,0,0,0,1,0,0,0,0,1,1,0.0,0.0,0.0,1,1,0.0,,0.0,0,0,0,0,1,1,1,0,0.0,0.0,0,1,1,0,1,1,0,,,1,0,0.0,0,1,1,0,1,0
1790,1,1,0,1,1,1,1,1,0,0,0,0,0.0,0.0,0.0,1,0,0.0,,0.0,0,0,0,1,0,0,1,1,0.0,0.0,0,1,1,0,1,0,0,,,0,1,0.0,0,0,0,0,1,1
1800,0,0,1,1,0,1,1,1,1,0,1,1,0.0,0.0,0.0,0,0,0.0,,0.0,0,0,0,0,0,0,1,1,0.0,0.0,0,1,0,0,1,0,0,,,0,0,0.0,1,1,0,1,1,1
1810,1,1,1,1,1,0,0,1,0,0,0,0,0.0,0.0,0.0,0,0,0.0,,0.0,0,0,0,0,1,0,1,1,0.0,0.0,0,1,1,0,1,0,0,,,0,0,0.0,0,1,0,0,1,1
1820,1,1,0,1,1,1,1,1,0,0,1,0,0.0,0.0,0.0,0,0,0.0,,0.0,0,0,0,0,0,0,1,0,0.0,0.0,0,1,1,0,1,1,1,,,1,0,0.0,0,1,0,0,1,0
1830,1,1,0,1,1,1,1,1,0,0,1,0,0.0,0.0,0.0,0,0,0.0,,0.0,0,0,0,0,1,0,1,1,0.0,0.0,0,1,1,0,1,1,0,,,0,0,0.0,0,1,0,1,1,0
1840,1,1,0,1,1,1,1,1,0,0,0,0,0.0,0.0,0.0,0,0,0.0,,0.0,0,0,0,0,0,0,1,0,0.0,0.0,0,1,1,0,1,0,0,,,0,0,0.0,0,1,0,1,1,0
1850,1,1,0,1,0,1,1,1,0,0,1,0,0.0,0.0,0.0,1,0,0.0,,0.0,0,0,0,0,0,0,1,0,0.0,0.0,0,1,1,0,1,0,0,,,1,0,0.0,0,1,0,1,0,0
1860,1,1,0,1,0,1,1,1,0,0,1,1,0.0,0.0,0.0,0,1,0.0,,0.0,0,0,0,1,0,0,1,0,0.0,0.0,0,1,1,0,1,1,1,,,1,0,0.0,0,1,0,0,0,0
1870,1,1,0,1,0,1,1,0,0,0,1,0,0.0,0.0,0.0,0,1,0.0,,0.0,0,0,0,1,0,0,1,0,0.0,0.0,0,1,1,0,1,1,0,,,0,1,0.0,0,1,0,0,1,0
1880,1,1,0,1,0,1,1,1,0,0,1,1,0.0,0.0,0.0,1,0,0.0,,0.0,0,0,0,0,1,0,1,1,0.0,0.0,0,1,1,0,1,1,0,,,0,0,0.0,0,1,0,1,1,0
1890,1,1,0,1,0,1,1,0,0,0,1,1,0.0,0.0,0.0,0,0,0.0,,0.0,0,0,0,0,1,0,1,0,0.0,0.0,0,1,1,0,1,1,0,,,1,0,0.0,0,1,0,0,1,0
1900,1,1,0,1,0,1,1,1,0,1,0,1,0.0,0.0,0.0,1,0,0.0,,0.0,0,0,0,0,0,0,1,0,0.0,0.0,0,1,1,0,1,1,0,,,1,0,0.0,0,1,0,0,1,0
1910,1,1,0,1,0,1,1,1,0,1,0,1,0.0,0.0,0.0,0,0,0.0,,0.0,0,0,0,0,0,0,1,0,0.0,0.0,0,1,1,0,1,1,0,,,1,0,0.0,0,1,0,0,1,0
1920,1,1,0,1,0,1,1,1,0,0,0,0,0.0,0.0,0.0,1,0,0.0,,0.0,0,0,0,0,0,0,1,0,0.0,0.0,0,1,0,0,1,0,0,,,1,0,0.0,0,0,0,0,1,0
1930,1,1,0,1,1,1,1,1,0,0,0,0,0.0,0.0,0.0,1,0,0.0,,0.0,0,0,0,0,0,0,1,0,0.0,0.0,0,1,0,0,1,0,0,,,0,0,0.0,0,1,0,0,0,0
1940,1,1,1,1,1,1,1,1,0,0,0,0,0.0,0.0,0.0,0,0,0.0,,0.0,0,0,0,0,0,0,1,0,0.0,0.0,0,1,1,0,1,0,0,,,1,0,0.0,0,1,0,0,1,1
1950,1,1,0,1,1,1,1,1,0,0,0,0,0.0,0.0,0.0,0,0,0.0,,0.0,0,0,0,0,0,0,1,0,0.0,0.0,0,1,1,0,1,0,0,,,1,0,0.0,0,1,0,0,1,0
1960,0,1,0,1,0,1,1,1,0,0,1,0,0.0,0.0,0.0,0,0,0.0,,0.0,0,0,0,0,0,0,1,0,0.0,0.0,0,1,1,0,1,0,0,,,1,0,0.0,1,1,0,1,1,0
1970,1,1,0,1,1,0,1,1,0,0,0,0,0.0,0.0,0.0,0,0,0.0,,0.0,0,0,0,0,0,0,1,0,0.0,0.0,0,0,1,0,1,1,0,,,1,0,0.0,0,1,0,0,1,0
1980,1,1,0,1,1,1,1,1,0,0,0,0,0.0,0.0,0.0,0,0,0.0,,0.0,0,0,0,0,0,0,1,0,0.0,0.0,0,1,0,0,1,0,0,,,1,0,0.0,0,1,0,1,1,0
1990,1,1,0,1,0,1,1,0,1,0,1,1,0.0,0.0,0.0,0,0,0.0,,0.0,0,0,0,0,0,0,1,0,0.0,0.0,0,1,1,0,1,1,1,,,1,0,0.0,0,1,0,1,0,0
2000,1,1,0,1,0,1,1,0,0,0,0,0,0.0,0.0,0.0,0,0,0.0,,0.0,0,0,0,0,0,0,1,0,0.0,0.0,0,1,1,0,1,1,0,,,1,1,0.0,0,1,0,1,1,0
2010,1,1,0,1,0,1,1,1,0,0,1,1,0.0,0.0,0.0,1,0,0.0,,0.0,0,0,0,0,0,0,1,0,0.0,0.0,0,1,1,0,1,1,0,,,1,0,0.0,0,1,0,0,1,0
2020,1,1,0,1,0,1,1,0,0,0,0,0,0.0,0.0,0.0,0,0,0.0,,0.0,0,0,0,0,0,0,1,0,0.0,0.0,0,1,1,0,1,0,0,,,0,0,0.0,1,1,0,1,1,0
2030,1,1,0,1,1,1,1,1,0,0,1,0,0.0,0.0,0.0,0,0,0.0,,0.0,0,0,0,1,1,1,1,1,0.0,0.0,0,1,0,0,1,0,0,,,0,0,0.0,0,1,0,0,1,1
2040,1,1,0,1,0,0,1,1,0,0,0,0,0.0,0.0,0.0,0,0,0.0,,0.0,0,0,0,0,0,0,1,0,0.0,0.0,0,1,1,0,1,1,0,,,1,1,0.0,0,1,0,0,1,0
2050,1,1,0,1,0,1,1,1,0,0,0,0,0.0,0.0,0.0,0,0,0.0,,0.0,0,0,0,0,0,0,1,0,0.0,0.0,0,1,1,0,1,1,1,,,1,0,0.0,0,1,0,0,1,0
2060,0,1,0,1,1,1,0,1,0,0,1,0,0.0,0.0,0.0,0,0,0.0,,0.0,0,0,0,0,0,0,1,0,0.0,0.0,0,1,1,0,1,0,0,,,1,0,0.0,1,1,0,1,1,0
2070,0,1,0,1,0,1,1,1,0,0,0,0,0.0,0.0,0.0,0,0,0.0,,0.0,0,0,0,0,1,0,1,1,0.0,0.0,0,1,1,0,1,1,0,,,1,1,0.0,0,1,0,1,1,0
2080,1,1,0,1,1,1,1,1,0,0,1,0,0.0,0.0,0.0,0,0,0.0,,0.0,0,0,0,0,0,0,1,0,0.0,0.0,0,1,0,0,1,1,1,,,0,1,0.0,1,1,0,1,1,0
2090,0,1,0,0,0,1,1,1,0,0,1,1,0.0,0.0,0.0,0,0,0.0,,0.0,0,0,0,0,0,0,1,0,0.0,0.0,0,1,1,0,1,1,0,,,0,0,0.0,0,1,0,0,1,0
2100,1,1,0,1,0,1,1,1,0,0,1,0,0.0,0.0,0.0,0,0,0.0,,0.0,0,0,0,0,1,0,1,0,0.0,0.0,0,1,1,0,1,1,0,,,0,0,0.0,0,1,0,0,1,0
2110,0,1,1,0,1,0,0,1,0,1,1,1,0.0,0.0,0.0,0,0,0.0,,0.0,0,0,0,0,0,0,1,0,0.0,0.0,0,1,1,0,1,1,0,,,0,0,0.0,0,1,0,1,1,0
2120,0,1,1,0,0,0,0,0,0,0,1,0,0.0,0.0,0.0,0,0,0.0,,0.0,0,0,0,0,0,0,1,0,0.0,0.0,0,0,0,0,0,1,0,,,0,0,0.0,0,1,0,0,0,0
2130,1,1,0,1,1,0,0,1,0,0,1,0,0.0,0.0,0.0,0,0,0.0,,0.0,0,0,0,0,0,0,1,1,0.0,0.0,0,0,1,0,0,0,0,,,0,1,0.0,0,1,0,0,0,0
2140,1,0,0,1,0,1,0,1,0,0,1,1,0.0,0.0,0.0,0,0,0.0,,0.0,0,0,0,0,0,0,1,1,0.0,0.0,0,1,1,0,1,1,0,,,0,0,0.0,0,1,0,1,1,0
2150,1,1,0,1,1,0,0,1,0,0,1,1,0.0,0.0,0.0,0,0,0.0,,0.0,0,0,0,0,0,0,1,0,0.0,0.0,0,1,1,0,1,1,1,,,0,0,0.0,0,1,0,1,1,0
2160,1,1,0,1,1,0,0,1,0,0,1,1,0.0,0.0,0.0,0,0,0.0,,0.0,0,0,0,0,1,0,1,1,0.0,0.0,0,1,1,0,1,0,0,,,0,1,0.0,0,1,0,1,1,0
2170,1,0,0,1,1,1,0,1,0,0,1,0,0.0,0.0,0.0,0,0,0.0,,0.0,0,0,0,0,0,0,1,0,0.0,0.0,0,1,1,0,1,0,0,,,0,0,0.0,0,1,0,0,1,0
2180,0,1,1,1,0,1,0,0,0,0,0,1,0.0,0.0,0.0,0,0,0.0,,0.0,0,0,0,0,0,0,1,0,0.0,0.0,0,1,1,0,1,1,0,,,0,0,0.0,0,1,0,0,1,0
2190,0,1,1,1,1,1,0,1,0,0,0,1,0.0,0.0,0.0,0,0,0.0,,0.0,0,0,0,0,0,0,1,1,0.0,0.0,0,1,1,0,1,1,0,,,0,0,0.0,0,1,0,0,1,0
2200,0,1,1,1,1,1,0,1,0,0,0,1,0.0,0.0,0.0,0,0,0.0,,0.0,0,0,0,0,0,0,1,0,0.0,0.0,0,1,1,0,1,1,1,,,0,1,0.0,0,1,0,0,1,0
2210,1,1,0,1,0,1,0,0,0,0,1,1,0.0,0.0,0.0,0,0,0.0,,0.0,0,0,0,0,1,1,1,0,0.0,0.0,0,1,1,0,1,1,0,,,0,0,0.0,0,1,0,1,0,0
2220,1,1,0,1,0,1,0,1,0,0,0,1,0.0,0.0,0.0,0,0,0.0,,0.0,0,0,0,0,1,0,1,0,0.0,0.0,0,1,1,0,1,1,0,,,0,1,0.0,0,1,0,0,1,0
2230,0,1,0,1,0,0,0,0,0,0,0,0,0.0,0.0,0.0,0,0,0.0,,0.0,0,0,0,0,1,0,1,1,0.0,0.0,0,1,1,0,1,0,0,,,0,1,0.0,0,1,0,0,1,1
2240,1,1,0,1,0,0,0,0,0,0,0,0,0.0,0.0,0.0,0,0,0.0,,0.0,0,0,0,0,1,0,1,0,0.0,0.0,0,1,1,0,1,1,0,,,0,0,0.0,0,1,0,1,0,0
2250,0,1,1,1,1,1,1,1,0,0,1,1,0.0,0.0,0.0,0,0,0.0,,0.0,0,0,0,0,0,0,1,1,0.0,0.0,0,0,0,0,1,0,0,,,0,1,0.0,0,1,0,1,0,0
2260,0,1,1,0,1,1,0,1,0,0,0,1,0.0,0.0,0.0,0,0,0.0,,0.0,0,0,0,0,1,0,1,0,0.0,0.0,0,0,0,0,0,1,0,,,0,1,0.0,0,1,0,1,1,0
2270,0,1,1,1,0,0,0,1,0,0,1,1,0.0,0.0,0.0,0,0,0.0,,0.0,0,0,0,0,0,0,1,0,0.0,0.0,0,0,0,0,0,0,0,,,0,0,0.0,0,1,0,0,1,1
2280,0,1,0,0,1,1,0,1,0,0,0,0,0.0,0.0,0.0,0,0,0.0,,0.0,0,0,0,0,0,0,1,0,0.0,0.0,0,0,0,0,0,0,0,,,1,0,0.0,0,1,0,1,1,0
2290,0,1,1,1,1,0,0,1,0,0,0,0,0.0,0.0,0.0,0,0,0.0,,0.0,0,0,0,0,1,0,1,1,0.0,0.0,0,0,1,0,1,0,0,,,1,0,0.0,0,1,0,0,1,0
2300,0,1,1,1,1,0,0,1,0,0,0,0,0.0,0.0,0.0,0,0,0.0,,0.0,0,0,0,0,1,0,1,1,0.0,0.0,0,0,0,0,0,0,0,,,1,0,0.0,0,1,0,1,1,1
2310,0,1,1,1,1,0,0,1,0,0,0,0,0.0,0.0,0.0,0,0,0.0,,0.0,0,0,0,0,0,0,1,0,0.0,0.0,0,0,0,0,0,0,0,,,1,1,0.0,0,1,0,1,1,0
2320,0,1,1,1,1,0,0,1,0,0,0,0,0.0,0.0,0.0,0,0,0.0,,0.0,0,0,0,0,0,0,1,1,0.0,0.0,0,0,0,0,0,0,0,,,1,0,0.0,0,1,0,1,1,0
2330,0,1,1,1,1,0,0,1,0,0,0,0,0.0,0.0,0.0,0,0,0.0,,0.0,0,0,0,1,1,0,1,1,0.0,0.0,0,0,0,0,0,0,0,,,1,0,0.0,0,1,0,0,1,0
2340,1,1,0,1,1,0,0,0,0,0,1,0,0.0,0.0,0.0,0,0,0.0,,0.0,0,0,0,0,1,0,1,0,0.0,0.0,0,1,1,0,1,1,0,,,0,1,0.0,0,1,0,0,1,0
2350,0,1,0,1,1,0,0,1,0,1,1,1,0.0,0.0,0.0,0,0,0.0,,0.0,0,0,0,0,1,0,1,0,0.0,0.0,0,1,1,0,1,0,0,,,1,0,0.0,0,1,0,0,1,0
2360,0,1,0,0,0,1,1,0,0,0,1,1,0.0,0.0,0.0,0,0,0.0,,0.0,0,0,0,0,0,0,1,0,0.0,0.0,0,1,0,0,1,1,1,,,0,1,0.0,0,1,0,0,1,0
2370,0,1,0,1,0,1,1,1,0,0,1,0,0.0,0.0,0.0,1,0,0.0,,0.0,0,0,0,0,0,0,1,0,0.0,0.0,0,1,0,0,1,1,0,,,0,1,0.0,0,1,0,0,1,0
2380,0,1,0,1,0,1,1,0,0,0,1,1,0.0,0.0,0.0,0,0,0.0,,0.0,0,0,0,0,1,0,1,0,0.0,0.0,0,1,1,0,1,1,0,,,1,0,0.0,1,1,0,1,1,0
2390,0,1,0,1,0,0,0,0,0,0,1,1,0.0,0.0,0.0,0,0,0.0,,0.0,0,0,0,0,0,0,1,0,0.0,0.0,0,0,1,0,1,1,0,,,0,0,0.0,0,1,0,0,1,0
2400,0,1,0,1,0,0,1,1,0,1,1,1,0.0,0.0,0.0,0,0,0.0,,0.0,0,0,0,0,1,0,1,0,0.0,0.0,0,0,1,0,1,0,0,,,0,0,0.0,0,1,0,0,1,0
2410,0,1,0,0,0,0,1,1,0,0,1,0,0.0,0.0,0.0,0,0,0.0,,0.0,0,0,0,0,1,0,1,0,0.0,0.0,0,1,1,0,1,0,0,,,0,0,0.0,0,1,0,0,1,0
2420,1,1,0,1,1,1,1,1,1,0,1,1,0.0,0.0,0.0,0,0,0.0,,0.0,0,0,0,0,1,0,1,0,0.0,0.0,0,1,1,0,1,0,0,,,0,0,0.0,0,1,0,1,1,0
2430,0,0,0,0,1,1,1,1,0,0,1,0,0.0,0.0,0.0,0,1,0.0,,0.0,0,0,0,0,0,0,1,0,0.0,0.0,0,1,1,0,1,1,0,,,0,0,0.0,0,1,0,1,1,1
2440,1,1,1,1,1,0,1,1,0,0,0,1,0.0,0.0,0.0,0,0,0.0,,0.0,0,0,0,0,0,0,1,1,0.0,0.0,0,1,1,0,1,0,0,,,0,0,0.0,0,1,0,0,0,0
2450,1,1,1,1,1,1,1,1,0,0,0,1,0.0,0.0,0.0,0,0,0.0,,0.0,0,0,0,0,0,0,1,0,0.0,0.0,0,1,1,0,1,1,0,,,0,0,0.0,1,1,0,1,0,0
2460,1,1,0,1,1,1,1,1,0,0,0,1,0.0,0.0,0.0,0,1,0.0,,0.0,0,0,0,0,0,0,1,0,0.0,0.0,0,1,1,0,1,0,0,,,0,1,0.0,0,1,0,1,1,0
2470,0,1,0,1,1,1,1,1,0,0,0,1,0.0,0.0,0.0,1,0,0.0,,0.0,0,0,0,0,0,0,0,0,0.0,0.0,0,1,1,0,1,1,1,,,0,0,0.0,0,1,0,0,0,0
2480,0,1,0,0,1,1,1,1,0,0,0,1,0.0,0.0,0.0,0,0,0.0,,0.0,0,0,0,0,0,0,1,0,0.0,0.0,0,1,1,0,1,1,0,,,0,0,0.0,0,1,0,0,0,0
2490,0,0,0,0,0,1,1,0,1,0,0,1,0.0,0.0,0.0,0,0,0.0,,0.0,0,0,0,0,0,0,1,0,0.0,0.0,0,1,0,0,1,1,0,,,0,0,0.0,0,1,0,1,1,0
2500,0,0,0,0,0,1,0,1,0,0,1,0,0.0,0.0,0.0,0,0,0.0,,0.0,0,0,0,0,0,0,1,1,0.0,0.0,0,1,1,0,1,1,0,,,0,0,0.0,0,1,0,1,1,0
2510,0,0,0,0,1,1,1,1,0,0,0,0,0.0,0.0,0.0,0,0,0.0,,0.0,0,0,0,0,0,0,1,0,0.0,0.0,0,1,1,0,1,1,0,,,0,0,0.0,0,1,0,1,0,0
2520,0,1,0,0,0,1,1,1,0,0,0,0,0.0,0.0,0.0,0,1,0.0,,0.0,0,0,0,0,0,0,1,0,0.0,0.0,0,1,1,0,1,1,0,,,0,0,0.0,0,1,0,1,1,0
2530,0,1,0,1,1,1,1,1,1,0,1,1,0.0,0.0,0.0,0,0,0.0,,0.0,0,0,0,0,0,0,1,0,0.0,0.0,0,1,1,0,1,1,0,,,0,0,0.0,1,1,0,1,1,0
2540,0,1,0,0,0,1,1,1,1,0,1,1,0.0,0.0,0.0,0,0,0.0,,0.0,0,1,0,0,0,0,1,0,0.0,0.0,0,0,0,0,0,1,0,,,0,0,0.0,0,1,0,1,0,0
2550,1,1,1,1,1,1,1,1,0,0,0,1,0.0,0.0,0.0,0,0,0.0,,0.0,0,0,0,0,0,0,1,1,0.0,0.0,0,1,1,0,1,1,0,,,0,1,0.0,0,1,0,0,1,0
2560,1,1,1,1,1,0,1,1,0,0,0,1,0.0,0.0,0.0,0,0,0.0,,0.0,0,0,0,0,0,0,1,0,0.0,0.0,0,0,1,0,1,1,0,,,0,0,0.0,0,1,0,0,1,0
2570,1,1,0,1,1,1,0,1,0,0,0,1,0.0,0.0,0.0,0,0,0.0,,0.0,0,0,0,0,0,0,1,0,0.0,0.0,0,0,0,0,1,1,0,,,0,0,0.0,1,1,0,1,1,1
2580,0,1,1,1,1,1,0,1,0,0,0,1,0.0,0.0,0.0,0,0,0.0,,0.0,0,0,0,0,0,0,1,1,0.0,0.0,0,1,0,0,1,1,0,,,0,0,0.0,0,1,0,1,1,0
2590,0,1,1,1,1,1,0,1,0,0,0,1,0.0,0.0,0.0,0,0,0.0,,0.0,0,0,0,0,0,0,1,0,0.0,0.0,0,1,1,0,1,1,0,,,0,0,0.0,0,0,0,0,1,1
2600,0,1,0,0,1,1,0,1,1,0,0,1,0.0,0.0,0.0,0,0,0.0,,0.0,0,0,0,0,0,0,1,0,0.0,0.0,0,1,1,0,1,1,0,,,0,0,0.0,0,1,0,0,1,0
2610,0,1,0,1,1,1,1,1,1,0,0,1,0.0,0.0,0.0,0,0,0.0,,0.0,0,0,0,0,0,0,1,1,0.0,0.0,0,1,1,0,1,1,0,,,0,0,0.0,0,1,0,1,1,1
2620,1,1,1,1,1,1,1,1,0,0,0,1,0.0,0.0,0.0,0,0,0.0,,0.0,0,0,0,0,0,0,1,0,0.0,0.0,0,1,1,0,1,1,0,,,0,0,0.0,0,0,0,0,1,0
2630,1,1,1,1,1,1,0,1,0,0,0,1,0.0,0.0,0.0,0,0,0.0,,0.0,0,0,0,0,0,0,1,0,0.0,0.0,0,1,1,0,1,0,0,,,0,0,0.0,1,1,0,1,1,0
2640,0,1,0,1,1,1,1,1,1,0,0,1,0.0,0.0,0.0,1,0,0.0,,0.0,0,0,0,0,0,0,1,0,0.0,0.0,0,1,0,0,1,1,0,,,0,0,0.0,0,0,0,0,1,0
2650,0,1,0,0,1,1,1,1,0,0,0,1,0.0,0.0,0.0,0,0,0.0,,0.0,0,0,0,0,0,0,1,0,0.0,0.0,0,1,1,0,1,1,0,,,0,0,0.0,0,1,0,1,1,0
2660,0,1,0,1,0,1,1,1,0,0,0,1,0.0,0.0,0.0,0,0,0.0,,0.0,0,0,0,0,0,0,1,0,0.0,0.0,0,1,1,0,1,0,0,,,0,0,0.0,0,1,0,0,1,0
2670,1,1,1,1,1,1,0,1,0,0,0,1,0.0,0.0,0.0,0,0,0.0,,0.0,0,0,0,0,0,0,1,0,0.0,0.0,0,1,0,0,1,0,0,,,0,0,0.0,0,1,0,1,0,0
2680,1,1,0,1,1,1,0,1,0,0,0,1,0.0,0.0,0.0,0,0,0.0,,0.0,0,0,0,0,0,0,1,1,0.0,0.0,0,1,1,0,1,0,0,,,0,0,0.0,0,1,0,1,1,0
2690,0,1,0,0,1,1,0,1,0,0,0,1,0.0,0.0,0.0,0,0,0.0,,0.0,0,0,0,0,0,0,1,1,0.0,0.0,0,1,1,0,1,0,0,,,1,0,0.0,0,1,0,1,1,0
2700,0,1,1,0,0,0,0,1,1,0,0,1,0.0,0.0,0.0,0,0,0.0,,0.0,0,0,0,0,0,0,1,0,0.0,0.0,0,0,1,0,1,0,0,,,1,1,0.0,0,0,0,0,1,0
2710,1,1,0,1,0,0,1,1,0,1,0,1,0.0,0.0,0.0,0,0,0.0,,0.0,0,0,0,0,0,0,1,1,0.0,0.0,0,1,1,0,1,0,0,,,1,0,0.0,0,1,0,0,1,0
2720,1,1,1,1,0,1,1,1,0,0,0,0,0.0,0.0,0.0,0,0,0.0,,0.0,0,0,0,0,0,0,1,0,0.0,0.0,0,0,0,0,1,0,0,,,0,0,0.0,0,0,0,0,1,0
2730,0,1,0,1,1,0,0,1,0,0,0,1,0.0,0.0,0.0,0,0,0.0,,0.0,0,0,0,0,0,0,1,0,0.0,0.0,0,0,1,0,1,0,0,,,0,0,0.0,0,1,0,0,1,0
2740,0,1,0,1,0,0,0,0,0,0,0,0,0.0,0.0,0.0,0,0,0.0,,0.0,0,1,1,0,0,0,1,0,0.0,0.0,0,0,0,0,0,0,0,,,0,0,0.0,0,1,0,0,0,0
2750,0,1,0,1,1,0,0,1,0,0,0,1,0.0,0.0,0.0,0,0,0.0,,0.0,0,1,0,0,0,0,1,1,0.0,0.0,0,0,0,0,0,1,0,,,0,0,0.0,0,1,0,0,1,0
2760,0,1,1,1,1,0,0,1,0,0,0,1,0.0,0.0,0.0,0,0,0.0,,0.0,0,1,0,0,0,0,1,0,0.0,0.0,0,0,0,0,0,0,0,,,0,0,0.0,0,1,0,1,1,0
2770,0,1,0,1,1,0,1,1,0,0,0,1,0.0,0.0,0.0,0,0,0.0,,0.0,0,0,0,0,0,0,1,0,0.0,0.0,0,0,0,0,0,0,0,,,1,1,0.0,0,1,0,1,1,0
2780,0,1,1,1,1,1,1,1,0,0,0,1,0.0,0.0,0.0,0,0,0.0,,0.0,0,0,0,0,0,0,1,0,0.0,0.0,0,0,0,0,0,0,0,,,0,0,0.0,0,1,0,1,1,0
2790,0,1,1,1,0,1,1,0,0,0,0,1,0.0,0.0,0.0,0,0,0.0,,0.0,0,0,0,0,0,0,1,0,0.0,0.0,0,0,0,0,0,0,0,,,0,0,0.0,0,0,0,0,1,0
2800,0,1,0,1,0,1,0,0,0,0,0,0,0.0,0.0,0.0,0,1,0.0,,0.0,0,0,0,0,0,0,0,0,0.0,0.0,0,1,1,0,1,0,0,,,1,0,0.0,0,0,0,0,1,0
2810,0,1,1,1,0,1,0,0,0,0,0,0,0.0,0.0,0.0,0,0,0.0,,0.0,0,0,0,0,0,0,1,1,0.0,0.0,0,1,1,0,1,0,0,,,1,0,0.0,0,0,0,0,1,0
2820,0,0,0,1,0,1,0,1,0,0,0,0,0.0,0.0,0.0,0,1,0.0,,0.0,0,0,0,0,0,0,1,0,0.0,0.0,0,0,1,0,1,0,0,,,1,0,0.0,0,0,0,0,1,1
2830,0,1,0,0,0,1,1,0,0,0,0,0,0.0,0.0,0.0,0,0,0.0,,0.0,0,0,0,0,0,0,0,0,0.0,0.0,0,0,1,0,1,0,0,,,0,0,0.0,0,0,0,0,1,0
2840,0,1,0,1,1,1,1,1,0,0,0,1,0.0,0.0,0.0,0,0,0.0,,0.0,0,0,0,0,0,0,1,0,0.0,0.0,0,1,1,0,1,0,0,,,1,0,0.0,0,1,0,0,1,0
2850,1,1,1,1,0,1,1,0,0,0,0,1,0.0,0.0,0.0,0,0,0.0,,0.0,0,0,0,0,0,0,1,0,0.0,0.0,0,0,1,0,1,1,0,,,1,0,0.0,1,1,0,1,0,0
2860,0,1,0,1,0,0,0,0,1,0,0,1,0.0,0.0,0.0,0,0,0.0,,0.0,0,0,0,0,0,0,1,1,0.0,0.0,0,0,1,0,1,1,0,,,1,0,0.0,0,1,0,0,1,0
2870,0,1,1,1,1,1,1,1,0,0,0,1,0.0,0.0,0.0,1,1,0.0,,0.0,0,0,0,0,0,0,1,1,0.0,0.0,0,1,1,0,1,1,0,,,0,0,0.0,0,1,0,1,0,0
2880,0,1,1,1,0,0,0,0,0,0,0,1,0.0,0.0,0.0,0,0,0.0,,0.0,0,0,0,0,1,0,1,0,0.0,0.0,0,1,0,0,1,1,0,,,0,0,0.0,0,1,0,0,1,0
2890,1,1,0,1,1,0,1,1,0,0,0,1,0.0,0.0,0.0,0,0,0.0,,0.0,0,0,0,0,0,0,1,0,0.0,0.0,0,1,1,0,1,1,0,,,1,0,0.0,0,1,0,1,1,0
2900,0,1,0,1,0,0,1,0,0,0,0,1,0.0,0.0,0.0,0,0,0.0,,0.0,0,0,0,0,1,0,1,0,0.0,0.0,0,1,1,0,1,0,0,,,1,0,0.0,0,1,0,1,1,0
2910,0,1,0,0,0,1,1,1,0,0,0,1,0.0,0.0,0.0,0,0,0.0,,0.0,0,0,0,0,0,0,1,0,0.0,0.0,0,1,1,0,1,1,1,,,1,0,0.0,0,1,0,1,1,0
2920,0,1,0,1,1,1,1,1,1,0,0,1,0.0,0.0,0.0,0,0,0.0,,0.0,0,0,0,0,0,0,1,0,0.0,0.0,1,1,1,0,1,1,0,,,1,0,0.0,0,0,0,0,1,1
2930,1,1,0,1,0,1,1,1,1,0,0,1,0.0,0.0,0.0,0,0,0.0,,0.0,0,0,0,0,0,0,1,1,0.0,0.0,0,1,0,0,1,1,0,,,1,0,0.0,0,1,0,1,1,1
2940,1,1,0,1,1,1,0,1,0,0,0,1,0.0,0.0,0.0,0,0,0.0,,0.0,0,0,0,0,0,0,1,0,0.0,0.0,0,1,1,0,1,1,0,,,1,1,0.0,0,1,0,1,1,0
2950,1,1,0,1,1,0,1,1,0,0,0,1,0.0,0.0,0.0,0,0,0.0,,0.0,0,0,0,0,1,0,1,1,0.0,0.0,0,1,1,0,1,1,0,,,1,1,0.0,0,1,0,0,1,0
2960,0,0,0,0,0,1,1,0,0,0,0,1,0.0,0.0,0.0,0,0,0.0,,0.0,0,0,0,0,1,0,1,0,0.0,0.0,0,1,1,0,1,1,0,,,1,0,0.0,0,1,0,1,1,0
2970,0,1,0,0,0,1,1,1,1,0,0,1,0.0,0.0,0.0,1,1,0.0,,0.0,0,0,0,0,0,0,1,0,0.0,0.0,0,1,1,0,1,1,0,,,1,0,0.0,0,1,0,1,1,0
2980,1,1,0,1,1,0,0,1,1,0,0,1,0.0,0.0,0.0,0,0,0.0,,0.0,0,0,0,0,0,0,1,0,0.0,0.0,0,0,1,0,0,0,0,,,0,1,0.0,0,1,0,0,1,1
2990,0,1,0,1,1,1,1,1,1,0,0,1,0.0,0.0,0.0,0,0,0.0,,0.0,0,0,0,0,0,0,1,0,0.0,0.0,0,1,1,0,1,1,0,,,1,0,0.0,0,1,0,0,1,0
3000,0,1,1,0,1,1,1,1,1,0,0,1,0.0,0.0,0.0,0,0,0.0,,0.0,0,0,0,0,0,0,1,0,0.0,0.0,0,1,1,0,1,1,0,,,1,1,0.0,0,1,0,1,1,0
3010,1,1,0,1,0,1,1,1,1,0,0,1,0.0,0.0,0.0,0,0,0.0,,0.0,0,0,0,0,0,0,1,0,0.0,0.0,0,1,1,0,1,1,0,,,1,0,0.0,0,1,0,0,1,0
3020,0,1,0,1,1,0,1,1,1,0,0,1,0.0,0.0,0.0,0,0,0.0,,0.0,0,0,0,0,0,0,1,0,0.0,0.0,0,1,1,0,1,1,1,,,1,1,0.0,0,1,0,1,1,1
3030,1,1,1,1,1,1,1,1,0,0,0,0,0.0,0.0,0.0,1,0,0.0,,0.0,0,0,0,0,0,0,1,0,0.0,0.0,0,1,1,0,1,0,0,,,1,0,0.0,1,1,0,1,1,0
3040,0,1,0,0,1,0,0,1,0,0,0,1,0.0,0.0,0.0,0,0,0.0,,0.0,0,0,0,0,0,0,1,1,0.0,0.0,0,1,1,0,1,1,0,,,1,0,0.0,0,1,0,1,1,0
3050,0,1,0,1,1,0,1,1,0,0,0,1,0.0,0.0,0.0,0,0,0.0,,0.0,0,0,0,0,0,0,1,0,0.0,0.0,0,0,1,0,1,1,1,,,1,1,0.0,0,1,0,1,1,0
3060,0,1,0,0,1,0,0,1,0,0,0,1,0.0,0.0,0.0,0,0,0.0,,0.0,0,0,0,0,0,0,1,0,0.0,0.0,0,0,1,0,1,1,0,,,1,0,0.0,0,1,0,0,1,0
3070,0,1,0,1,0,1,1,1,1,0,1,1,0.0,0.0,0.0,1,0,0.0,,0.0,0,0,0,0,0,0,1,0,0.0,0.0,0,1,1,0,1,1,1,,,1,1,0.0,0,1,0,0,0,0
3080,0,1,1,1,0,1,1,0,0,0,1,1,0.0,0.0,0.0,1,0,0.0,,0.0,0,0,0,0,0,0,1,0,0.0,0.0,0,1,1,0,1,1,1,,,1,0,0.0,0,1,0,1,1,0
3090,0,0,0,0,0,1,1,0,0,1,1,1,0.0,0.0,0.0,0,1,0.0,,0.0,0,0,0,0,1,0,1,0,0.0,0.0,0,1,1,0,1,1,0,,,0,0,0.0,0,1,1,1,1,0
3100,0,1,0,0,0,1,1,1,0,0,1,1,0.0,0.0,0.0,0,0,0.0,,0.0,0,0,0,0,0,0,0,0,0.0,0.0,0,1,0,0,1,1,1,,,1,0,0.0,0,1,0,1,1,0
3110,0,1,0,0,1,1,1,1,1,0,1,1,0.0,0.0,0.0,1,0,0.0,,0.0,0,0,0,0,0,0,1,0,0.0,0.0,0,1,1,0,1,1,0,,,1,0,0.0,0,1,0,1,0,0
3120,0,0,0,0,0,1,1,1,1,1,1,1,0.0,0.0,0.0,0,0,0.0,,0.0,0,0,0,0,0,0,1,0,0.0,0.0,0,1,1,0,1,1,0,,,1,0,0.0,0,1,0,0,1,0
3130,0,1,0,0,1,1,1,1,0,0,1,1,0.0,0.0,0.0,1,1,0.0,,0.0,0,0,0,0,0,0,1,0,0.0,0.0,0,1,1,0,1,0,0,,,1,0,0.0,1,1,0,1,0,0
3140,0,1,0,1,0,1,1,1,0,1,1,1,0.0,0.0,0.0,0,0,0.0,,0.0,0,0,0,0,0,0,1,0,0.0,0.0,0,1,1,0,1,0,0,,,1,0,0.0,1,1,0,1,1,0
3150,0,0,0,0,1,1,1,1,0,1,1,1,0.0,0.0,0.0,0,0,0.0,,0.0,0,0,0,0,0,0,1,0,0.0,0.0,0,1,1,0,1,0,0,,,1,0,0.0,0,1,0,1,1,0
3160,1,1,0,1,1,0,1,1,0,1,0,1,0.0,0.0,0.0,0,0,0.0,,0.0,0,0,0,0,0,0,1,0,0.0,0.0,0,1,1,0,1,0,0,,,0,0,0.0,0,1,0,0,1,1
3170,0,1,0,1,0,1,1,1,0,0,1,0,0.0,0.0,0.0,0,0,0.0,,0.0,0,0,0,0,0,0,1,0,0.0,0.0,0,1,1,0,1,0,0,,,0,0,0.0,0,1,0,0,1,0
3180,0,1,1,1,0,1,1,0,0,0,1,1,0.0,0.0,0.0,0,0,0.0,,0.0,0,0,0,0,0,0,1,1,0.0,0.0,0,0,1,0,1,0,0,,,1,0,0.0,0,1,0,0,0,0
3190,0,1,0,1,0,1,1,1,0,0,1,0,0.0,0.0,0.0,0,0,0.0,,0.0,0,0,0,0,0,0,1,0,0.0,0.0,0,1,1,0,1,0,0,,,1,0,0.0,0,1,0,0,1,0
3200,0,1,0,1,0,0,0,0,0,0,1,1,0.0,1.0,1.0,0,0,0.0,,0.0,0,0,0,0,0,0,1,0,0.0,0.0,0,0,0,0,0,0,0,,,0,0,0.0,0,0,0,0,1,0
3210,1,1,1,1,0,0,0,0,0,0,1,0,0.0,0.0,1.0,0,0,0.0,,0.0,0,0,0,0,1,0,1,1,0.0,0.0,0,0,0,0,0,1,0,,,0,0,0.0,0,1,0,0,1,1
3220,0,1,1,1,0,1,1,1,0,0,1,1,0.0,0.0,0.0,0,0,0.0,,0.0,0,0,0,0,0,0,1,1,0.0,0.0,0,1,1,0,1,1,0,,,0,1,0.0,0,1,0,1,1,0
3230,0,1,0,1,0,1,1,1,0,0,0,0,0.0,0.0,0.0,0,0,0.0,,0.0,0,0,0,0,1,0,1,1,0.0,0.0,0,1,1,0,1,0,0,,,0,1,0.0,0,1,0,0,0,0
3240,0,1,1,1,1,1,1,1,0,0,1,0,0.0,0.0,0.0,0,0,0.0,,0.0,0,0,0,0,1,0,1,1,0.0,0.0,0,1,0,0,1,0,0,,,1,0,0.0,0,1,0,0,1,0
3250,0,1,0,0,0,1,1,1,0,0,1,1,0.0,0.0,0.0,0,0,0.0,,0.0,0,0,0,0,0,0,1,0,0.0,0.0,1,1,1,0,1,0,0,,,1,0,0.0,0,1,0,0,1,1
3260,0,1,1,1,0,1,0,1,0,0,0,0,0.0,0.0,0.0,0,0,0.0,,0.0,0,0,0,0,0,0,1,1,0.0,0.0,0,1,1,0,1,0,0,,,1,0,0.0,0,0,0,0,1,0
3270,0,1,0,1,1,1,1,1,0,1,1,1,0.0,0.0,0.0,0,0,0.0,,0.0,0,0,0,0,1,0,1,0,0.0,0.0,0,1,1,0,1,0,0,,,1,0,0.0,0,1,0,1,1,0
3280,0,1,0,1,1,1,1,1,0,0,1,1,0.0,0.0,0.0,0,0,0.0,,0.0,0,0,0,0,1,0,1,1,0.0,0.0,0,0,1,0,1,0,0,,,1,0,0.0,0,1,0,1,1,1
3290,0,1,1,1,0,0,0,1,0,0,1,0,0.0,0.0,0.0,0,0,0.0,,0.0,0,0,0,0,1,0,1,0,0.0,0.0,0,1,1,0,1,1,1,,,0,0,0.0,0,1,0,0,1,0
3300,0,1,1,1,0,0,1,0,1,0,1,1,0.0,0.0,0.0,0,0,0.0,,0.0,0,0,0,0,1,0,1,1,0.0,0.0,0,1,1,0,1,1,0,,,0,0,0.0,0,1,0,1,1,0
3310,0,1,0,1,1,1,1,1,1,0,1,1,0.0,0.0,0.0,0,0,0.0,,0.0,0,0,0,0,0,0,1,0,0.0,0.0,0,1,1,0,1,1,0,,,0,0,0.0,0,1,0,1,1,0
3320,0,1,0,0,1,1,1,1,0,0,1,0,0.0,0.0,0.0,0,0,0.0,,0.0,0,0,0,0,0,0,1,0,0.0,0.0,0,1,1,0,1,0,0,,,0,1,0.0,0,1,0,0,1,0
3330,0,0,0,0,1,1,1,1,1,0,0,1,0.0,0.0,0.0,0,0,0.0,,0.0,0,0,0,0,0,0,1,1,0.0,0.0,0,1,1,0,1,1,1,,,0,1,0.0,0,1,0,0,1,0
3340,0,1,0,0,1,1,1,1,1,0,0,1,0.0,0.0,0.0,0,0,0.0,,0.0,0,0,0,0,0,0,1,0,0.0,0.0,0,0,1,0,1,1,0,,,0,0,0.0,0,1,0,0,1,0
3350,0,1,0,1,1,1,0,1,0,0,1,1,0.0,0.0,0.0,1,1,0.0,,0.0,0,0,0,0,1,0,1,1,0.0,0.0,0,1,1,0,1,1,0,,,0,0,1.0,0,1,1,1,1,0
3360,0,1,0,0,1,1,0,1,0,1,1,1,0.0,0.0,0.0,0,0,0.0,,0.0,0,0,0,0,0,0,1,0,0.0,0.0,0,1,1,0,1,1,0,,,0,0,0.0,0,1,0,0,1,0
3370,0,1,0,1,1,0,0,1,0,1,0,1,0.0,0.0,0.0,0,0,0.0,,0.0,0,0,0,0,1,0,1,1,0.0,0.0,0,1,1,0,1,0,0,,,0,1,0.0,0,1,0,0,1,0
3380,0,1,0,1,1,1,0,1,0,1,1,1,0.0,0.0,0.0,0,1,0.0,,0.0,0,0,0,0,1,0,1,0,0.0,0.0,0,1,1,0,1,0,0,,,1,0,0.0,0,1,0,0,1,0
3390,1,1,0,1,1,1,1,1,0,0,0,1,0.0,0.0,0.0,0,0,0.0,,0.0,0,0,0,0,0,0,1,0,0.0,0.0,1,1,1,0,1,0,0,,,1,1,0.0,0,1,0,0,1,1
3400,0,1,0,1,1,0,0,1,0,1,1,1,0.0,0.0,0.0,0,0,0.0,,0.0,0,0,0,0,1,0,1,0,0.0,0.0,0,1,1,0,1,0,0,,,1,1,0.0,0,1,0,0,1,0
3410,1,1,0,1,1,0,0,1,0,1,1,1,0.0,0.0,0.0,0,0,0.0,,0.0,0,0,0,0,1,0,1,0,0.0,0.0,0,1,0,0,1,1,0,,,1,0,0.0,0,1,0,1,1,0
3420,0,1,0,0,1,1,0,1,0,1,1,1,0.0,0.0,0.0,0,0,0.0,,0.0,0,0,0,0,0,0,1,1,0.0,0.0,0,1,1,0,1,0,0,,,1,1,0.0,0,1,0,0,1,0
3430,0,1,0,0,1,1,1,1,0,1,1,1,0.0,0.0,0.0,0,0,0.0,,0.0,0,0,0,0,1,0,1,0,0.0,0.0,0,1,0,0,1,0,0,,,0,0,0.0,0,1,0,1,1,0
3440,1,1,0,1,1,0,0,1,0,1,0,1,0.0,0.0,0.0,0,0,0.0,,0.0,0,0,0,0,1,0,1,1,0.0,0.0,0,1,1,0,1,1,1,,,1,0,0.0,0,1,0,0,0,0
3450,0,1,0,1,1,0,0,1,0,1,0,1,0.0,0.0,0.0,0,0,0.0,,0.0,0,0,0,0,0,0,1,1,0.0,0.0,0,1,1,0,1,1,1,,,1,1,0.0,0,1,0,1,1,0
3460,1,1,0,1,1,1,0,1,0,1,0,1,0.0,0.0,0.0,0,0,0.0,,0.0,0,0,0,0,0,0,1,0,0.0,0.0,0,1,1,0,1,0,0,,,1,1,0.0,0,1,0,1,0,0
3470,0,1,0,1,0,1,1,0,0,0,0,0,0.0,0.0,0.0,0,0,0.0,,0.0,0,0,0,0,1,0,1,0,0.0,0.0,0,1,1,0,1,0,0,,,1,0,0.0,0,0,0,0,1,0
3480,0,1,0,0,1,1,1,1,0,0,0,0,0.0,0.0,0.0,1,0,0.0,,0.0,0,0,0,0,0,0,1,0,0.0,0.0,0,1,1,0,1,1,0,,,1,0,0.0,0,1,0,0,0,0
3490,1,1,0,1,0,1,1,1,0,0,1,0,0.0,0.0,0.0,1,1,0.0,,0.0,0,0,0,0,0,0,1,0,0.0,0.0,0,1,1,0,1,1,0,,,1,0,0.0,0,1,0,0,1,0
3500,0,1,0,1,1,0,0,1,0,0,1,0,0.0,0.0,0.0,0,0,0.0,,0.0,0,0,0,0,0,0,1,0,0.0,0.0,0,1,1,0,1,1,0,,,1,0,0.0,0,1,0,0,1,0
3510,0,1,0,1,1,1,1,1,0,0,0,1,0.0,0.0,0.0,0,1,0.0,,0.0,0,0,0,0,1,0,1,0,0.0,0.0,0,1,1,0,1,1,1,,,1,1,0.0,0,1,0,1,1,0
3520,1,1,0,1,0,1,0,0,0,0,0,0,0.0,0.0,0.0,0,0,0.0,,0.0,0,0,0,0,1,0,0,0,0.0,0.0,0,1,1,0,1,1,0,,,1,0,0.0,0,1,0,0,0,0
3530,1,1,0,1,1,0,0,1,0,0,0,0,0.0,0.0,0.0,0,0,0.0,,0.0,0,0,0,0,0,0,1,0,0.0,0.0,0,1,1,0,1,1,0,,,1,0,0.0,0,1,0,1,0,0
3540,1,1,0,1,1,0,1,1,0,0,0,0,0.0,0.0,0.0,0,0,0.0,,0.0,0,0,0,0,1,0,1,1,0.0,0.0,0,1,1,0,1,1,1,,,1,1,0.0,0,1,0,0,0,0
3550,1,1,0,1,1,1,0,1,0,0,0,0,0.0,0.0,0.0,0,0,0.0,,0.0,0,0,0,0,1,0,1,0,0.0,0.0,0,1,1,0,1,0,0,,,1,0,0.0,0,1,0,0,1,0
3560,1,1,0,1,1,1,1,1,0,0,0,0,0.0,0.0,0.0,0,0,0.0,,0.0,0,0,0,0,0,0,1,0,0.0,0.0,0,1,1,0,1,1,0,,,1,0,0.0,0,1,0,0,0,0
3570,0,1,0,1,1,0,0,1,0,1,1,1,0.0,0.0,0.0,0,0,0.0,,0.0,0,0,0,0,0,0,1,1,0.0,0.0,0,1,1,0,1,0,0,,,1,1,0.0,0,1,0,1,0,0
3580,0,1,1,1,0,0,0,0,0,0,1,0,0.0,0.0,0.0,0,0,0.0,,0.0,0,0,0,0,1,0,1,1,0.0,0.0,0,0,0,0,0,0,0,,,1,0,0.0,0,1,0,0,0,0
3590,0,1,1,1,1,0,0,1,0,0,0,1,0.0,0.0,0.0,0,0,0.0,,0.0,0,0,0,0,1,0,1,0,0.0,0.0,0,0,0,0,0,1,0,,,1,1,0.0,0,1,0,1,0,0
3600,0,1,1,0,1,0,0,1,0,0,0,0,0.0,0.0,0.0,0,0,0.0,,0.0,0,0,0,0,1,0,1,1,0.0,0.0,0,0,0,0,0,0,0,,,1,1,0.0,0,1,0,0,0,0
3610,0,1,1,1,1,0,0,1,1,0,0,1,0.0,0.0,0.0,0,0,0.0,,0.0,0,0,0,0,0,0,1,1,0.0,0.0,0,0,1,0,1,0,0,,,1,1,0.0,0,1,0,0,1,0
3620,1,1,0,1,0,1,1,0,0,0,0,0,0.0,0.0,0.0,0,0,0.0,,0.0,0,0,0,0,0,0,1,1,0.0,0.0,0,1,0,0,1,1,0,,,1,1,0.0,0,1,0,0,1,0
3630,0,1,1,1,0,1,1,1,0,0,1,1,0.0,0.0,0.0,0,0,0.0,,0.0,0,0,0,0,1,0,1,1,0.0,0.0,0,1,1,0,1,1,0,,,1,0,0.0,0,1,0,1,1,1
3640,0,1,1,1,0,0,1,1,0,0,1,1,0.0,0.0,0.0,0,0,0.0,,0.0,0,0,0,0,1,0,1,1,0.0,0.0,0,1,1,0,1,1,1,,,1,0,0.0,0,1,0,1,0,0
3650,0,1,1,1,0,0,1,0,0,0,0,0,0.0,0.0,0.0,0,0,0.0,,0.0,0,0,0,0,1,0,1,0,0.0,0.0,0,0,0,0,1,1,0,,,0,0,0.0,0,1,0,0,1,0
3660,0,1,0,1,0,1,0,1,0,0,0,0,0.0,0.0,0.0,0,0,0.0,,0.0,0,0,0,0,0,0,1,0,0.0,0.0,0,1,1,0,1,1,0,,,1,1,0.0,0,1,0,1,0,0
3670,0,1,0,1,0,0,1,0,0,0,1,0,0.0,0.0,0.0,0,0,0.0,,0.0,0,0,0,0,0,0,1,1,0.0,0.0,0,0,1,0,1,1,0,,,1,0,0.0,0,1,0,1,1,0
3680,0,1,0,1,0,1,0,1,0,0,1,0,0.0,0.0,0.0,0,0,0.0,,0.0,0,0,0,0,1,0,1,0,0.0,0.0,0,1,1,0,1,0,0,,,1,1,0.0,0,1,0,0,1,0
3690,0,1,1,1,1,0,1,1,0,1,0,1,0.0,0.0,0.0,0,0,0.0,,0.0,0,0,0,0,1,0,1,0,0.0,0.0,0,1,1,0,1,0,0,,,1,0,0.0,0,1,0,1,1,0
3700,0,1,0,1,0,1,0,1,0,1,1,1,0.0,0.0,0.0,0,0,0.0,,0.0,0,0,0,1,0,0,1,0,0.0,0.0,0,1,0,0,1,0,0,,,0,0,0.0,0,1,0,0,1,0
3710,0,1,0,1,0,1,1,1,0,0,1,0,0.0,0.0,0.0,0,0,0.0,,0.0,0,0,0,0,1,0,1,1,0.0,0.0,0,1,1,0,1,0,0,,,1,0,0.0,0,1,0,1,1,0
3720,0,1,0,1,0,1,1,1,0,0,0,0,0.0,0.0,0.0,0,0,0.0,,0.0,0,0,0,0,1,0,1,1,0.0,0.0,0,1,0,0,1,0,0,,,0,0,0.0,0,1,0,1,1,0
3730,1,1,0,1,1,0,0,1,0,0,1,1,0.0,0.0,0.0,0,0,0.0,,0.0,0,0,0,0,1,0,0,0,0.0,0.0,0,0,1,0,1,0,0,,,1,0,0.0,0,1,0,0,1,0
3740,0,1,0,1,1,1,1,1,0,0,1,1,0.0,0.0,0.0,0,0,0.0,,0.0,0,0,0,0,1,0,1,0,0.0,0.0,0,0,1,0,1,1,0,,,1,0,0.0,0,1,0,0,1,0
3750,1,1,0,1,0,1,1,1,0,0,1,0,0.0,0.0,0.0,0,0,0.0,,0.0,0,0,0,0,1,0,1,0,0.0,0.0,0,1,1,0,1,1,0,,,0,1,0.0,0,1,1,1,1,0
3760,1,1,0,1,0,1,1,1,0,0,1,0,0.0,0.0,0.0,1,0,0.0,,0.0,0,0,0,0,1,0,1,0,0.0,0.0,0,1,1,0,1,1,0,,,0,0,0.0,0,1,0,0,1,1
3770,0,1,0,1,1,0,0,1,0,0,1,1,0.0,0.0,0.0,0,0,0.0,,0.0,0,0,0,0,1,0,1,1,0.0,0.0,0,0,1,0,1,1,1,,,1,0,0.0,0,1,0,1,1,0
3780,0,1,0,1,1,0,0,1,0,0,0,1,0.0,0.0,0.0,0,0,0.0,,0.0,0,0,0,0,0,0,1,1,0.0,0.0,0,0,1,0,1,0,0,,,1,0,0.0,0,1,0,1,1,1
3790,0,1,1,1,0,0,0,1,0,0,0,1,0.0,0.0,0.0,0,0,0.0,,0.0,0,0,0,0,0,0,1,1,0.0,0.0,0,1,1,0,1,0,0,,,1,0,0.0,0,1,0,0,1,1
3800,0,1,0,1,1,0,0,1,0,0,0,1,0.0,0.0,0.0,0,0,0.0,,0.0,0,0,0,1,1,0,1,0,0.0,0.0,0,0,1,0,1,1,0,,,1,0,0.0,0,1,0,0,1,0
3810,0,1,0,1,1,0,0,1,0,0,0,1,0.0,0.0,0.0,0,0,0.0,,0.0,0,0,0,1,1,0,1,1,0.0,0.0,0,0,1,0,1,0,0,,,1,0,0.0,0,1,0,0,1,0
3820,0,1,1,1,1,0,0,1,1,0,0,1,0.0,0.0,0.0,0,0,0.0,,0.0,0,0,0,1,0,0,1,0,0.0,0.0,0,0,0,0,0,0,0,,,1,0,0.0,0,1,0,0,1,0
3830,0,1,0,1,1,0,0,1,0,0,0,1,0.0,0.0,0.0,0,0,0.0,,0.0,0,0,0,0,0,0,1,1,0.0,0.0,0,0,1,0,1,0,0,,,0,0,0.0,0,1,0,1,1,0
3840,0,1,0,1,1,0,0,1,0,0,0,0,0.0,0.0,0.0,0,0,0.0,,0.0,0,0,0,0,1,0,1,0,0.0,0.0,0,0,1,0,1,1,0,,,0,0,0.0,0,1,0,1,1,0
3850,0,1,0,0,1,0,0,1,0,0,0,1,0.0,0.0,0.0,0,0,0.0,,0.0,0,0,0,0,1,0,1,1,0.0,0.0,0,0,1,0,1,0,0,,,0,0,0.0,0,1,0,1,1,0
3860,0,1,1,1,0,0,0,0,0,0,0,0,0.0,0.0,0.0,0,0,0.0,,0.0,0,0,0,0,1,0,1,1,0.0,0.0,0,1,1,0,1,1,0,,,1,0,0.0,0,1,0,1,1,0
3870,1,1,0,1,1,0,0,1,0,0,0,0,0.0,0.0,0.0,0,0,0.0,,0.0,0,0,0,0,1,0,1,1,0.0,0.0,0,1,1,0,1,0,0,,,1,0,0.0,0,1,0,1,1,0
3880,1,1,0,1,0,0,0,0,0,0,0,1,0.0,0.0,0.0,0,0,0.0,,0.0,0,0,0,0,1,0,1,0,0.0,0.0,1,1,1,0,1,0,0,,,0,0,0.0,0,1,0,1,1,1
3890,0,1,1,0,0,0,0,0,1,0,0,1,0.0,0.0,0.0,0,0,0.0,,0.0,0,0,0,0,0,0,1,0,0.0,0.0,0,0,1,0,1,0,0,,,1,0,0.0,0,1,0,0,1,1
3900,0,1,1,1,0,0,0,0,1,0,0,1,0.0,0.0,0.0,0,0,0.0,,0.0,0,0,0,0,1,0,1,0,0.0,0.0,0,1,1,0,1,0,0,,,1,0,0.0,0,0,0,0,1,0
3910,1,1,0,1,1,1,0,1,0,0,0,1,0.0,0.0,0.0,0,0,0.0,,0.0,0,0,0,0,0,0,1,0,0.0,0.0,0,1,1,0,1,0,0,,,0,0,0.0,0,1,0,1,0,0
3920,1,1,0,1,0,0,0,0,0,0,0,0,0.0,0.0,0.0,0,0,0.0,,0.0,0,0,0,0,1,0,1,0,0.0,0.0,0,1,1,0,1,1,0,,,1,1,0.0,0,1,0,0,0,0
3930,1,1,1,1,0,1,1,0,0,0,0,1,0.0,0.0,0.0,0,0,0.0,,0.0,0,0,0,0,0,0,1,0,0.0,0.0,0,1,1,0,1,1,0,,,1,1,0.0,0,1,0,0,0,0
3940,1,1,0,1,0,0,1,1,0,0,0,0,0.0,0.0,0.0,0,0,0.0,,0.0,0,0,0,0,0,0,1,0,0.0,0.0,0,1,1,0,1,1,0,,,1,0,0.0,0,1,0,0,1,1
3950,0,1,0,1,1,1,1,1,0,0,0,0,0.0,0.0,0.0,0,0,0.0,,0.0,0,0,0,0,0,0,1,0,0.0,0.0,0,1,1,0,1,0,0,,,1,0,0.0,0,0,0,0,1,0
3960,0,1,0,1,0,1,1,1,0,0,1,1,0.0,0.0,0.0,0,0,0.0,,0.0,0,0,0,0,0,0,1,0,0.0,0.0,0,1,1,0,1,1,0,,,1,0,0.0,0,1,0,1,1,0
3970,0,1,1,1,0,0,0,1,1,0,0,1,0.0,0.0,0.0,0,0,0.0,,0.0,0,0,0,0,1,1,1,0,0.0,0.0,0,1,1,0,1,1,0,,,0,0,0.0,0,1,0,1,0,0
3980,0,1,0,0,1,0,0,1,0,0,0,0,0.0,0.0,0.0,0,0,0.0,,0.0,0,0,0,0,1,0,1,0,0.0,0.0,0,1,1,0,1,1,0,,,1,0,0.0,0,1,0,1,0,0
3990,0,1,1,1,1,0,0,1,1,0,0,1,0.0,0.0,0.0,0,0,0.0,,0.0,0,0,0,1,0,0,1,0,0.0,0.0,0,0,1,0,1,1,1,,,1,0,0.0,0,1,0,0,1,0
4000,0,1,0,1,1,0,0,1,0,0,0,1,0.0,0.0,0.0,0,0,0.0,,0.0,0,0,0,0,1,1,1,0,0.0,0.0,0,0,1,0,1,0,0,,,1,1,0.0,0,1,0,1,1,0
4010,0,1,0,1,1,1,0,1,0,0,0,0,0.0,0.0,0.0,0,0,0.0,,0.0,0,0,0,0,1,0,1,0,0.0,0.0,0,0,0,0,0,0,0,,,1,0,0.0,0,1,0,1,0,0
4020,0,1,1,1,1,0,0,1,0,0,0,1,0.0,0.0,0.0,0,0,0.0,,0.0,0,0,0,0,1,0,1,0,0.0,0.0,0,0,0,0,0,0,0,,,1,0,0.0,0,1,0,0,0,0
4030,0,1,0,1,0,0,0,0,1,0,0,1,0.0,0.0,0.0,0,0,0.0,,0.0,0,0,0,0,1,0,1,1,0.0,0.0,0,0,1,0,1,0,0,,,1,0,0.0,0,1,0,0,1,0
4040,0,1,1,1,1,1,0,1,0,0,0,1,0.0,0.0,0.0,0,0,0.0,,0.0,0,0,0,1,0,0,1,0,0.0,0.0,0,0,0,0,0,0,0,,,1,0,0.0,0,1,0,0,1,1
4050,0,1,1,0,1,1,0,1,0,0,0,1,0.0,0.0,0.0,0,0,0.0,,0.0,0,0,0,1,0,0,1,1,0.0,0.0,0,0,1,0,0,0,0,,,1,0,0.0,0,1,0,0,0,0
4060,0,1,0,0,1,1,0,1,0,0,0,1,0.0,0.0,0.0,0,0,0.0,,0.0,0,0,0,0,0,0,1,0,0.0,0.0,0,0,1,0,1,0,0,,,1,0,0.0,0,1,0,0,1,0
4070,0,1,1,0,1,1,0,1,0,0,0,0,0.0,0.0,0.0,0,0,0.0,,0.0,0,0,0,0,1,0,1,0,0.0,0.0,0,0,0,0,0,0,0,,,1,0,0.0,0,1,0,1,1,0
4080,0,1,0,1,1,0,0,1,1,0,0,1,0.0,0.0,0.0,0,0,0.0,,0.0,0,0,0,1,1,0,1,0,0.0,0.0,0,0,1,0,1,1,0,,,0,1,0.0,0,1,0,1,1,1
4090,0,1,0,1,1,0,0,1,0,0,0,1,0.0,0.0,0.0,0,0,0.0,,0.0,0,0,0,0,1,0,1,0,0.0,0.0,0,1,1,0,1,1,0,,,1,0,0.0,0,1,0,1,1,0
4100,0,1,0,0,0,0,0,0,1,0,0,1,0.0,0.0,0.0,0,0,0.0,,0.0,0,0,0,0,1,0,1,1,0.0,0.0,0,1,1,0,1,1,1,,,1,1,0.0,0,1,0,1,1,0
4110,0,1,1,1,1,0,0,1,0,0,0,1,0.0,0.0,0.0,0,0,0.0,,0.0,0,0,0,0,0,0,1,1,0.0,0.0,0,0,1,0,1,0,0,,,0,0,0.0,0,1,0,0,1,0
4120,0,1,1,1,0,0,0,0,1,0,0,1,0.0,0.0,0.0,0,0,0.0,,0.0,0,0,0,0,1,0,1,0,0.0,0.0,0,1,1,0,1,1,0,,,1,0,0.0,0,1,1,1,1,0
4130,0,1,0,1,0,1,0,0,0,0,0,0,0.0,0.0,0.0,0,0,0.0,,0.0,0,0,0,0,1,1,1,1,0.0,0.0,0,1,1,0,1,1,0,,,0,0,0.0,0,1,0,0,1,0
4140,0,0,0,0,0,0,0,1,0,0,1,1,0.0,0.0,0.0,0,0,0.0,,0.0,0,0,0,0,1,1,1,0,0.0,0.0,0,1,1,0,1,1,0,,,0,1,0.0,0,1,0,1,0,0
4150,0,1,0,0,0,0,0,0,0,0,1,0,0.0,0.0,0.0,0,0,0.0,,0.0,0,0,0,0,1,0,1,1,0.0,0.0,0,1,1,0,1,0,0,,,1,0,0.0,0,1,0,0,1,0
4160,0,1,1,1,1,0,0,1,0,0,1,1,0.0,0.0,0.0,0,0,0.0,,0.0,0,0,0,0,1,0,1,0,0.0,0.0,0,1,1,0,1,0,0,,,1,0,0.0,0,1,0,1,1,1
4170,1,1,1,1,1,1,1,1,0,1,1,1,0.0,0.0,0.0,0,0,0.0,,0.0,0,0,0,0,1,0,1,1,0.0,0.0,0,1,1,0,1,0,0,,,0,1,0.0,1,1,0,1,1,0
4180,1,1,1,1,1,1,1,1,0,0,0,0,0.0,0.0,0.0,0,0,0.0,,0.0,0,0,0,0,1,0,1,0,0.0,0.0,0,1,1,0,1,0,0,,,0,0,0.0,1,1,0,1,1,0
4190,1,1,1,1,1,1,1,1,0,1,1,1,0.0,0.0,0.0,1,1,0.0,,0.0,0,0,0,0,1,0,1,1,0.0,0.0,0,1,1,0,1,0,0,,,0,0,0.0,0,1,0,0,1,0
4200,1,1,1,1,1,1,1,1,0,0,1,0,0.0,0.0,0.0,0,0,0.0,,0.0,0,0,0,0,1,0,1,1,0.0,0.0,0,1,1,0,1,0,0,,,0,1,0.0,1,1,0,1,1,0
4210,0,1,0,1,1,1,1,1,0,0,1,0,0.0,0.0,0.0,0,0,0.0,,0.0,0,0,0,0,0,0,1,0,0.0,0.0,0,1,1,0,1,0,0,,,0,1,0.0,1,1,0,1,1,0
4220,0,1,0,1,0,1,1,1,0,1,1,1,0.0,0.0,0.0,0,0,0.0,,0.0,0,0,0,0,0,0,1,1,0.0,0.0,0,1,1,0,1,0,0,,,0,0,0.0,0,1,0,1,1,1
4230,1,1,0,1,1,1,1,1,0,0,1,0,0.0,0.0,0.0,0,0,0.0,,0.0,0,0,0,0,1,1,1,0,0.0,0.0,0,1,1,0,1,0,0,,,0,1,0.0,1,1,0,1,1,1
4240,1,1,0,1,1,1,1,1,0,0,1,1,0.0,0.0,0.0,1,0,0.0,,0.0,0,0,0,0,1,0,1,0,0.0,0.0,0,1,1,0,1,0,0,,,0,1,0.0,1,1,0,1,1,0
4250,1,1,1,1,1,1,1,1,0,0,1,1,0.0,0.0,0.0,0,0,0.0,,0.0,0,0,0,0,1,0,1,0,0.0,0.0,0,1,1,0,1,0,0,,,0,0,0.0,1,1,0,1,1,1
4260,0,1,1,1,1,0,1,1,0,1,0,1,0.0,0.0,0.0,0,0,0.0,,0.0,0,0,0,0,1,0,1,1,0.0,0.0,0,1,1,0,1,0,0,,,0,0,0.0,0,1,0,1,1,0
4270,0,1,1,1,0,1,1,1,0,1,0,1,0.0,0.0,0.0,0,0,0.0,,0.0,0,0,0,0,1,0,1,1,0.0,0.0,0,1,1,0,1,0,0,,,1,0,0.0,0,1,0,1,1,1
4280,0,1,1,1,0,0,0,0,0,0,1,0,0.0,0.0,0.0,0,0,0.0,,0.0,0,0,0,0,1,0,1,0,0.0,0.0,0,1,1,0,1,1,0,,,0,0,0.0,0,1,0,1,1,1
4290,1,1,0,1,0,1,1,1,0,0,0,0,0.0,0.0,0.0,0,1,0.0,,0.0,0,0,0,0,1,0,1,0,0.0,0.0,0,1,1,0,1,1,0,,,0,0,0.0,0,1,0,1,1,1
4300,1,1,0,1,0,0,0,1,1,0,0,1,0.0,0.0,0.0,0,0,0.0,,0.0,0,0,0,1,0,0,1,1,0.0,0.0,0,0,1,0,1,1,0,,,1,0,0.0,0,1,0,1,1,0
4310,1,1,0,1,1,0,0,1,0,0,0,1,0.0,0.0,0.0,0,0,0.0,,0.0,0,0,0,0,1,0,1,1,0.0,0.0,0,1,1,0,1,0,0,,,0,0,0.0,0,1,0,1,1,0
4320,0,1,0,0,0,1,0,0,0,0,0,1,0.0,0.0,0.0,0,0,0.0,,0.0,0,0,0,0,1,0,1,1,0.0,0.0,0,0,0,0,0,0,0,,,0,0,0.0,0,1,0,1,1,0
4330,1,1,0,1,1,0,0,1,0,0,0,1,0.0,0.0,0.0,0,0,0.0,,0.0,0,0,0,0,0,0,1,1,0.0,0.0,0,1,1,0,1,0,0,,,1,0,0.0,0,1,0,0,1,1
4340,1,1,0,1,1,0,0,1,1,0,0,1,0.0,0.0,0.0,0,0,0.0,,0.0,0,0,0,0,0,0,1,0,0.0,0.0,0,1,1,0,1,1,1,,,1,0,0.0,0,1,0,1,1,0
4350,0,1,0,0,0,0,0,0,1,0,0,1,0.0,0.0,0.0,0,0,0.0,,0.0,0,0,0,0,1,0,0,0,0.0,0.0,0,1,1,0,1,1,0,,,1,0,0.0,0,1,0,1,1,0
4360,0,1,0,1,0,1,0,0,1,0,0,1,0.0,0.0,0.0,0,0,0.0,,0.0,0,0,0,0,1,0,1,0,0.0,0.0,0,0,1,0,1,0,0,,,1,0,0.0,0,1,0,1,1,0
4370,1,1,0,1,0,0,0,0,0,0,0,1,0.0,0.0,0.0,0,0,0.0,,0.0,0,0,0,0,0,0,1,0,0.0,0.0,0,1,1,0,1,1,0,,,1,0,0.0,0,1,0,0,0,0
4380,1,1,0,1,1,0,0,1,0,0,0,0,0.0,0.0,0.0,0,0,0.0,,0.0,0,0,0,0,0,0,1,0,0.0,0.0,0,0,1,0,1,0,0,,,1,1,0.0,0,1,0,0,1,0
4390,0,1,0,1,0,0,0,0,0,0,0,1,0.0,0.0,0.0,0,0,0.0,,0.0,0,0,0,0,1,0,1,1,0.0,0.0,0,1,1,0,1,0,0,,,1,0,0.0,0,1,0,0,1,0
4400,1,1,0,1,0,0,0,0,0,0,0,0,0.0,0.0,0.0,0,0,0.0,,0.0,0,0,0,0,1,0,1,0,0.0,0.0,0,0,1,0,1,1,0,,,1,0,0.0,0,1,0,0,1,0
4410,1,1,0,1,0,1,1,0,1,0,0,1,0.0,0.0,0.0,0,0,0.0,,0.0,0,0,0,0,1,0,1,0,0.0,0.0,0,1,1,0,1,0,0,,,1,0,0.0,0,0,0,1,1,0
4420,0,1,0,1,1,0,0,1,0,0,0,1,0.0,0.0,0.0,0,0,0.0,,0.0,0,0,0,0,1,0,0,0,0.0,0.0,0,1,1,0,1,1,1,,,1,0,1.0,0,1,0,1,1,1
4430,0,1,0,0,0,1,0,0,1,0,0,1,0.0,0.0,0.0,1,0,0.0,,0.0,0,0,0,0,0,0,1,0,0.0,0.0,0,0,1,0,1,1,1,,,1,1,0.0,0,1,0,1,1,0
4440,0,1,0,1,0,0,0,1,1,0,0,1,0.0,0.0,0.0,1,0,0.0,,0.0,0,0,0,0,1,0,1,0,0.0,0.0,0,0,1,0,1,1,1,,,1,0,0.0,0,1,0,0,1,0
4450,0,1,1,0,1,0,0,1,1,0,0,1,0.0,0.0,0.0,1,1,0.0,,0.0,0,0,0,0,0,0,1,0,0.0,0.0,0,0,1,0,1,0,0,,,1,0,0.0,0,1,0,0,1,0
4460,0,1,0,1,0,0,0,0,1,0,0,1,0.0,0.0,0.0,0,0,0.0,,0.0,0,0,0,0,0,0,1,0,0.0,0.0,0,1,1,0,1,0,0,,,1,0,0.0,0,1,0,0,1,0
4470,0,1,0,1,1,0,0,1,0,0,0,1,0.0,0.0,0.0,1,0,0.0,,0.0,0,0,0,0,0,0,1,1,0.0,0.0,0,0,1,0,1,1,0,,,1,0,0.0,0,1,0,1,1,0
4480,0,1,1,1,1,1,0,1,1,0,0,1,0.0,0.0,0.0,1,0,0.0,,0.0,0,0,0,1,1,0,1,0,0.0,0.0,0,0,1,0,1,0,0,,,0,1,0.0,0,1,0,1,1,1
4490,0,1,0,1,0,1,0,1,1,0,0,1,0.0,0.0,0.0,0,0,0.0,,0.0,0,0,0,1,1,0,1,0,0.0,0.0,0,0,1,0,0,1,0,,,0,0,0.0,0,1,0,0,1,1
4500,0,1,0,1,1,0,0,1,1,0,0,1,0.0,0.0,0.0,1,0,0.0,,0.0,0,0,0,0,1,1,1,1,0.0,0.0,0,0,1,0,1,0,1,,,1,0,0.0,0,1,0,1,0,0
4510,0,1,1,1,1,0,0,1,0,0,0,1,0.0,0.0,0.0,0,0,0.0,,0.0,0,0,0,0,1,0,1,0,0.0,0.0,0,0,1,0,1,1,0,,,0,0,0.0,0,1,0,0,1,1
4520,0,1,1,1,0,1,0,1,1,0,0,1,0.0,0.0,0.0,0,0,0.0,,0.0,0,0,0,0,1,0,1,0,0.0,0.0,0,1,1,0,1,0,0,,,1,0,0.0,0,1,0,0,1,0
4530,1,1,0,1,1,0,0,1,0,0,0,1,0.0,0.0,0.0,0,0,0.0,,0.0,0,0,0,1,1,0,1,0,0.0,0.0,0,0,1,0,0,0,0,,,1,0,0.0,0,1,0,1,1,0
4540,0,1,1,1,1,0,0,1,0,0,0,1,0.0,0.0,0.0,0,0,0.0,,0.0,0,0,0,0,0,0,1,1,0.0,0.0,0,0,0,0,0,0,0,,,1,0,0.0,0,1,0,0,1,0
4550,0,1,1,1,1,0,0,1,0,0,0,1,0.0,0.0,0.0,0,0,0.0,,0.0,0,0,0,0,1,0,1,1,0.0,0.0,0,0,0,0,0,0,0,,,1,0,0.0,0,1,0,1,0,0
4560,0,1,1,1,1,0,0,1,0,0,0,0,0.0,0.0,0.0,0,0,0.0,,0.0,0,0,0,1,1,0,1,1,0.0,0.0,0,1,1,0,1,0,0,,,1,0,0.0,0,1,0,1,1,0
4570,1,1,0,1,1,0,0,1,0,0,0,0,0.0,0.0,0.0,0,0,0.0,,0.0,0,0,0,0,0,0,1,1,0.0,0.0,0,1,0,0,1,0,0,,,1,0,0.0,0,1,0,0,1,0
4580,0,1,1,1,1,1,0,1,0,0,0,1,0.0,0.0,0.0,0,0,0.0,,0.0,0,0,0,0,0,0,1,1,0.0,0.0,0,0,0,0,0,0,0,,,0,0,0.0,0,1,0,0,1,1
4590,0,1,0,1,1,1,0,1,0,0,0,0,0.0,0.0,0.0,0,0,0.0,,0.0,0,0,0,0,0,0,1,1,0.0,0.0,0,1,1,0,1,0,0,,,1,0,0.0,0,1,0,1,1,0
4600,0,1,1,1,1,0,0,1,0,0,0,1,0.0,0.0,0.0,0,0,0.0,,0.0,0,0,0,0,1,0,1,1,0.0,0.0,0,0,0,0,0,0,0,,,0,0,0.0,0,1,0,1,1,0
4610,0,1,0,1,1,1,0,1,0,0,0,1,0.0,0.0,0.0,0,0,0.0,,0.0,0,0,0,0,1,0,1,0,0.0,0.0,0,0,0,0,0,0,0,,,0,0,0.0,0,1,0,1,1,0
4620,0,1,1,1,1,0,0,1,0,0,0,1,0.0,0.0,0.0,0,0,0.0,,0.0,0,0,0,0,1,0,1,1,0.0,0.0,0,0,0,0,0,0,0,,,1,0,0.0,0,1,0,1,1,0
4630,0,1,1,1,1,0,0,1,1,0,0,1,0.0,0.0,0.0,0,0,0.0,,0.0,0,0,0,0,1,0,1,1,0.0,0.0,0,0,0,0,0,0,0,,,1,0,0.0,0,1,0,1,1,0
4640,0,1,0,1,1,1,0,1,1,0,0,1,0.0,0.0,0.0,0,0,0.0,,0.0,0,0,0,0,0,0,1,0,0.0,0.0,0,0,1,0,1,0,0,,,1,0,0.0,0,1,0,0,1,1
4650,0,1,1,1,1,0,1,1,0,0,0,1,0.0,0.0,0.0,0,0,0.0,,0.0,0,1,0,0,0,0,1,0,0.0,0.0,0,0,0,0,0,0,0,,,1,0,0.0,0,1,0,1,1,1
4660,0,1,0,1,1,0,1,1,0,0,0,1,0.0,0.0,0.0,0,0,0.0,,0.0,0,0,0,0,0,0,1,0,0.0,0.0,0,1,1,0,1,1,0,,,1,0,0.0,1,1,0,1,0,0
4670,0,1,0,1,1,0,0,1,0,0,0,0,0.0,0.0,0.0,0,0,0.0,,0.0,0,0,0,0,0,0,1,0,0.0,0.0,0,0,0,0,0,0,0,,,0,1,0.0,0,1,0,0,0,0
4680,0,1,0,1,1,1,1,1,1,0,0,1,0.0,0.0,0.0,0,0,0.0,,0.0,0,0,0,0,1,0,1,1,0.0,0.0,0,1,1,0,1,1,0,,,1,0,0.0,0,1,0,0,0,0
4690,1,1,0,1,1,1,0,1,1,0,0,1,0.0,0.0,0.0,0,0,0.0,,0.0,0,0,0,0,0,0,1,0,0.0,0.0,0,1,1,0,1,0,0,,,1,1,0.0,0,1,0,1,1,0
4700,1,1,0,1,1,1,0,1,1,0,0,1,0.0,0.0,0.0,0,0,0.0,,0.0,0,0,0,0,0,0,1,1,0.0,0.0,0,1,0,0,1,1,0,,,1,0,0.0,0,1,0,1,0,0
4710,1,1,0,1,1,1,0,1,1,0,0,1,0.0,0.0,0.0,0,0,0.0,,0.0,0,0,0,0,1,0,1,1,0.0,0.0,0,1,0,0,1,1,0,,,1,0,0.0,0,1,0,1,0,0
4720,1,1,0,1,1,1,0,1,1,0,0,1,0.0,0.0,0.0,0,0,0.0,,0.0,0,0,0,1,0,0,1,0,0.0,0.0,0,1,1,0,1,0,0,,,1,0,0.0,0,1,0,1,1,0
4730,0,1,0,1,1,1,1,1,1,0,0,1,0.0,0.0,0.0,0,0,0.0,,0.0,0,0,0,0,0,0,1,1,0.0,0.0,0,1,1,0,1,0,0,,,1,1,0.0,0,1,0,1,1,0
4740,1,1,0,1,1,1,1,1,1,0,0,1,0.0,0.0,0.0,0,0,0.0,,0.0,0,0,0,0,0,0,1,1,0.0,0.0,0,1,0,0,1,0,0,,,1,1,0.0,0,1,0,0,0,0
4750,1,1,0,1,1,0,1,1,1,0,0,1,0.0,0.0,0.0,0,0,0.0,,0.0,0,0,0,0,0,0,1,1,0.0,0.0,0,1,1,0,1,0,0,,,1,0,0.0,0,1,0,0,1,1
4760,1,1,0,1,0,1,1,1,1,0,0,1,0.0,0.0,0.0,0,0,0.0,,0.0,0,0,0,0,0,0,1,0,0.0,0.0,0,0,1,0,1,1,0,,,1,0,0.0,0,1,0,1,0,0
4770,1,1,0,1,1,1,0,1,0,0,0,0,0.0,0.0,0.0,0,0,0.0,,0.0,0,0,0,0,0,0,1,1,0.0,0.0,0,1,0,0,1,0,0,,,1,0,0.0,0,1,0,0,0,0
4780,0,1,0,1,1,1,1,1,1,0,0,1,0.0,0.0,0.0,0,0,0.0,,0.0,0,0,0,0,1,0,1,1,0.0,0.0,0,1,1,0,1,1,0,,,0,1,0.0,0,1,0,1,0,0
4790,0,1,0,1,0,0,0,0,0,0,0,0,0.0,0.0,0.0,0,0,0.0,,0.0,0,0,0,0,1,0,1,1,0.0,0.0,0,1,1,0,1,0,0,,,0,1,0.0,0,1,0,1,1,0
4800,0,1,0,1,0,0,0,0,0,0,0,0,1.0,0.0,0.0,0,0,0.0,,0.0,1,0,0,0,1,1,1,1,0.0,0.0,1,1,1,0,1,1,1,,,0,1,0.0,0,1,0,1,1,1
4810,0,1,0,1,0,0,0,0,0,0,0,0,0.0,0.0,0.0,0,0,0.0,,0.0,0,0,0,0,1,0,1,0,1.0,0.0,1,1,1,0,1,0,0,,,1,0,0.0,0,1,0,1,0,0
4820,0,1,0,1,0,0,0,1,0,0,0,0,0.0,0.0,0.0,0,0,0.0,,0.0,0,0,0,0,1,0,1,0,0.0,0.0,1,0,1,0,1,1,0,,,1,0,0.0,0,1,0,1,0,1
4830,0,1,0,0,1,0,0,1,0,0,0,0,0.0,0.0,0.0,0,0,0.0,,0.0,0,0,0,0,1,0,1,1,1.0,1.0,1,1,1,0,1,0,0,,,1,0,0.0,0,1,0,0,0,0
4840,0,1,0,1,0,1,0,1,0,0,1,1,0.0,0.0,0.0,0,0,0.0,,0.0,0,0,0,0,1,0,1,0,0.0,0.0,1,0,1,0,1,0,0,,,1,0,0.0,0,1,0,0,1,1
4850,0,1,1,1,0,0,0,0,0,0,0,0,0.0,0.0,0.0,0,0,0.0,,0.0,0,0,0,0,0,0,1,0,1.0,1.0,1,0,1,0,1,0,0,,,1,1,0.0,0,0,0,0,1,1
4860,0,1,0,0,0,0,0,0,0,0,0,0,0.0,0.0,0.0,0,0,0.0,,0.0,0,0,0,0,1,0,1,1,0.0,0.0,1,1,1,0,1,0,0,,,1,0,0.0,0,1,0,0,1,0
4870,0,1,0,1,0,0,0,0,0,0,0,0,0.0,0.0,0.0,0,0,0.0,,0.0,0,0,0,0,1,0,1,1,0.0,0.0,1,0,1,0,1,0,0,,,1,0,0.0,0,1,0,0,0,1
4880,0,1,0,1,0,1,0,0,0,0,0,0,1.0,0.0,0.0,0,0,0.0,,0.0,0,0,0,1,1,0,1,0,0.0,1.0,0,1,1,0,1,1,0,,,1,0,0.0,0,1,0,0,0,0
4890,0,1,0,1,0,1,0,0,0,0,0,0,0.0,0.0,0.0,0,0,0.0,,0.0,0,0,0,0,1,0,1,0,0.0,1.0,1,1,1,0,1,0,0,,,1,0,0.0,0,1,0,1,0,1
4900,0,1,1,1,0,0,0,0,0,0,0,0,0.0,0.0,0.0,0,0,1.0,,0.0,0,0,0,0,0,0,1,0,1.0,1.0,1,0,1,0,1,0,0,,,1,0,0.0,0,0,0,0,0,0
4910,0,1,0,1,0,1,0,0,0,0,0,1,0.0,0.0,0.0,0,0,1.0,,0.0,0,0,0,0,0,0,1,0,1.0,0.0,1,0,1,0,1,0,0,,,1,0,0.0,0,1,0,0,1,1
4920,0,1,0,0,0,0,0,0,0,0,0,0,0.0,0.0,0.0,0,0,1.0,,0.0,0,0,0,1,1,0,1,0,0.0,0.0,1,0,1,0,1,0,0,,,1,1,0.0,0,1,0,0,0,0
4930,0,1,1,1,0,0,0,0,0,0,0,0,0.0,0.0,0.0,0,0,1.0,,0.0,0,0,0,1,0,0,1,0,0.0,0.0,1,0,1,0,1,0,0,,,1,0,0.0,0,0,0,0,1,1
4940,0,1,0,0,0,0,0,0,0,0,0,1,0.0,0.0,0.0,0,0,1.0,,0.0,0,0,0,0,0,0,1,0,1.0,0.0,1,0,1,0,1,1,0,,,1,0,0.0,0,1,0,0,0,0
4950,0,1,0,1,0,0,0,0,1,0,0,1,0.0,0.0,0.0,0,0,1.0,,0.0,0,0,0,0,1,0,1,0,1.0,0.0,1,0,1,0,1,0,0,,,1,0,0.0,0,1,0,0,0,0
4960,0,1,0,1,0,0,0,1,0,0,0,1,0.0,0.0,0.0,0,0,0.0,,0.0,0,0,0,0,0,0,1,1,0.0,0.0,1,1,1,0,1,1,0,,,1,0,0.0,0,1,0,0,1,1
4970,0,1,0,1,0,0,0,0,0,0,0,1,0.0,0.0,0.0,0,0,0.0,,0.0,0,0,0,1,1,0,1,0,1.0,0.0,1,0,1,0,1,0,1,,,1,0,0.0,0,1,0,0,0,0
4980,0,1,0,0,0,0,0,0,0,0,0,1,0.0,0.0,0.0,0,0,0.0,,0.0,0,0,0,0,0,0,1,0,0.0,0.0,0,0,1,0,1,0,0,,,0,0,0.0,0,1,0,0,1,1
4990,0,1,1,1,0,0,0,1,0,0,0,1,0.0,0.0,0.0,0,0,0.0,,0.0,0,0,0,0,0,0,1,1,1.0,0.0,1,0,1,0,1,0,0,,,0,0,0.0,0,1,0,0,1,1
5000,0,1,0,1,1,0,0,1,0,0,0,1,0.0,0.0,0.0,0,0,1.0,,0.0,0,0,0,0,1,0,1,1,1.0,0.0,1,1,1,0,1,0,0,,,0,0,0.0,0,1,0,0,1,1
5010,0,1,0,0,0,0,0,1,0,0,0,1,0.0,0.0,0.0,0,0,0.0,,0.0,0,0,0,1,1,0,1,1,0.0,1.0,1,1,1,0,1,1,0,,,0,0,0.0,0,1,0,1,0,1
5020,0,1,0,1,0,0,0,0,0,0,0,1,0.0,0.0,0.0,0,0,0.0,,0.0,0,0,0,0,1,0,1,0,1.0,0.0,0,0,1,0,1,0,0,,,0,1,0.0,0,1,0,0,0,0
5030,0,1,0,1,0,0,0,0,0,0,0,0,0.0,0.0,0.0,0,0,0.0,,0.0,0,0,0,0,1,0,1,1,0.0,0.0,1,0,1,0,1,0,0,,,1,0,0.0,0,1,0,1,1,0
5040,0,1,0,1,1,0,0,1,0,0,0,1,0.0,0.0,0.0,0,0,0.0,,0.0,0,0,0,0,1,0,1,1,1.0,1.0,1,0,1,0,1,0,0,,,1,0,0.0,0,1,0,0,1,1
