Frame,Predicted
0,inward
1,inward
2,inward
3,inward
4,inward
5,inward
6,inward
7,inward
8,outward
9,inward
10,outward
11,inward
12,outward
13,outward
14,outward
15,inward
16,inward
17,outward
18,inward
19,outward
20,inward
21,inward
22,inward
23,inward
24,outward
25,inward
26,inward
27,inward
28,outward
29,outward
30,inward
31,inward
32,inward
33,outward
34,inward
35,outward
36,outward
37,inward
38,inward
39,inward
40,inward
41,outward
42,inward
43,outward
44,outward
45,outward
46,inward
47,outward
48,inward
49,inward
50,outward
51,outward
52,inward
53,inward
54,inward
55,inward
56,inward
57,inward
58,inward
59,inward
60,inward
61,inward
62,inward
63,inward
64,inward
65,inward
66,inward
67,inward
68,inward
69,inward
70,outward
71,outward
72,inward
73,inward
74,inward
75,inward
76,inward
77,inward
78,inward
79,inward
80,inward
81,inward
82,inward
83,inward
84,inward
85,inward
86,inward
87,inward
88,outward
89,inward
90,inward
91,inward
92,inward
93,inward
94,inward
95,inward
96,inward
97,inward
98,inward
99,inward
100,inward
101,inward
102,inward
103,inward
104,outward
105,inward
106,inward
107,inward
108,inward
109,inward
110,inward
111,inward
112,inward
113,inward
114,inward
115,outward
116,inward
117,inward
118,inward
119,inward
120,inward
121,inward
122,outward
123,inward
124,inward
125,inward
126,inward
127,inward
128,inward
129,inward
130,inward
131,inward
132,inward
133,outward
134,inward
135,outward
136,inward
137,inward
138,inward
139,outward
140,outward
141,inward
142,inward
143,inward
144,outward
145,outward
146,inward
147,inward
148,inward
149,inward
150,inward
151,inward
152,inward
153,inward
154,inward
155,inward
156,inward
157,inward
158,inward
159,inward
160,outward
161,inward
162,outward
163,outward
164,inward
165,inward
166,inward
167,inward
168,inward
169,outward
170,inward
171,inward
172,inward
173,inward
174,inward
175,inward
176,inward
177,inward
178,inward
179,outward
180,inward
181,outward
182,outward
183,inward
184,inward
185,outward
186,inward
187,outward
188,inward
189,inward
190,inward
191,outward
192,inward
193,inward
194,inward
195,outward
196,inward
197,outward
198,inward
199,inward
200,outward
201,outward
202,inward
203,outward
204,inward
205,inward
206,inward
207,outward
208,inward
209,inward
210,inward
211,inward
212,inward
213,inward
214,inward
215,outward
216,inward
217,inward
218,inward
219,inward
220,inward
221,inward
222,inward
223,outward
224,inward
225,outward
226,inward
227,inward
228,outward
229,inward
230,inward
231,outward
232,outward
233,outward
234,outward
235,inward
236,outward
237,outward
238,inward
239,outward
240,outward
241,inward
242,outward
243,outward
244,outward
245,outward
246,outward
247,inward
248,outward
249,outward
250,outward
251,inward
252,inward
253,inward
254,outward
255,outward
256,inward
257,outward
258,outward
259,inward
260,outward
261,inward
262,outward
263,inward
264,outward
265,inward
266,inward
267,outward
268,inward
269,inward
270,outward
271,outward
272,inward
273,outward
274,outward
275,outward
276,outward
277,inward
278,outward
279,inward
280,inward
281,outward
282,inward
283,inward
284,outward
285,outward
286,inward
287,outward
288,inward
289,outward
290,outward
291,outward
292,outward
293,inward
294,outward
295,inward
296,outward
297,outward
298,outward
299,inward
300,outward
301,outward
302,outward
303,inward
304,inward
305,occluded
306,inward
307,outward
308,outward
309,inward
310,outward
311,outward
312,inward
313,outward
314,inward
315,outward
316,inward
317,outward
318,inward
319,inward
320,inward
321,inward
322,inward
323,outward
324,outward
325,outward
326,inward
327,inward
328,outward
329,inward
330,inward
331,inward
332,outward
333,outward
334,occluded
335,outward
336,occluded
337,outward
338,inward
339,inward
340,outward
341,inward
342,inward
343,outward
344,outward
345,outward
346,occluded
347,inward
348,outward
349,outward
350,outward
351,inward
352,inward
353,inward
354,occluded
355,inward
356,outward
357,inward
358,outward
359,inward
360,inward
361,inward
362,outward
363,outward
364,inward
365,inward
366,outward
367,outward
368,inward
369,outward
370,outward
371,outward
372,inward
373,inward
374,inward
375,outward
376,outward
377,outward
378,inward
379,outward
380,inward
381,outward
382,outward
383,outward
384,inward
385,outward
386,inward
387,inward
388,outward
389,outward
390,outward
391,inward
392,inward
393,outward
394,outward
395,occluded
396,outward
397,inward
398,outward
399,inward
400,inward
401,outward
402,outward
403,outward
404,outward
405,occluded
406,inward
407,outward
408,outward
409,outward
410,outward
411,outward
412,outward
413,outward
414,outward
415,outward
416,outward
417,outward
418,outward
419,outward
420,outward
421,outward
422,outward
423,outward
424,inward
425,outward
426,outward
427,outward
428,outward
429,inward
430,outward
431,inward
432,outward
433,outward
434,inward
435,inward
436,inward
437,inward
438,inward
439,inward
440,inward
441,inward
442,outward
443,outward
444,outward
445,inward
446,inward
447,inward
448,outward
449,inward
450,outward
451,inward
452,inward
453,inward
454,outward
455,inward
456,inward
457,inward
458,inward
459,outward
460,inward
461,outward
462,inward
463,outward
464,inward
465,inward
466,inward
467,inward
468,outward
469,outward
470,inward
471,inward
472,outward
473,outward
474,inward
475,inward
476,inward
477,inward
478,outward
479,outward
480,outward
481,inward
482,inward
483,inward
484,inward
485,outward
486,outward
487,inward
488,outward
489,outward
490,outward
491,inward
492,outward
493,outward
494,outward
495,outward
496,outward
497,inward
498,outward
499,outward
500,inward
501,inward
502,outward
503,outward
504,outward
505,outward
506,outward
507,outward
508,outward
509,outward
510,outward
511,inward
512,outward
513,occluded
514,inward
515,inward
516,inward
517,inward
518,inward
519,occluded
520,outward
521,outward
522,outward
523,inward
524,inward
525,outward
526,outward
527,outward
528,outward
529,inward
530,inward
531,inward
532,inward
533,inward
534,inward
535,outward
536,inward
537,outward
538,inward
539,outward
540,outward
541,inward
542,outward
543,outward
544,inward
545,outward
546,inward
547,inward
548,inward
549,outward
550,inward
551,outward
552,outward
553,outward
554,outward
555,inward
556,outward
557,inward
558,outward
559,inward
560,outward
561,outward
562,outward
563,inward
564,inward
565,outward
566,inward
567,outward
568,outward
569,outward
570,outward
571,inward
572,outward
573,outward
574,outward
575,inward
576,outward
577,outward
578,outward
579,outward
580,outward
581,outward
582,outward
583,inward
584,outward
585,outward
586,outward
587,inward
588,outward
589,outward
590,inward
591,outward
592,outward
593,inward
594,outward
595,outward
596,outward
597,inward
598,inward
599,outward
600,outward
601,inward
602,outward
603,inward
604,outward
605,outward
606,outward
607,outward
608,outward
609,outward
610,inward
611,inward
612,outward
613,inward
614,outward
615,outward
616,inward
617,inward
618,inward
619,inward
620,outward
621,inward
622,outward
623,inward
624,outward
625,outward
626,outward
627,outward
628,inward
629,outward
630,outward
631,outward
632,outward
633,inward
634,occluded
635,outward
636,outward
637,inward
638,outward
639,inward
640,outward
641,outward
642,outward
643,outward
644,outward
645,inward
646,outward
647,inward
648,outward
649,inward
650,outward
651,outward
652,inward
653,outward
654,outward
655,outward
656,outward
657,outward
658,outward
659,outward
660,outward
661,inward
662,outward
663,outward
664,outward
665,outward
666,outward
667,outward
668,outward
669,inward
670,outward
671,outward
672,outward
673,outward
674,outward
675,outward
676,outward
677,inward
678,outward
679,outward
680,outward
681,inward
682,outward
683,outward
684,outward
685,inward
686,inward
687,outward
688,outward
689,inward
690,inward
691,outward
692,outward
693,inward
694,outward
695,inward
696,inward
697,outward
698,inward
699,outward
700,outward
701,outward
702,inward
703,inward
704,inward
705,inward
706,outward
707,inward
708,inward
709,inward
710,inward
711,inward
712,outward
713,outward
714,outward
715,inward
716,inward
717,inward
718,inward
719,inward
720,outward
721,outward
722,outward
723,inward
724,outward
725,inward
726,outward
727,inward
728,outward
729,outward
730,outward
731,outward
732,inward
733,outward
734,outward
735,outward
736,outward
737,outward
738,outward
739,outward
740,outward
741,inward
742,outward
743,outward
744,outward
745,outward
746,outward
747,inward
748,inward
749,outward
750,inward
751,outward
752,outward
753,inward
754,outward
755,outward
756,outward
757,outward
758,outward
759,outward
760,inward
761,outward
762,outward
763,outward
764,outward
765,outward
766,outward
767,inward
768,outward
769,inward
770,outward
771,outward
772,outward
773,outward
774,outward
775,inward
776,outward
777,outward
778,outward
779,inward
780,outward
781,inward
782,outward
783,outward
784,outward
785,outward
786,outward
787,outward
788,inward
789,occluded
790,outward
791,inward
792,outward
793,inward
794,inward
795,inward
796,outward
797,outward
798,outward
799,outward
800,outward
801,inward
802,outward
803,inward
804,inward
805,outward
806,inward
807,inward
808,inward
809,outward
810,outward
811,inward
812,outward
813,outward
814,outward
815,inward
816,outward
817,outward
818,outward
819,inward
820,inward
821,outward
822,inward
823,inward
824,inward
825,outward
826,outward
827,outward
828,inward
829,occluded
830,outward
831,outward
832,inward
833,outward
834,outward
835,inward
836,occluded
837,inward
838,inward
839,inward
840,inward
841,inward
842,outward
843,outward
844,outward
845,outward
846,outward
847,inward
848,outward
849,outward
850,outward
851,outward
852,outward
853,outward
854,outward
855,outward
856,outward
857,inward
858,inward
859,outward
860,inward
861,outward
862,outward
863,outward
864,outward
865,inward
866,outward
867,outward
868,outward
869,inward
870,outward
871,inward
872,inward
873,inward
874,outward
875,inward
876,outward
877,outward
878,inward
879,outward
880,inward
881,inward
882,inward
883,outward
884,inward
885,outward
886,outward
887,outward
888,outward
889,outward
890,inward
891,inward
892,outward
893,outward
894,outward
895,outward
896,outward
897,outward
898,occluded
899,inward
900,outward
901,outward
902,outward
903,outward
904,outward
905,inward
906,occluded
907,outward
908,inward
909,occluded
910,inward
911,inward
912,inward
913,inward
914,outward
915,outward
916,outward
917,occluded
918,inward
919,outward
920,outward
921,inward
922,inward
923,outward
924,outward
925,inward
926,outward
927,inward
928,inward
929,inward
930,occluded
931,outward
932,inward
933,outward
934,inward
935,inward
936,inward
937,inward
938,inward
939,occluded
940,inward
941,inward
942,outward
943,inward
944,outward
945,outward
946,outward
947,occluded
948,inward
949,outward
950,outward
951,outward
952,outward
953,occluded
954,outward
955,outward
956,outward
957,outward
958,outward
959,outward
960,outward
961,outward
962,inward
963,outward
964,inward
965,outward
966,outward
967,outward
968,inward
969,outward
970,inward
971,outward
972,outward
973,outward
974,inward
975,inward
976,outward
977,outward
978,outward
979,outward
980,outward
981,outward
982,outward
983,outward
984,outward
985,outward
986,outward
987,outward
988,outward
989,inward
990,outward
991,outward
992,outward
993,outward
994,inward
995,outward
996,outward
997,outward
998,outward
999,outward
1000,outward
1001,inward
1002,outward
1003,outward
1004,outward
1005,inward
1006,outward
1007,outward
1008,inward
1009,outward
1010,inward
1011,inward
1012,outward
1013,outward
1014,inward
1015,outward
1016,outward
1017,outward
1018,inward
1019,inward
1020,occluded
1021,inward
1022,outward
1023,outward
1024,outward
1025,inward
1026,outward
1027,outward
1028,occluded
1029,inward
1030,outward
1031,inward
1032,outward
1033,inward
1034,outward
1035,outward
1036,outward
1037,outward
1038,outward
1039,outward
1040,outward
1041,outward
1042,outward
1043,inward
1044,outward
1045,inward
1046,inward
1047,inward
1048,inward
1049,inward
1050,inward
1051,outward
1052,outward
1053,outward
1054,inward
1055,outward
1056,outward
1057,inward
1058,outward
1059,inward
1060,outward
1061,inward
1062,outward
1063,inward
1064,outward
1065,inward
1066,outward
1067,outward
1068,outward
1069,outward
1070,outward
1071,outward
1072,outward
1073,outward
1074,inward
1075,outward
1076,outward
1077,inward
1078,outward
1079,outward
1080,outward
1081,inward
1082,outward
1083,outward
1084,outward
1085,outward
1086,inward
1087,outward
1088,inward
1089,inward
1090,inward
1091,outward
1092,inward
1093,inward
1094,inward
1095,outward
1096,inward
1097,inward
1098,outward
1099,inward
1100,inward
1101,outward
1102,outward
1103,outward
1104,outward
1105,outward
1106,outward
1107,inward
1108,outward
1109,inward
1110,occluded
1111,outward
1112,outward
1113,outward
1114,outward
1115,inward
1116,outward
1117,inward
1118,occluded
1119,outward
1120,outward
1121,outward
1122,occluded
1123,occluded
1124,outward
1125,outward
1126,outward
1127,outward
1128,outward
1129,outward
1130,outward
1131,inward
1132,outward
1133,outward
1134,outward
1135,inward
1136,inward
1137,inward
1138,outward
1139,outward
1140,outward
1141,inward
1142,outward
1143,inward
1144,outward
1145,outward
1146,outward
1147,outward
1148,inward
1149,outward
1150,inward
1151,inward
1152,outward
1153,outward
1154,outward
1155,outward
1156,outward
1157,outward
1158,outward
1159,inward
1160,outward
1161,outward
1162,inward
1163,outward
1164,inward
1165,inward
1166,inward
1167,inward
1168,occluded
1169,outward
1170,inward
1171,inward
1172,outward
1173,inward
1174,inward
1175,inward
1176,outward
1177,inward
1178,outward
1179,outward
1180,outward
1181,inward
1182,inward
1183,inward
1184,inward
1185,outward
1186,inward
1187,inward
1188,inward
1189,inward
1190,inward
1191,occluded
1192,inward
1193,outward
1194,inward
1195,inward
1196,outward
1197,inward
1198,outward
1199,inward
1200,outward
1201,outward
1202,outward
1203,inward
1204,outward
1205,outward
1206,outward
1207,inward
1208,outward
1209,outward
1210,outward
1211,outward
1212,outward
1213,outward
1214,inward
1215,outward
1216,outward
1217,outward
1218,inward
1219,outward
1220,outward
1221,inward
1222,outward
1223,inward
1224,outward
1225,inward
1226,outward
1227,inward
1228,outward
1229,outward
1230,outward
1231,inward
1232,outward
1233,outward
1234,inward
1235,inward
1236,outward
1237,inward
1238,outward
1239,outward
1240,inward
1241,outward
1242,outward
1243,outward
1244,outward
1245,outward
1246,outward
1247,outward
1248,outward
1249,outward
1250,inward
1251,inward
1252,inward
1253,inward
1254,outward
1255,occluded
1256,outward
1257,occluded
1258,outward
1259,inward
1260,outward
1261,outward
1262,outward
1263,outward
1264,outward
1265,outward
1266,inward
1267,occluded
1268,inward
1269,inward
1270,outward
1271,outward
1272,outward
1273,outward
1274,outward
1275,outward
1276,inward
1277,outward
1278,outward
1279,inward
1280,outward
1281,outward
1282,outward
1283,occluded
1284,outward
1285,outward
1286,outward
1287,outward
1288,outward
1289,outward
1290,outward
1291,outward
1292,outward
1293,outward
1294,occluded
1295,outward
1296,outward
1297,outward
1298,outward
1299,outward
1300,outward
1301,outward
1302,outward
1303,outward
1304,inward
1305,outward
1306,inward
1307,outward
1308,inward
1309,inward
1310,occluded
1311,inward
1312,outward
1313,outward
1314,outward
1315,inward
1316,outward
1317,inward
1318,inward
1319,outward
1320,inward
1321,outward
1322,outward
1323,outward
1324,inward
1325,outward
1326,inward
1327,outward
1328,inward
1329,outward
1330,outward
1331,outward
1332,inward
1333,inward
1334,outward
1335,occluded
1336,outward
1337,inward
1338,inward
1339,inward
1340,outward
1341,inward
1342,outward
1343,inward
1344,inward
1345,outward
1346,occluded
1347,outward
1348,outward
1349,occluded
1350,outward
1351,outward
1352,outward
1353,inward
1354,outward
1355,inward
1356,outward
1357,outward
1358,inward
1359,inward
1360,inward
1361,outward
1362,outward
1363,outward
1364,outward
1365,outward
1366,outward
1367,outward
1368,outward
1369,outward
1370,inward
1371,inward
1372,inward
1373,inward
1374,outward
1375,outward
1376,occluded
1377,outward
1378,outward
1379,inward
1380,outward
1381,outward
1382,outward
1383,outward
1384,outward
1385,outward
1386,inward
1387,outward
1388,outward
1389,outward
1390,inward
1391,outward
1392,outward
1393,inward
1394,inward
1395,outward
1396,outward
1397,inward
1398,inward
1399,outward
1400,outward
1401,outward
1402,inward
1403,inward
1404,outward
1405,outward
1406,outward
1407,outward
1408,outward
1409,outward
1410,outward
1411,outward
1412,outward
1413,outward
1414,outward
1415,outward
1416,inward
1417,outward
1418,inward
1419,outward
1420,inward
1421,outward
1422,inward
1423,inward
1424,occluded
1425,outward
1426,occluded
1427,occluded
1428,inward
1429,outward
1430,outward
1431,inward
1432,outward
1433,inward
1434,inward
1435,inward
1436,outward
1437,outward
1438,occluded
1439,outward
1440,outward
1441,outward
1442,outward
1443,inward
1444,outward
1445,inward
1446,outward
1447,outward
1448,outward
1449,outward
1450,inward
1451,inward
1452,inward
1453,inward
1454,inward
1455,outward
1456,inward
1457,inward
1458,inward
1459,inward
1460,outward
1461,outward
1462,outward
1463,outward
1464,outward
1465,outward
1466,inward
1467,inward
1468,outward
1469,inward
1470,inward
1471,outward
1472,inward
1473,outward
1474,inward
1475,outward
1476,inward
1477,outward
1478,inward
1479,outward
1480,outward
1481,outward
1482,inward
1483,inward
1484,outward
1485,inward
1486,outward
1487,outward
1488,outward
1489,inward
1490,inward
1491,outward
1492,inward
1493,inward
1494,inward
1495,inward
1496,inward
1497,inward
1498,outward
1499,outward
1500,outward
1501,outward
1502,outward
1503,outward
1504,outward
1505,outward
1506,outward
1507,occluded
1508,occluded
1509,outward
1510,occluded
1511,outward
1512,inward
1513,occluded
1514,outward
1515,outward
1516,outward
1517,outward
1518,occluded
1519,outward
1520,outward
1521,outward
1522,outward
1523,outward
1524,outward
1525,outward
1526,outward
1527,outward
1528,outward
1529,outward
1530,inward
1531,outward
1532,occluded
1533,inward
1534,inward
1535,outward
1536,outward
1537,inward
1538,outward
1539,outward
1540,outward
1541,outward
1542,inward
1543,outward
1544,outward
1545,outward
1546,inward
1547,outward
1548,inward
1549,outward
1550,outward
1551,outward
1552,inward
1553,inward
1554,inward
1555,inward
1556,inward
1557,inward
1558,inward
1559,inward
1560,inward
1561,inward
1562,inward
1563,inward
1564,outward
1565,outward
1566,inward
1567,inward
1568,inward
1569,inward
1570,inward
1571,outward
1572,outward
1573,outward
1574,inward
1575,outward
1576,outward
1577,outward
1578,outward
1579,inward
1580,outward
1581,occluded
1582,inward
1583,inward
1584,inward
1585,inward
1586,outward
1587,outward
1588,inward
1589,inward
1590,inward
1591,outward
1592,outward
1593,outward
1594,outward
1595,inward
1596,inward
1597,inward
1598,outward
1599,inward
1600,outward
1601,outward
1602,outward
1603,inward
1604,inward
1605,inward
1606,inward
1607,outward
1608,inward
1609,inward
1610,outward
1611,inward
1612,outward
1613,inward
1614,inward
1615,occluded
1616,outward
1617,inward
1618,inward
1619,outward
1620,inward
1621,inward
1622,outward
1623,inward
1624,inward
1625,inward
1626,inward
1627,outward
1628,inward
1629,outward
1630,outward
1631,outward
1632,outward
1633,outward
1634,outward
1635,inward
1636,outward
1637,outward
1638,inward
1639,outward
1640,outward
1641,outward
1642,inward
1643,inward
1644,outward
1645,outward
1646,outward
1647,outward
1648,outward
1649,inward
1650,outward
1651,outward
1652,inward
1653,inward
1654,inward
1655,outward
1656,outward
1657,inward
1658,occluded
1659,inward
1660,inward
1661,inward
1662,outward
1663,occluded
1664,inward
1665,outward
1666,outward
1667,outward
1668,outward
1669,inward
1670,outward
1671,outward
1672,inward
1673,inward
1674,inward
1675,outward
1676,outward
1677,outward
1678,inward
1679,inward
1680,outward
1681,outward
1682,inward
1683,inward
1684,inward
1685,inward
1686,inward
1687,inward
1688,inward
1689,outward
1690,inward
1691,outward
1692,outward
1693,inward
1694,outward
1695,outward
1696,outward
1697,inward
1698,outward
1699,outward
1700,outward
1701,inward
1702,outward
1703,inward
1704,outward
1705,outward
1706,outward
1707,outward
1708,outward
1709,inward
1710,inward
1711,inward
1712,outward
1713,outward
1714,inward
1715,outward
1716,inward
1717,inward
1718,outward
1719,outward
1720,inward
1721,inward
1722,inward
1723,outward
1724,outward
1725,outward
1726,inward
1727,inward
1728,inward
1729,outward
1730,inward
1731,outward
1732,inward
1733,outward
1734,outward
1735,inward
1736,outward
1737,inward
1738,outward
1739,inward
1740,outward
1741,outward
1742,inward
1743,outward
1744,occluded
1745,outward
1746,inward
1747,outward
1748,inward
1749,outward
1750,inward
1751,outward
1752,outward
1753,outward
1754,outward
1755,outward
1756,inward
1757,inward
1758,inward
1759,inward
1760,outward
1761,outward
1762,outward
1763,outward
1764,outward
1765,outward
1766,outward
1767,inward
1768,inward
1769,outward
1770,occluded
1771,inward
1772,outward
1773,outward
1774,inward
1775,outward
1776,outward
1777,outward
1778,inward
1779,occluded
1780,outward
1781,outward
1782,outward
1783,outward
1784,outward
1785,outward
1786,inward
1787,outward
1788,inward
1789,outward
1790,inward
1791,outward
1792,outward
1793,outward
1794,outward
1795,outward
1796,occluded
1797,outward
1798,outward
1799,occluded
1800,outward
1801,outward
1802,outward
1803,outward
1804,outward
1805,outward
1806,outward
1807,outward
1808,inward
1809,inward
1810,occluded
1811,outward
1812,outward
1813,outward
1814,outward
1815,outward
1816,outward
1817,inward
1818,outward
1819,outward
1820,outward
1821,outward
1822,outward
1823,inward
1824,inward
1825,outward
1826,outward
1827,outward
1828,outward
1829,outward
1830,inward
1831,outward
1832,outward
1833,outward
1834,outward
1835,outward
1836,outward
1837,outward
1838,outward
1839,outward
1840,outward
1841,outward
1842,outward
1843,outward
1844,outward
1845,outward
1846,outward
1847,outward
1848,outward
1849,outward
1850,outward
1851,outward
1852,inward
1853,inward
1854,inward
1855,inward
1856,outward
1857,outward
1858,inward
1859,outward
1860,outward
1861,occluded
1862,outward
1863,inward
1864,inward
1865,outward
1866,outward
1867,outward
1868,outward
1869,outward
1870,outward
1871,inward
1872,inward
1873,inward
1874,inward
1875,inward
1876,outward
1877,inward
1878,outward
1879,inward
1880,outward
1881,outward
1882,outward
1883,inward
1884,occluded
1885,inward
1886,outward
1887,inward
1888,outward
1889,outward
1890,outward
1891,outward
1892,inward
1893,outward
1894,outward
1895,outward
1896,outward
1897,outward
1898,outward
1899,outward
1900,outward
1901,inward
1902,outward
1903,outward
1904,outward
1905,outward
1906,outward
1907,outward
1908,inward
1909,outward
1910,outward
1911,inward
1912,outward
1913,outward
1914,inward
1915,inward
1916,outward
1917,outward
1918,outward
1919,outward
1920,outward
1921,outward
1922,outward
1923,outward
1924,inward
1925,outward
1926,outward
1927,outward
1928,outward
1929,inward
1930,outward
1931,outward
1932,outward
1933,outward
1934,outward
1935,outward
1936,inward
1937,inward
1938,inward
1939,outward
1940,inward
1941,occluded
1942,inward
1943,outward
1944,outward
1945,inward
1946,inward
1947,outward
1948,inward
1949,outward
1950,inward
1951,inward
1952,outward
1953,inward
1954,outward
1955,inward
1956,inward
1957,inward
1958,inward
1959,outward
1960,inward
1961,outward
1962,outward
1963,inward
1964,inward
1965,outward
1966,outward
1967,outward
1968,outward
1969,outward
1970,outward
1971,outward
1972,outward
1973,outward
1974,inward
1975,inward
1976,outward
1977,inward
1978,outward
1979,inward
1980,inward
1981,outward
1982,outward
1983,outward
1984,outward
1985,outward
1986,occluded
1987,outward
1988,outward
1989,inward
1990,outward
1991,outward
1992,outward
1993,inward
1994,outward
1995,inward
1996,inward
1997,outward
1998,inward
1999,inward
2000,outward
2001,outward
2002,inward
2003,inward
2004,inward
2005,inward
2006,outward
2007,inward
2008,inward
2009,inward
2010,outward
2011,inward
2012,outward
2013,inward
2014,inward
2015,inward
2016,inward
2017,inward
2018,inward
2019,inward
2020,inward
2021,outward
2022,outward
2023,inward
2024,outward
2025,outward
2026,outward
2027,inward
2028,inward
2029,inward
2030,inward
2031,inward
2032,outward
2033,inward
2034,inward
2035,outward
2036,outward
2037,outward
2038,outward
2039,outward
2040,outward
2041,outward
2042,inward
2043,inward
2044,outward
2045,inward
2046,outward
2047,outward
2048,inward
2049,outward
2050,inward
2051,inward
2052,outward
2053,outward
2054,outward
2055,inward
2056,outward
2057,inward
2058,inward
2059,inward
2060,outward
2061,outward
2062,inward
2063,inward
2064,outward
2065,inward
2066,outward
2067,outward
2068,outward
2069,inward
2070,outward
2071,outward
2072,inward
2073,inward
2074,outward
2075,outward
2076,outward
2077,inward
2078,inward
2079,outward
2080,outward
2081,outward
2082,outward
2083,outward
2084,outward
2085,inward
2086,outward
2087,outward
2088,inward
2089,outward
2090,inward
2091,outward
2092,occluded
2093,outward
2094,outward
2095,outward
2096,outward
2097,outward
2098,outward
2099,inward
2100,inward
2101,inward
2102,outward
2103,inward
2104,inward
2105,outward
2106,inward
2107,outward
2108,outward
2109,outward
2110,inward
2111,outward
2112,inward
2113,outward
2114,outward
2115,outward
2116,outward
2117,outward
2118,outward
2119,inward
2120,outward
2121,inward
2122,outward
2123,occluded
2124,inward
2125,outward
2126,outward
2127,inward
2128,outward
2129,inward
2130,outward
2131,inward
2132,inward
2133,outward
2134,inward
2135,outward
2136,outward
2137,outward
2138,inward
2139,outward
2140,inward
2141,outward
2142,outward
2143,outward
2144,outward
2145,outward
2146,outward
2147,outward
2148,outward
2149,inward
2150,inward
2151,inward
2152,outward
2153,inward
2154,outward
2155,outward
2156,inward
2157,outward
2158,inward
2159,outward
2160,inward
2161,outward
2162,outward
2163,outward
2164,outward
2165,outward
2166,outward
2167,inward
2168,outward
2169,outward
2170,inward
2171,outward
2172,inward
2173,inward
2174,outward
2175,inward
2176,inward
2177,outward
2178,inward
2179,inward
2180,inward
2181,inward
2182,inward
2183,outward
2184,inward
2185,outward
2186,outward
2187,outward
2188,outward
2189,inward
2190,outward
2191,outward
2192,inward
2193,outward
2194,inward
2195,inward
2196,outward
2197,inward
2198,inward
2199,outward
2200,outward
2201,inward
2202,outward
2203,outward
2204,outward
2205,outward
2206,outward
2207,outward
2208,inward
2209,outward
2210,outward
2211,inward
2212,outward
2213,outward
2214,inward
2215,inward
2216,inward
2217,outward
2218,inward
2219,outward
2220,outward
2221,outward
2222,inward
2223,inward
2224,inward
2225,inward
2226,outward
2227,outward
2228,inward
2229,outward
2230,inward
2231,outward
2232,inward
2233,inward
2234,outward
2235,outward
2236,inward
2237,outward
2238,inward
2239,outward
2240,inward
2241,outward
2242,outward
2243,inward
2244,inward
2245,inward
2246,inward
2247,inward
2248,outward
2249,outward
2250,outward
2251,inward
2252,outward
2253,outward
2254,inward
2255,inward
2256,outward
2257,inward
2258,inward
2259,inward
2260,inward
2261,outward
2262,inward
2263,inward
2264,inward
2265,outward
2266,inward
2267,inward
2268,inward
2269,outward
2270,outward
2271,inward
2272,outward
2273,outward
2274,outward
2275,inward
2276,inward
2277,inward
2278,outward
2279,outward
2280,inward
2281,inward
2282,outward
2283,inward
2284,outward
2285,outward
2286,inward
2287,occluded
2288,outward
2289,inward
2290,outward
2291,inward
2292,outward
2293,outward
2294,inward
2295,inward
2296,outward
2297,inward
2298,outward
2299,inward
2300,outward
2301,outward
2302,inward
2303,inward
2304,inward
2305,outward
2306,outward
2307,inward
2308,outward
2309,outward
2310,inward
2311,outward
2312,inward
2313,inward
2314,inward
2315,outward
2316,outward
2317,inward
2318,inward
2319,outward
2320,outward
2321,inward
2322,outward
2323,outward
2324,inward
2325,outward
2326,outward
2327,outward
2328,outward
2329,outward
2330,outward
2331,outward
2332,inward
2333,outward
2334,inward
2335,outward
2336,outward
2337,outward
2338,inward
2339,inward
2340,inward
2341,inward
2342,inward
2343,outward
2344,outward
2345,inward
2346,inward
2347,outward
2348,outward
2349,occluded
2350,outward
2351,outward
2352,outward
2353,outward
2354,outward
2355,inward
2356,outward
2357,outward
2358,outward
2359,outward
2360,outward
2361,outward
2362,outward
2363,occluded
2364,outward
2365,outward
2366,outward
2367,outward
2368,outward
2369,inward
2370,outward
2371,outward
2372,outward
2373,outward
2374,inward
2375,outward
2376,inward
2377,outward
2378,outward
2379,outward
2380,outward
2381,outward
2382,outward
2383,outward
2384,outward
2385,inward
2386,inward
2387,inward
2388,outward
2389,inward
2390,inward
2391,inward
2392,outward
2393,inward
2394,outward
2395,inward
2396,outward
2397,outward
2398,outward
2399,inward
2400,outward
2401,outward
2402,inward
2403,outward
2404,inward
2405,outward
2406,outward
2407,outward
2408,outward
2409,inward
2410,outward
2411,outward
2412,outward
2413,outward
2414,inward
2415,outward
2416,outward
2417,outward
2418,inward
2419,inward
2420,outward
2421,inward
2422,inward
2423,outward
2424,inward
2425,outward
2426,outward
2427,inward
2428,outward
2429,inward
2430,outward
2431,outward
2432,inward
2433,occluded
2434,outward
2435,outward
2436,inward
2437,inward
2438,inward
2439,outward
2440,outward
2441,outward
2442,inward
2443,outward
2444,occluded
2445,outward
2446,inward
2447,inward
2448,inward
2449,outward
2450,inward
2451,outward
2452,outward
2453,inward
2454,inward
2455,outward
2456,outward
2457,inward
2458,outward
2459,outward
2460,outward
2461,outward
2462,outward
2463,outward
2464,outward
2465,outward
2466,inward
2467,outward
2468,outward
2469,outward
2470,outward
2471,outward
2472,inward
2473,outward
2474,outward
2475,outward
2476,outward
2477,outward
2478,inward
2479,inward
2480,inward
2481,outward
2482,inward
2483,outward
2484,inward
2485,outward
2486,inward
2487,outward
2488,inward
2489,inward
2490,outward
2491,inward
2492,outward
2493,outward
2494,inward
2495,inward
2496,outward
2497,outward
2498,inward
2499,outward
2500,outward
2501,outward
2502,inward
2503,outward
2504,outward
2505,inward
2506,outward
2507,inward
2508,inward
2509,inward
2510,occluded
2511,inward
2512,inward
2513,outward
2514,inward
2515,outward
2516,outward
2517,outward
2518,outward
2519,outward
2520,inward
2521,outward
2522,inward
2523,inward
2524,outward
2525,inward
2526,outward
2527,outward
2528,inward
2529,outward
2530,inward
2531,inward
2532,inward
2533,inward
2534,inward
2535,outward
2536,outward
2537,outward
2538,inward
2539,inward
2540,outward
2541,inward
2542,inward
2543,inward
2544,inward
2545,outward
2546,inward
2547,outward
2548,outward
2549,outward
2550,outward
2551,outward
2552,inward
2553,inward
2554,outward
2555,inward
2556,outward
2557,outward
2558,inward
2559,outward
2560,inward
2561,outward
2562,inward
2563,inward
2564,outward
2565,outward
2566,inward
2567,inward
2568,inward
2569,outward
2570,inward
2571,inward
2572,inward
2573,outward
2574,outward
2575,outward
2576,outward
2577,inward
2578,outward
2579,outward
2580,inward
2581,outward
2582,inward
2583,outward
2584,inward
2585,occluded
2586,inward
2587,inward
2588,outward
2589,outward
2590,inward
2591,inward
2592,outward
2593,outward
2594,inward
2595,outward
2596,outward
2597,occluded
2598,inward
2599,outward
2600,inward
2601,inward
2602,inward
2603,outward
2604,outward
2605,outward
2606,outward
2607,inward
2608,inward
2609,outward
2610,inward
2611,outward
2612,inward
2613,inward
2614,occluded
2615,outward
2616,outward
2617,outward
2618,outward
2619,outward
2620,outward
2621,outward
2622,inward
2623,inward
2624,outward
2625,outward
2626,outward
2627,outward
2628,inward
2629,inward
2630,outward
2631,inward
2632,inward
2633,outward
2634,inward
2635,occluded
2636,outward
2637,outward
2638,outward
2639,inward
2640,outward
2641,inward
2642,inward
2643,outward
2644,inward
2645,inward
2646,outward
2647,outward
2648,inward
2649,inward
2650,outward
2651,outward
2652,inward
2653,outward
2654,outward
2655,outward
2656,inward
2657,outward
2658,outward
2659,inward
2660,inward
2661,outward
2662,inward
2663,inward
2664,inward
2665,inward
2666,outward
2667,outward
2668,inward
2669,inward
2670,outward
2671,outward
2672,outward
2673,inward
2674,outward
2675,outward
2676,inward
2677,inward
2678,outward
2679,inward
2680,inward
2681,inward
2682,inward
2683,inward
2684,outward
2685,inward
2686,outward
2687,inward
2688,inward
2689,outward
2690,inward
2691,outward
2692,inward
2693,outward
2694,outward
2695,inward
2696,inward
2697,outward
2698,outward
2699,outward
2700,outward
2701,outward
2702,inward
2703,outward
2704,outward
2705,outward
2706,outward
2707,outward
2708,outward
2709,outward
2710,outward
2711,outward
2712,inward
2713,inward
2714,inward
2715,inward
2716,outward
2717,outward
2718,inward
2719,outward
2720,inward
2721,outward
2722,inward
2723,outward
2724,outward
2725,outward
2726,outward
2727,inward
2728,inward
2729,inward
2730,inward
2731,inward
2732,inward
2733,inward
2734,inward
2735,outward
2736,outward
2737,outward
2738,outward
2739,outward
2740,outward
2741,inward
2742,outward
2743,inward
2744,inward
2745,outward
2746,outward
2747,outward
2748,inward
2749,inward
2750,inward
2751,outward
2752,inward
2753,inward
2754,inward
2755,inward
2756,occluded
2757,inward
2758,inward
2759,inward
2760,outward
2761,outward
2762,inward
2763,inward
2764,inward
2765,outward
2766,outward
2767,inward
2768,outward
2769,inward
2770,outward
2771,outward
2772,inward
2773,inward
2774,outward
2775,outward
2776,inward
2777,outward
2778,outward
2779,outward
2780,outward
2781,inward
2782,outward
2783,inward
2784,outward
2785,inward
2786,outward
2787,outward
2788,inward
2789,outward
2790,outward
2791,outward
2792,outward
2793,outward
2794,inward
2795,outward
2796,outward
2797,inward
2798,outward
2799,inward
2800,inward
2801,inward
2802,inward
2803,inward
2804,outward
2805,outward
2806,outward
2807,inward
2808,inward
2809,outward
2810,outward
2811,outward
2812,outward
2813,outward
2814,outward
2815,occluded
2816,inward
2817,outward
2818,inward
2819,outward
2820,outward
2821,outward
2822,outward
2823,occluded
2824,inward
2825,inward
2826,inward
2827,outward
2828,outward
2829,outward
2830,outward
2831,outward
2832,inward
2833,inward
2834,inward
2835,inward
2836,outward
2837,outward
2838,occluded
2839,inward
2840,outward
2841,inward
2842,outward
2843,inward
2844,inward
2845,inward
2846,inward
2847,outward
2848,inward
2849,outward
2850,outward
2851,inward
2852,outward
2853,outward
2854,outward
2855,outward
2856,outward
2857,outward
2858,outward
2859,outward
2860,inward
2861,outward
2862,outward
2863,inward
2864,outward
2865,occluded
2866,outward
2867,inward
2868,outward
2869,inward
2870,outward
2871,outward
2872,inward
2873,outward
2874,inward
2875,outward
2876,inward
2877,outward
2878,inward
